$MeshFormat
2.2 0 8
$EndMeshFormat
$Nodes
5521
1 1.7999999999999999e-01 -2.2043642384652358e-17 0.0000000000000000e+00
2 1.7979616893818326e-01 8.5637395542052640e-03 0.0000000000000000e+00
3 1.7918518914486925e-01 1.7107541936743145e-02 0.0000000000000000e+00
4 1.7816832459308482e-01 2.5613436155525308e-02 0.0000000000000000e+00
5 1.7812499999999998e-01 -4.3628042219624457e-17 0.0000000000000000e+00
6 1.7674767871730793e-01 3.4062561090488774e-02 0.0000000000000000e+00
7 1.7492638470331298e-01 4.2435361841612021e-02 0.0000000000000000e+00
8 1.7792329217841049e-01 8.4745339338489351e-03 0.0000000000000000e+00
9 1.7731867675794352e-01 1.6929338374902056e-02 0.0000000000000000e+00
10 1.7631240454524011e-01 2.5346629528905231e-02 0.0000000000000000e+00
11 1.7624999999999996e-01 -4.3168799669944197e-17 0.0000000000000000e+00
12 1.7270875723469065e-01 5.0711785360492645e-02 0.0000000000000000e+00
13 1.7010017532570243e-01 5.8872152620447725e-02 0.0000000000000000e+00
14 1.7490655706400265e-01 3.3707742745796167e-02 0.0000000000000000e+00
15 1.7310423486265344e-01 4.1993326822428546e-02 0.0000000000000000e+00
16 1.6710629310458000e-01 6.6899079252604035e-02 0.0000000000000000e+00
17 1.6373378365464153e-01 7.4774648712882891e-02 0.0000000000000000e+00
18 1.5999039042825997e-01 8.2480755153023042e-02 0.0000000000000000e+00
19 1.5588462991933236e-01 8.9999900860571913e-02 0.0000000000000000e+00
20 1.7605041541863778e-01 8.3853283134926338e-03 0.0000000000000000e+00
21 1.7545216437101774e-01 1.6751134813060987e-02 0.0000000000000000e+00
22 1.7445648449739551e-01 2.5079822902285186e-02 0.0000000000000000e+00
23 1.5142568057733069e-01 9.7315277637646427e-02 0.0000000000000000e+00
24 1.4662367119218445e-01 1.0441024397120320e-01 0.0000000000000000e+00
25 1.4148957583758179e-01 1.1126859363405825e-01 0.0000000000000000e+00
26 1.3603494987527259e-01 1.1787490153731651e-01 0.0000000000000000e+00
27 1.3027213308553007e-01 1.2421421553649135e-01 0.0000000000000000e+00
28 1.2421421553649142e-01 1.3027213308553001e-01 0.0000000000000000e+00
29 1.1787490153731657e-01 1.3603494987527256e-01 0.0000000000000000e+00
30 1.1126859363405825e-01 1.4148957583758173e-01 0.0000000000000000e+00
31 1.0441024397120324e-01 1.4662367119218445e-01 0.0000000000000000e+00
32 9.7315277637646469e-02 1.5142568057733063e-01 0.0000000000000000e+00
33 8.9999900860571982e-02 1.5588462991933236e-01 0.0000000000000000e+00
34 8.2480755153023069e-02 1.5999039042825994e-01 0.0000000000000000e+00
35 7.4774648712882974e-02 1.6373378365464145e-01 0.0000000000000000e+00
36 1.7437499999999997e-01 -4.2709557120263938e-17 0.0000000000000000e+00
37 1.7090970768016261e-01 5.0183537596320826e-02 0.0000000000000000e+00
38 1.6832829849939304e-01 5.8258901030651386e-02 0.0000000000000000e+00
39 1.7306543541069733e-01 3.3352924401103580e-02 0.0000000000000000e+00
40 1.7128208502199394e-01 4.1551291803245093e-02 0.0000000000000000e+00
41 1.6536560255140725e-01 6.6202213843722740e-02 0.0000000000000000e+00
42 1.6202822340823894e-01 7.3995746122123660e-02 0.0000000000000000e+00
43 1.5832382386129887e-01 8.1621580620179046e-02 0.0000000000000000e+00
44 1.5426083169100596e-01 8.9062401893274273e-02 0.0000000000000000e+00
45 1.7417753865886501e-01 8.2961226931363308e-03 0.0000000000000000e+00
46 1.7358565198409209e-01 1.6572931251219912e-02 0.0000000000000000e+00
47 1.7260056444955091e-01 2.4813016275665133e-02 0.0000000000000000e+00
48 1.4984832973798351e-01 9.6301576828920946e-02 0.0000000000000000e+00
49 1.4509634128393253e-01 1.0332263726316980e-01 0.0000000000000000e+00
50 1.4001572608927365e-01 1.1010954578370348e-01 0.0000000000000000e+00
51 1.3461791914740520e-01 1.1664703797963612e-01 0.0000000000000000e+00
52 1.2891513169922247e-01 1.2292031745798618e-01 0.0000000000000000e+00
53 1.2292031745798630e-01 1.2891513169922239e-01 0.0000000000000000e+00
54 1.1664703797963619e-01 1.3461791914740515e-01 0.0000000000000000e+00
55 1.1010954578370348e-01 1.4001572608927360e-01 0.0000000000000000e+00
56 1.0332263726316988e-01 1.4509634128393248e-01 0.0000000000000000e+00
57 9.6301576828920987e-02 1.4984832973798340e-01 0.0000000000000000e+00
58 8.9062401893274343e-02 1.5426083169100596e-01 0.0000000000000000e+00
59 8.1621580620179060e-02 1.5832382386129884e-01 0.0000000000000000e+00
60 6.6899079252604077e-02 1.6710629310457997e-01 0.0000000000000000e+00
61 7.3995746122123784e-02 1.6202822340823889e-01 0.0000000000000000e+00
62 5.8872152620447787e-02 1.7010017532570237e-01 0.0000000000000000e+00
63 5.0711785360492728e-02 1.7270875723469065e-01 0.0000000000000000e+00
64 1.7249999999999999e-01 -4.2250314570583685e-17 0.0000000000000000e+00
65 1.6911065812563456e-01 4.9655289832149029e-02 0.0000000000000000e+00
66 1.6655642167308363e-01 5.7645649440855054e-02 0.0000000000000000e+00
67 1.7122431375739200e-01 3.2998106056411000e-02 0.0000000000000000e+00
68 1.6945993518133445e-01 4.1109256784061639e-02 0.0000000000000000e+00
69 1.6362491199823456e-01 6.5505348434841432e-02 0.0000000000000000e+00
70 1.6032266316183644e-01 7.3216843531364484e-02 0.0000000000000000e+00
71 1.5665725729433788e-01 8.0762406087335037e-02 0.0000000000000000e+00
72 1.5263703346267959e-01 8.8124902925976648e-02 0.0000000000000000e+00
73 1.7230466189909224e-01 8.2069170727800261e-03 0.0000000000000000e+00
74 1.7171913959716636e-01 1.6394727689378847e-02 0.0000000000000000e+00
75 1.7074464440170628e-01 2.4546209649045088e-02 0.0000000000000000e+00
76 1.4827097889863630e-01 9.5287876020195422e-02 0.0000000000000000e+00
77 1.4356901137568059e-01 1.0223503055513644e-01 0.0000000000000000e+00
78 1.3854187634096549e-01 1.0895049793334870e-01 0.0000000000000000e+00
79 1.3320088841953776e-01 1.1541917442195572e-01 0.0000000000000000e+00
80 1.2755813031291482e-01 1.2162641937948114e-01 0.0000000000000000e+00
81 1.2162641937948120e-01 1.2755813031291480e-01 0.0000000000000000e+00
82 1.1541917442195582e-01 1.3320088841953773e-01 0.0000000000000000e+00
83 1.0895049793334871e-01 1.3854187634096546e-01 0.0000000000000000e+00
84 1.0223503055513648e-01 1.4356901137568054e-01 0.0000000000000000e+00
85 9.5287876020195492e-02 1.4827097889863630e-01 0.0000000000000000e+00
86 8.8124902925976703e-02 1.5263703346267957e-01 0.0000000000000000e+00
87 8.0762406087335092e-02 1.5665725729433785e-01 0.0000000000000000e+00
88 6.6202213843722782e-02 1.6536560255140725e-01 0.0000000000000000e+00
89 7.3216843531364581e-02 1.6032266316183644e-01 0.0000000000000000e+00
90 5.8258901030651462e-02 1.6832829849939296e-01 0.0000000000000000e+00
91 4.2435361841612056e-02 1.7492638470331301e-01 0.0000000000000000e+00
92 5.0183537596320923e-02 1.7090970768016261e-01 0.0000000000000000e+00
93 3.4062561090488830e-02 1.7674767871730790e-01 0.0000000000000000e+00
94 2.5613436155525349e-02 1.7816832459308482e-01 0.0000000000000000e+00
95 1.7062499999999997e-01 -4.1791072020903425e-17 0.0000000000000000e+00
96 1.6731160857110655e-01 4.9127042067977258e-02 0.0000000000000000e+00
97 1.6478454484677418e-01 5.7032397851058736e-02 0.0000000000000000e+00
98 1.6938319210408670e-01 3.2643287711718406e-02 0.0000000000000000e+00
99 1.6763778534067492e-01 4.0667221764878185e-02 0.0000000000000000e+00
100 1.6188422144506190e-01 6.4808483025960165e-02 0.0000000000000000e+00
101 1.5861710291543396e-01 7.2437940940605322e-02 0.0000000000000000e+00
102 1.5499069072737678e-01 7.9903231554491055e-02 0.0000000000000000e+00
103 1.5101323523435323e-01 8.7187403958679036e-02 0.0000000000000000e+00
104 1.7043178513931956e-01 8.1177114524237232e-03 0.0000000000000000e+00
105 1.6985262721024061e-01 1.6216524127537778e-02 0.0000000000000000e+00
106 1.6888872435386160e-01 2.4279403022425036e-02 0.0000000000000000e+00
107 1.4669362805928907e-01 9.4274175211469954e-02 0.0000000000000000e+00
108 1.4204168146742871e-01 1.0114742384710310e-01 0.0000000000000000e+00
109 1.3706802659265738e-01 1.0779145008299396e-01 0.0000000000000000e+00
110 1.3178385769167031e-01 1.1419131086427536e-01 0.0000000000000000e+00
111 1.2620112892660726e-01 1.2033252130097598e-01 0.0000000000000000e+00
112 1.2033252130097606e-01 1.2620112892660720e-01 0.0000000000000000e+00
113 1.1419131086427541e-01 1.3178385769167028e-01 0.0000000000000000e+00
114 1.0779145008299397e-01 1.3706802659265727e-01 0.0000000000000000e+00
115 1.0114742384710310e-01 1.4204168146742871e-01 0.0000000000000000e+00
116 9.4274175211469996e-02 1.4669362805928904e-01 0.0000000000000000e+00
117 8.7187403958679077e-02 1.5101323523435320e-01 0.0000000000000000e+00
118 7.9903231554491083e-02 1.5499069072737681e-01 0.0000000000000000e+00
119 6.5505348434841501e-02 1.6362491199823456e-01 0.0000000000000000e+00
120 7.2437940940605378e-02 1.5861710291543391e-01 0.0000000000000000e+00
121 5.7645649440855103e-02 1.6655642167308352e-01 0.0000000000000000e+00
122 4.1993326822428616e-02 1.7310423486265347e-01 0.0000000000000000e+00
123 4.9655289832149126e-02 1.6911065812563456e-01 0.0000000000000000e+00
124 3.3707742745796257e-02 1.7490655706400257e-01 0.0000000000000000e+00
125 1.7107541936743190e-02 1.7918518914486922e-01 0.0000000000000000e+00
126 2.5346629528905304e-02 1.7631240454524016e-01 0.0000000000000000e+00
127 8.5637395542052727e-03 1.7979616893818326e-01 0.0000000000000000e+00
128 1.6874999999999998e-01 -4.1331829471223172e-17 0.0000000000000000e+00
129 1.6551255901657852e-01 4.8598794303805461e-02 0.0000000000000000e+00
130 1.6301266802046477e-01 5.6419146261262411e-02 0.0000000000000000e+00
131 1.6754207045078146e-01 3.2288469367025834e-02 0.0000000000000000e+00
132 1.6581563550001543e-01 4.0225186745694731e-02 0.0000000000000000e+00
133 1.6014353089188910e-01 6.4111617617078884e-02 0.0000000000000000e+00
134 1.5691154266903137e-01 7.1659038349846133e-02 0.0000000000000000e+00
135 1.5332412416041569e-01 7.9044057021647088e-02 0.0000000000000000e+00
136 1.4938943700602678e-01 8.6249904991381382e-02 0.0000000000000000e+00
137 1.6855890837954685e-01 8.0285058320674202e-03 0.0000000000000000e+00
138 1.6798611482331491e-01 1.6038320565696713e-02 0.0000000000000000e+00
139 1.6703280430601694e-01 2.4012596395804994e-02 0.0000000000000000e+00
140 1.4511627721994189e-01 9.3260474402744514e-02 0.0000000000000000e+00
141 1.4051435155917677e-01 1.0005981713906972e-01 0.0000000000000000e+00
142 1.3559417684434921e-01 1.0663240223263913e-01 0.0000000000000000e+00
143 1.3036682696380292e-01 1.1296344730659497e-01 0.0000000000000000e+00
144 1.2484412754029961e-01 1.1903862322247090e-01 0.0000000000000000e+00
145 1.1903862322247094e-01 1.2484412754029958e-01 0.0000000000000000e+00
146 1.1296344730659505e-01 1.3036682696380289e-01 0.0000000000000000e+00
147 1.0663240223263915e-01 1.3559417684434916e-01 0.0000000000000000e+00
148 1.0005981713906974e-01 1.4051435155917674e-01 0.0000000000000000e+00
149 9.3260474402744514e-02 1.4511627721994186e-01 0.0000000000000000e+00
150 8.6249904991381424e-02 1.4938943700602683e-01 0.0000000000000000e+00
151 7.9044057021647074e-02 1.5332412416041577e-01 0.0000000000000000e+00
152 6.4808483025960192e-02 1.6188422144506182e-01 0.0000000000000000e+00
153 7.1659038349846160e-02 1.5691154266903135e-01 0.0000000000000000e+00
154 5.7032397851058771e-02 1.6478454484677416e-01 0.0000000000000000e+00
155 4.1551291803245141e-02 1.7128208502199396e-01 0.0000000000000000e+00
156 4.9127042067977321e-02 1.6731160857110652e-01 0.0000000000000000e+00
157 3.3352924401103649e-02 1.7306543541069730e-01 0.0000000000000000e+00
158 1.6929338374902132e-02 1.7731867675794347e-01 0.0000000000000000e+00
159 2.5079822902285252e-02 1.7445648449739551e-01 0.0000000000000000e+00
160 8.4745339338489906e-03 1.7792329217841049e-01 0.0000000000000000e+00
161 2.7554552980815454e-17 1.7999999999999999e-01 0.0000000000000000e+00
162 1.6687499999999997e-01 -4.0872586921542912e-17 0.0000000000000000e+00
163 1.6371350946205043e-01 4.8070546539633670e-02 0.0000000000000000e+00
164 1.6124079119415533e-01 5.5805894671466086e-02 0.0000000000000000e+00
165 1.6570094879747616e-01 3.1933651022333254e-02 0.0000000000000000e+00
166 1.6399348565935593e-01 3.9783151726511271e-02 0.0000000000000000e+00
167 1.5840284033871641e-01 6.3414752208197617e-02 0.0000000000000000e+00
168 1.5520598242262890e-01 7.0880135759086929e-02 0.0000000000000000e+00
169 1.5165755759345470e-01 7.8184882488803092e-02 0.0000000000000000e+00
170 1.4776563877770041e-01 8.5312406024083770e-02 0.0000000000000000e+00
171 1.6668603161977405e-01 7.9393002117111137e-03 0.0000000000000000e+00
172 1.6611960243638915e-01 1.5860117003855641e-02 0.0000000000000000e+00
173 1.6517688425817231e-01 2.3745789769184931e-02 0.0000000000000000e+00
174 1.4353892638059465e-01 9.2246773594019005e-02 0.0000000000000000e+00
175 1.3898702165092486e-01 9.8972210431036392e-02 0.0000000000000000e+00
176 1.3412032709604105e-01 1.0547335438228439e-01 0.0000000000000000e+00
177 1.2894979623593544e-01 1.1173558374891461e-01 0.0000000000000000e+00
178 1.2348712615399200e-01 1.1774472514396578e-01 0.0000000000000000e+00
179 1.1774472514396578e-01 1.2348712615399202e-01 0.0000000000000000e+00
180 1.1173558374891464e-01 1.2894979623593544e-01 0.0000000000000000e+00
181 1.0547335438228438e-01 1.3412032709604105e-01 0.0000000000000000e+00
182 9.8972210431036350e-02 1.3898702165092486e-01 0.0000000000000000e+00
183 9.2246773594018991e-02 1.4353892638059468e-01 0.0000000000000000e+00
184 8.5312406024083798e-02 1.4776563877770046e-01 0.0000000000000000e+00
185 7.8184882488803092e-02 1.5165755759345470e-01 0.0000000000000000e+00
186 6.4111617617078884e-02 1.6014353089188912e-01 0.0000000000000000e+00
187 7.0880135759086943e-02 1.5520598242262890e-01 0.0000000000000000e+00
188 5.6419146261262425e-02 1.6301266802046477e-01 0.0000000000000000e+00
189 4.1109256784061687e-02 1.6945993518133445e-01 0.0000000000000000e+00
190 4.8598794303805502e-02 1.6551255901657855e-01 0.0000000000000000e+00
191 3.2998106056411063e-02 1.7122431375739200e-01 0.0000000000000000e+00
192 1.6751134813061050e-02 1.7545216437101771e-01 0.0000000000000000e+00
193 2.4813016275665192e-02 1.7260056444955091e-01 0.0000000000000000e+00
194 8.3853283134926859e-03 1.7605041541863778e-01 0.0000000000000000e+00
195 5.4535052774530576e-17 1.7812499999999998e-01 0.0000000000000000e+00
196 1.6500000000000001e-01 -2.0206672185931326e-17 0.0000000000000000e+00
197 1.6191445990752246e-01 4.7542298775461893e-02 0.0000000000000000e+00
198 1.5946891436784599e-01 5.5192643081669775e-02 0.0000000000000000e+00
199 1.6385982714417083e-01 3.1578832677640660e-02 0.0000000000000000e+00
200 1.6217133581869636e-01 3.9341116707327824e-02 0.0000000000000000e+00
201 1.5666214978554371e-01 6.2717886799316322e-02 0.0000000000000000e+00
202 1.5350042217622636e-01 7.0101233168327767e-02 0.0000000000000000e+00
203 1.4999099102649363e-01 7.7325707955959111e-02 0.0000000000000000e+00
204 1.4614184054937407e-01 8.4374907056786158e-02 0.0000000000000000e+00
205 1.6481315486000134e-01 7.8500945913548316e-03 0.0000000000000000e+00
206 1.6425309004946345e-01 1.5681913442014594e-02 0.0000000000000000e+00
207 1.6332096421032774e-01 2.3478983142564910e-02 0.0000000000000000e+00
208 1.4196157554124753e-01 9.1233072785293523e-02 0.0000000000000000e+00
209 1.3745969174267292e-01 9.7884603723003033e-02 0.0000000000000000e+00
210 1.3264647734773294e-01 1.0431430653192963e-01 0.0000000000000000e+00
211 1.2753276550806805e-01 1.1050772019123423e-01 0.0000000000000000e+00
212 1.2213012476768441e-01 1.1645082706546066e-01 0.0000000000000000e+00
213 1.1645082706546070e-01 1.2213012476768441e-01 0.0000000000000000e+00
214 1.1050772019123425e-01 1.2753276550806802e-01 0.0000000000000000e+00
215 1.0431430653192958e-01 1.3264647734773286e-01 0.0000000000000000e+00
216 9.7884603723003005e-02 1.3745969174267297e-01 0.0000000000000000e+00
217 9.1233072785293509e-02 1.4196157554124753e-01 0.0000000000000000e+00
218 8.4374907056786158e-02 1.4614184054937410e-01 0.0000000000000000e+00
219 7.7325707955959097e-02 1.4999099102649369e-01 0.0000000000000000e+00
220 6.3414752208197589e-02 1.5840284033871638e-01 0.0000000000000000e+00
221 7.0101233168327740e-02 1.5350042217622636e-01 0.0000000000000000e+00
222 5.5805894671466093e-02 1.6124079119415538e-01 0.0000000000000000e+00
223 4.0667221764878199e-02 1.6763778534067492e-01 0.0000000000000000e+00
224 4.8070546539633691e-02 1.6371350946205046e-01 0.0000000000000000e+00
225 3.2643287711718462e-02 1.6938319210408670e-01 0.0000000000000000e+00
226 1.6572931251219971e-02 1.7358565198409201e-01 0.0000000000000000e+00
227 2.4546209649045130e-02 1.7074464440170625e-01 0.0000000000000000e+00
228 8.2961226931363777e-03 1.7417753865886501e-01 0.0000000000000000e+00
229 5.3960999587430256e-17 1.7624999999999996e-01 0.0000000000000000e+00
230 1.6466651591748296e-01 0.0000000000000000e+00 0.0000000000000000e+00
231 1.6011541035299443e-01 4.7014051011290102e-02 0.0000000000000000e+00
232 1.5769703754153655e-01 5.4579391491873443e-02 0.0000000000000000e+00
233 1.6201870549086558e-01 3.1224014332948101e-02 0.0000000000000000e+00
234 1.6034918597803691e-01 3.8899081688144384e-02 0.0000000000000000e+00
235 1.5492145923237099e-01 6.2021021390435027e-02 0.0000000000000000e+00
236 1.5179486192982386e-01 6.9322330577568550e-02 0.0000000000000000e+00
237 1.4832442445953259e-01 7.6466533423115129e-02 0.0000000000000000e+00
238 1.4451804232104770e-01 8.3437408089488532e-02 0.0000000000000000e+00
239 1.6447927248232494e-01 7.8341919376218056e-03 0.0000000000000000e+00
240 1.6391907575387829e-01 1.5650023339401332e-02 0.0000000000000000e+00
241 1.5931273039428920e-01 5.0210127777977108e-03 0.0000000000000000e+00
242 1.6298758607995759e-01 2.3431056182870075e-02 0.0000000000000000e+00
243 1.4038422470190029e-01 9.0219371976568027e-02 0.0000000000000000e+00
244 1.3593236183442098e-01 9.6796997014969646e-02 0.0000000000000000e+00
245 1.3117262759942477e-01 1.0315525868157481e-01 0.0000000000000000e+00
246 1.2611573478020063e-01 1.0927985663355386e-01 0.0000000000000000e+00
247 1.2077312338137677e-01 1.1515692898695554e-01 0.0000000000000000e+00
248 1.1515692898695558e-01 1.2077312338137683e-01 0.0000000000000000e+00
249 1.0927985663355388e-01 1.2611573478020063e-01 0.0000000000000000e+00
250 1.0315525868157481e-01 1.3117262759942477e-01 0.0000000000000000e+00
251 9.6796997014969605e-02 1.3593236183442098e-01 0.0000000000000000e+00
252 9.0219371976568027e-02 1.4038422470190032e-01 0.0000000000000000e+00
253 8.3437408089488532e-02 1.4451804232104767e-01 0.0000000000000000e+00
254 7.6466533423115102e-02 1.4832442445953259e-01 0.0000000000000000e+00
255 6.2717886799316308e-02 1.5666214978554369e-01 0.0000000000000000e+00
256 6.9322330577568550e-02 1.5179486192982383e-01 0.0000000000000000e+00
257 5.5192643081669740e-02 1.5946891436784594e-01 0.0000000000000000e+00
258 4.0225186745694731e-02 1.6581563550001546e-01 0.0000000000000000e+00
259 4.7542298775461879e-02 1.6191445990752243e-01 0.0000000000000000e+00
260 3.2288469367025847e-02 1.6754207045078146e-01 0.0000000000000000e+00
261 1.6394727689378896e-02 1.7171913959716631e-01 0.0000000000000000e+00
262 2.4279403022425074e-02 1.6888872435386165e-01 0.0000000000000000e+00
263 8.2069170727800712e-03 1.7230466189909227e-01 0.0000000000000000e+00
264 5.3386946400329930e-17 1.7437499999999997e-01 0.0000000000000000e+00
265 1.5718042198113488e-01 0.0000000000000000e+00 0.0000000000000000e+00
266 1.5831636079846642e-01 4.6485803247118339e-02 0.0000000000000000e+00
267 1.5592516071522719e-01 5.3966139902077145e-02 0.0000000000000000e+00
268 1.6168595499885521e-01 3.1159886713215939e-02 0.0000000000000000e+00
269 1.6001779249265044e-01 3.8818689108443966e-02 0.0000000000000000e+00
270 1.5318076867919828e-01 6.1324155981553767e-02 0.0000000000000000e+00
271 1.5008930168342136e-01 6.8543427986809402e-02 0.0000000000000000e+00
272 1.4665785789257157e-01 7.5607358890271176e-02 0.0000000000000000e+00
273 1.4289424409272133e-01 8.2499909122190948e-02 0.0000000000000000e+00
274 1.5713230431672956e-01 1.9488049269030045e-02 0.0000000000000000e+00
275 1.5720290181751126e-01 1.1753446699847221e-02 0.0000000000000000e+00
276 1.5268756315592752e-01 5.5092991172353686e-03 0.0000000000000000e+00
277 1.5607687055686667e-01 2.6661087445554749e-02 0.0000000000000000e+00
278 1.3880687386255311e-01 8.9205671167842601e-02 0.0000000000000000e+00
279 1.3440503192616904e-01 9.5709390306936315e-02 0.0000000000000000e+00
280 1.2969877785111661e-01 1.0199621083122010e-01 0.0000000000000000e+00
281 1.2469870405233319e-01 1.0805199307587350e-01 0.0000000000000000e+00
282 1.1941612199506917e-01 1.1386303090845047e-01 0.0000000000000000e+00
283 1.1386303090845042e-01 1.1941612199506925e-01 0.0000000000000000e+00
284 1.0805199307587347e-01 1.2469870405233321e-01 0.0000000000000000e+00
285 1.0199621083122004e-01 1.2969877785111666e-01 0.0000000000000000e+00
286 9.5709390306936218e-02 1.3440503192616912e-01 0.0000000000000000e+00
287 8.9205671167842518e-02 1.3880687386255314e-01 0.0000000000000000e+00
288 8.2499909122190879e-02 1.4289424409272136e-01 0.0000000000000000e+00
289 7.5607358890271079e-02 1.4665785789257163e-01 0.0000000000000000e+00
290 6.2021021390434972e-02 1.5492145923237102e-01 0.0000000000000000e+00
291 6.8543427986809319e-02 1.5008930168342138e-01 0.0000000000000000e+00
292 5.4579391491873401e-02 1.5769703754153655e-01 0.0000000000000000e+00
293 3.9783151726511277e-02 1.6399348565935595e-01 0.0000000000000000e+00
294 4.7014051011290067e-02 1.6011541035299448e-01 0.0000000000000000e+00
295 3.1933651022333268e-02 1.6570094879747616e-01 0.0000000000000000e+00
296 1.6216524127537810e-02 1.6985262721024061e-01 0.0000000000000000e+00
297 2.4012596395805001e-02 1.6703280430601700e-01 0.0000000000000000e+00
298 8.1177114524237631e-03 1.7043178513931956e-01 0.0000000000000000e+00
299 5.2812893213229610e-17 1.7249999999999999e-01 0.0000000000000000e+00
300 1.4909970248095997e-01 0.0000000000000000e+00 0.0000000000000000e+00
301 1.5798731667812047e-01 4.6389187932686322e-02 0.0000000000000000e+00
302 1.5559957828833751e-01 5.3853454943391832e-02 0.0000000000000000e+00
303 1.5453951000165259e-01 3.3788952745213513e-02 0.0000000000000000e+00
304 1.5267193841837207e-01 4.0952676806068004e-02 0.0000000000000000e+00
305 1.5285975060514750e-01 6.1195639987300716e-02 0.0000000000000000e+00
306 1.4977388139656794e-01 6.8399380534822252e-02 0.0000000000000000e+00
307 1.4634899326831949e-01 7.5448128226602323e-02 0.0000000000000000e+00
308 1.4259282814306912e-01 8.2325886728213782e-02 0.0000000000000000e+00
309 1.5061927397249755e-01 2.2507541936556342e-02 0.0000000000000000e+00
310 1.5158263469893671e-01 1.6859742466249879e-02 0.0000000000000000e+00
311 1.4868430460669432e-01 1.0888020598681818e-02 0.0000000000000000e+00
312 1.4474313917201115e-01 5.7292430995866039e-03 0.0000000000000000e+00
313 1.4905011663594453e-01 2.9144940171003195e-02 0.0000000000000000e+00
314 1.3851374336349878e-01 8.9017287795620514e-02 0.0000000000000000e+00
315 1.3412097080434859e-01 9.5507111364623115e-02 0.0000000000000000e+00
316 1.2942451732455371e-01 1.0178053003142697e-01 0.0000000000000000e+00
317 1.2443492588424521e-01 1.0782342806930335e-01 0.0000000000000000e+00
318 1.1916346887136234e-01 1.1362212667473104e-01 0.0000000000000000e+00
319 1.1362211941720017e-01 1.1916346125988213e-01 0.0000000000000000e+00
320 1.0782342292223875e-01 1.2443491994421407e-01 0.0000000000000000e+00
321 1.0178056652078178e-01 1.2942456372455638e-01 0.0000000000000000e+00
322 9.5507235188055192e-02 1.3412114469008610e-01 0.0000000000000000e+00
323 8.9017533113891226e-02 1.3851412508650490e-01 0.0000000000000000e+00
324 8.2326248783386305e-02 1.4259345524169237e-01 0.0000000000000000e+00
325 7.5448518422906757e-02 1.4634975014411347e-01 0.0000000000000000e+00
326 6.1324155981553684e-02 1.5318076867919830e-01 0.0000000000000000e+00
327 6.8399586615919827e-02 1.4977433265174839e-01 0.0000000000000000e+00
328 5.3966139902077055e-02 1.5592516071522722e-01 0.0000000000000000e+00
329 3.9341116707327817e-02 1.6217133581869642e-01 0.0000000000000000e+00
330 4.6485803247118256e-02 1.5831636079846645e-01 0.0000000000000000e+00
331 3.1578832677640646e-02 1.6385982714417086e-01 0.0000000000000000e+00
332 1.6038320565696738e-02 1.6798611482331485e-01 0.0000000000000000e+00
333 2.3745789769184941e-02 1.6517688425817234e-01 0.0000000000000000e+00
334 8.0285058320674584e-03 1.6855890837954679e-01 0.0000000000000000e+00
335 5.2238840026129291e-17 1.7062499999999997e-01 0.0000000000000000e+00
336 1.4072103060397201e-01 0.0000000000000000e+00 0.0000000000000000e+00
337 1.5048884236524229e-01 4.8087631708027233e-02 0.0000000000000000e+00
338 1.4799786031641413e-01 5.5169595152151973e-02 0.0000000000000000e+00
339 1.4728948684896942e-01 3.5848393758366452e-02 0.0000000000000000e+00
340 1.4525182650879478e-01 4.2602507022620924e-02 0.0000000000000000e+00
341 1.4519223958867389e-01 6.2145232778768121e-02 0.0000000000000000e+00
342 1.4206651831354930e-01 6.8976399058609597e-02 0.0000000000000000e+00
343 1.3862255103052312e-01 7.5645944561522405e-02 0.0000000000000000e+00
344 1.3486455039385004e-01 8.2144883759856485e-02 0.0000000000000000e+00
345 1.4363471952606938e-01 2.4778067029029106e-02 0.0000000000000000e+00
346 1.4533871963302830e-01 1.7956661019317054e-02 0.0000000000000000e+00
347 1.4072354244923549e-01 1.2455604928960836e-02 0.0000000000000000e+00
348 1.3667192506513196e-01 6.4258180947127565e-03 0.0000000000000000e+00
349 1.4202048972357031e-01 3.1161993196130663e-02 0.0000000000000000e+00
350 1.3789891933822404e-01 2.7431166744020793e-02 0.0000000000000000e+00
351 1.3080069933120128e-01 8.8462437878334244e-02 0.0000000000000000e+00
352 1.2644081905457485e-01 9.4583904362024684e-02 0.0000000000000000e+00
353 1.2179452271181093e-01 1.0049403965919219e-01 0.0000000000000000e+00
354 1.1687176640061930e-01 1.0617861319507806e-01 0.0000000000000000e+00
355 1.1168347666024760e-01 1.1162339494477622e-01 0.0000000000000000e+00
356 1.0624147797482376e-01 1.1681470703803529e-01 0.0000000000000000e+00
357 1.0055890036661579e-01 1.2174111881993932e-01 0.0000000000000000e+00
358 9.4650291402468209e-02 1.2639237694882718e-01 0.0000000000000000e+00
359 8.8530374688516655e-02 1.3075899087012638e-01 0.0000000000000000e+00
360 8.2213330695414213e-02 1.3483264036570083e-01 0.0000000000000000e+00
361 7.5713114585771443e-02 1.3860508800002519e-01 0.0000000000000000e+00
362 6.9044039350874498e-02 1.4206823600286891e-01 0.0000000000000000e+00
363 6.1195369911225712e-02 1.5285907598638179e-01 0.0000000000000000e+00
364 6.2223277744098408e-02 1.4521419773436411e-01 0.0000000000000000e+00
365 5.3852430095113028e-02 1.5559661717805567e-01 0.0000000000000000e+00
366 3.8899081688144328e-02 1.6034918597803693e-01 0.0000000000000000e+00
367 4.6387439770985861e-02 1.5798136293949941e-01 0.0000000000000000e+00
368 3.1224014332948045e-02 1.6201870549086558e-01 0.0000000000000000e+00
369 1.5860117003855655e-02 1.6611960243638912e-01 0.0000000000000000e+00
370 2.3478983142564868e-02 1.6332096421032774e-01 0.0000000000000000e+00
371 7.9393002117111519e-03 1.6668603161977402e-01 0.0000000000000000e+00
372 5.1664786839028971e-17 1.6874999999999998e-01 0.0000000000000000e+00
373 1.3233387634359978e-01 0.0000000000000000e+00 0.0000000000000000e+00
374 1.4296711791536432e-01 4.9405069967593057e-02 0.0000000000000000e+00
375 1.4041950990107244e-01 5.6159013848298613e-02 0.0000000000000000e+00
376 1.4010618097172284e-01 3.7407490134312930e-02 0.0000000000000000e+00
377 1.3788597689833365e-01 4.3881547824245748e-02 0.0000000000000000e+00
378 1.3756440342677909e-01 6.2769915434481807e-02 0.0000000000000000e+00
379 1.3440868414699511e-01 6.9215439684957664e-02 0.0000000000000000e+00
380 1.3095173824179937e-01 7.5501509467403763e-02 0.0000000000000000e+00
381 1.2720180631825156e-01 8.1625612524780539e-02 0.0000000000000000e+00
382 1.3686526079965075e-01 2.0463400566736206e-02 0.0000000000000000e+00
383 1.2826945139803456e-01 6.5136482466733522e-03 0.0000000000000000e+00
384 1.3245886169962967e-01 1.3161486212364246e-02 0.0000000000000000e+00
385 1.3549835025093288e-01 3.2482251060105584e-02 0.0000000000000000e+00
386 1.3188809034356025e-01 2.6611715858971340e-02 0.0000000000000000e+00
387 1.2316845486217008e-01 8.7574164950072350e-02 0.0000000000000000e+00
388 1.1885853281619486e-01 9.3331318747413475e-02 0.0000000000000000e+00
389 1.1427852353342090e-01 9.8882149922780119e-02 0.0000000000000000e+00
390 1.0943566380783079e-01 1.0421182296719186e-01 0.0000000000000000e+00
391 1.0434032134467620e-01 1.0930676415275269e-01 0.0000000000000000e+00
392 8.7700226388767885e-02 1.2307603939281853e-01 0.0000000000000000e+00
393 9.9007623906344266e-02 1.1415571731316958e-01 0.0000000000000000e+00
394 9.3455422783853062e-02 1.1874865280670936e-01 0.0000000000000000e+00
395 8.1755071975246729e-02 1.2713063087751153e-01 0.0000000000000000e+00
396 7.5631256033842506e-02 1.3090707139342600e-01 0.0000000000000000e+00
397 6.9341359679921555e-02 1.3439904291119517e-01 0.0000000000000000e+00
398 6.2901641281461543e-02 1.3759873464372349e-01 0.0000000000000000e+00
399 5.5267315594737944e-02 1.4801854899184691e-01 0.0000000000000000e+00
400 5.6332278151515078e-02 1.4048783966508774e-01 0.0000000000000000e+00
401 4.8195140555330820e-02 1.5045946812307284e-01 0.0000000000000000e+00
402 3.8816982691199479e-02 1.6001075831660760e-01 0.0000000000000000e+00
403 4.1020709100736984e-02 1.5251622223665895e-01 0.0000000000000000e+00
404 3.1159589636145624e-02 1.6168441350173265e-01 0.0000000000000000e+00
405 1.5681913442014552e-02 1.6425309004946345e-01 0.0000000000000000e+00
406 2.3432587772775935e-02 1.6299823976178041e-01 0.0000000000000000e+00
407 7.8500945913548229e-03 1.6481315486000134e-01 0.0000000000000000e+00
408 5.1090733651928651e-17 1.6687499999999997e-01 0.0000000000000000e+00
409 1.2009965089228436e-01 6.2985435397388649e-03 0.0000000000000000e+00
410 1.2395302997871194e-01 0.0000000000000000e+00 0.0000000000000000e+00
411 1.3564917652588185e-01 5.0490949358706787e-02 0.0000000000000000e+00
412 1.3301728284689546e-01 5.6919611363055192e-02 0.0000000000000000e+00
413 1.3264171890776300e-01 3.8394330850115233e-02 0.0000000000000000e+00
414 1.3067942701710297e-01 4.4982954375990661e-02 0.0000000000000000e+00
415 1.3012258102989482e-01 6.3128342642078339e-02 0.0000000000000000e+00
416 1.2693861433644282e-01 6.9178240074586922e-02 0.0000000000000000e+00
417 1.1974701110167782e-01 8.0852585256136464e-02 0.0000000000000000e+00
418 1.2347353942871862e-01 7.5091396556192611e-02 0.0000000000000000e+00
419 1.2812309413714387e-01 1.9929438820388029e-02 0.0000000000000000e+00
420 1.2409989634858141e-01 1.3181006616714319e-02 0.0000000000000000e+00
421 1.2834937221365653e-01 3.2620344511437804e-02 0.0000000000000000e+00
422 1.2459354532175339e-01 2.6743693451139642e-02 0.0000000000000000e+00
423 1.1622736632402648e-01 1.2326728618022248e-02 0.0000000000000000e+00
424 1.1576078708819615e-01 8.6441266851065596e-02 0.0000000000000000e+00
425 1.1151507382627801e-01 9.1841581474699452e-02 0.0000000000000000e+00
426 1.0700963106383672e-01 9.7040226651169778e-02 0.0000000000000000e+00
427 1.0224752244332583e-01 1.0202516297877061e-01 0.0000000000000000e+00
428 9.7245213171403638e-02 1.0678432990126872e-01 0.0000000000000000e+00
429 8.1036798286815231e-02 1.1961496119482762e-01 0.0000000000000000e+00
430 8.6618901652153774e-02 1.1558817957559407e-01 0.0000000000000000e+00
431 9.2027361147728123e-02 1.1130809338706486e-01 0.0000000000000000e+00
432 7.5286174475149653e-02 1.2338665166079918e-01 0.0000000000000000e+00
433 6.9370106806785209e-02 1.2690108162088076e-01 0.0000000000000000e+00
434 6.3303180994266989e-02 1.3015098700422481e-01 0.0000000000000000e+00
435 5.7108056819626239e-02 1.3313699822896369e-01 0.0000000000000000e+00
436 4.9648433129683658e-02 1.4302582608992473e-01 0.0000000000000000e+00
437 5.0816762035491861e-02 1.3582393868697695e-01 0.0000000000000000e+00
438 4.2863348447446277e-02 1.4516097067376962e-01 0.0000000000000000e+00
439 3.3754378002534328e-02 1.5421159373920471e-01 0.0000000000000000e+00
440 3.5992371814159145e-02 1.4682808375958420e-01 0.0000000000000000e+00
441 2.6380583639059190e-02 1.5553624276777450e-01 0.0000000000000000e+00
442 1.5652108760933734e-02 1.6394091828642213e-01 0.0000000000000000e+00
443 1.9347266166581067e-02 1.5667949026364578e-01 0.0000000000000000e+00
444 7.8354714839846702e-03 1.6450613705405970e-01 0.0000000000000000e+00
445 2.5258340232414169e-17 1.6500000000000001e-01 0.0000000000000000e+00
446 1.0893627361883704e-01 1.0992377037168139e-02 0.0000000000000000e+00
447 1.1270530610594785e-01 5.7557677204628675e-03 0.0000000000000000e+00
448 1.1601366850633064e-01 0.0000000000000000e+00 0.0000000000000000e+00
449 1.2846429690838029e-01 5.1484295384321963e-02 0.0000000000000000e+00
450 1.2582125673913844e-01 5.7443004553625790e-02 0.0000000000000000e+00
451 1.2414369237099657e-01 4.6710384018315974e-02 0.0000000000000000e+00
452 1.2454601775350889e-01 3.9553669701208313e-02 0.0000000000000000e+00
453 1.2290588718018727e-01 6.3202251621537003e-02 0.0000000000000000e+00
454 1.1255131167832171e-01 7.9854275362609417e-02 0.0000000000000000e+00
455 1.1967688563963221e-01 6.8881087457672616e-02 0.0000000000000000e+00
456 1.1622570927986094e-01 7.4443936940606262e-02 0.0000000000000000e+00
457 1.1943669371303367e-01 2.0676226990186231e-02 0.0000000000000000e+00
458 1.2126827101328184e-01 3.2978112159962526e-02 0.0000000000000000e+00
459 1.1851971471002122e-01 2.7974631670293952e-02 0.0000000000000000e+00
460 1.1137281853371944e-01 1.7900634769477224e-02 0.0000000000000000e+00
461 1.0474484283840049e-01 1.5614318941757648e-02 0.0000000000000000e+00
462 1.0862752611582925e-01 8.5090780159860269e-02 0.0000000000000000e+00
463 1.0446064582266967e-01 9.0140079688788677e-02 0.0000000000000000e+00
464 1.0561974382752991e-01 7.8651642292287993e-02 0.0000000000000000e+00
465 1.0002425171168720e-01 9.4995647209571918e-02 0.0000000000000000e+00
466 9.5328678578051093e-02 9.9649639984486824e-02 0.0000000000000000e+00
467 7.4702355294857234e-02 1.1606547778924882e-01 0.0000000000000000e+00
468 9.0406760704119807e-02 1.0408575683395797e-01 0.0000000000000000e+00
469 8.0074102303856351e-02 1.1231095855812789e-01 0.0000000000000000e+00
470 8.5309607644242502e-02 1.0830906814272391e-01 0.0000000000000000e+00
471 6.9163986000768660e-02 1.1959725282957363e-01 0.0000000000000000e+00
472 6.3457308295674461e-02 1.2288500582132628e-01 0.0000000000000000e+00
473 5.7617065298388295e-02 1.2592584263879461e-01 0.0000000000000000e+00
474 5.1671808938551091e-02 1.2879852175817205e-01 0.0000000000000000e+00
475 4.4392219112128907e-02 1.3809250609982887e-01 0.0000000000000000e+00
476 4.5745453339129306e-02 1.3137906343971442e-01 0.0000000000000000e+00
477 3.7906282204786146e-02 1.3994867182510090e-01 0.0000000000000000e+00
478 2.9060829750649719e-02 1.4825594555357374e-01 0.0000000000000000e+00
479 3.1758630444601740e-02 1.4138596718924623e-01 0.0000000000000000e+00
480 2.1457214484116797e-02 1.4896247975976415e-01 0.0000000000000000e+00
481 1.1636786522201759e-02 1.5805841540823498e-01 0.0000000000000000e+00
482 1.4701124705506597e-02 1.5153157266666140e-01 0.0000000000000000e+00
483 5.4582982201614666e-03 1.5952135469486137e-01 0.0000000000000000e+00
484 0.0000000000000000e+00 1.6469263414009394e-01 0.0000000000000000e+00
485 1.0272079545541817e-01 9.6022470489062102e-03 0.0000000000000000e+00
486 1.0605584505246300e-01 5.0992748325835030e-03 0.0000000000000000e+00
487 1.0895834090040199e-01 0.0000000000000000e+00 0.0000000000000000e+00
488 9.9043421275944135e-02 1.3414715495861339e-02 0.0000000000000000e+00
489 1.2145855810487638e-01 5.2349238447611371e-02 0.0000000000000000e+00
490 1.1893773200906474e-01 5.7563508152118782e-02 0.0000000000000000e+00
491 1.1963878319547469e-01 4.3609757138066640e-02 0.0000000000000000e+00
492 1.1892373390778872e-01 4.8158593309939761e-02 0.0000000000000000e+00
493 1.1718915358788212e-01 3.8622219916379666e-02 0.0000000000000000e+00
494 1.1591365213177639e-01 6.3006155804091163e-02 0.0000000000000000e+00
495 1.0929888118811101e-01 7.3605746176565248e-02 0.0000000000000000e+00
496 1.1257705072585714e-01 6.8343616247183145e-02 0.0000000000000000e+00
497 1.1267800060744217e-01 2.5187381613432504e-02 0.0000000000000000e+00
498 1.1441182249286889e-01 3.2354113709315804e-02 0.0000000000000000e+00
499 1.0009966006251858e-01 1.9288370771356384e-02 0.0000000000000000e+00
500 1.0621373410057676e-01 2.2606775416296545e-02 0.0000000000000000e+00
501 1.0182982091064599e-01 8.3554455207780307e-02 0.0000000000000000e+00
502 9.7720212040480245e-02 8.8223219586728532e-02 0.0000000000000000e+00
503 1.0270856338963695e-01 7.2533169317538199e-02 0.0000000000000000e+00
504 9.9163067979792227e-02 7.6981717524857315e-02 0.0000000000000000e+00
505 9.3336643884872852e-02 9.2806732664309513e-02 0.0000000000000000e+00
506 8.8649422197592351e-02 9.7098431895665568e-02 0.0000000000000000e+00
507 6.8763371246625654e-02 1.1244329217901290e-01 0.0000000000000000e+00
508 7.3863469013578556e-02 1.0899501842024392e-01 0.0000000000000000e+00
509 8.3791819623742547e-02 1.0123392510041673e-01 0.0000000000000000e+00
510 7.8856637249496611e-02 1.0521028757308659e-01 0.0000000000000000e+00
511 6.3400259180721646e-02 1.1587494992941955e-01 0.0000000000000000e+00
512 5.7886392678068319e-02 1.1883290315338620e-01 0.0000000000000000e+00
513 5.2272318444807918e-02 1.2173752478546679e-01 0.0000000000000000e+00
514 4.6468745691821543e-02 1.2476376152113568e-01 0.0000000000000000e+00
515 3.9371617509161863e-02 1.3320621737589228e-01 0.0000000000000000e+00
516 4.1750013510276178e-02 1.2758510038878373e-01 0.0000000000000000e+00
517 3.3100811208210110e-02 1.3482230403329665e-01 0.0000000000000000e+00
518 2.5107183130264200e-02 1.4238530685653697e-01 0.0000000000000000e+00
519 2.7653672481520689e-02 1.3703806784297237e-01 0.0000000000000000e+00
520 1.6195737598061914e-02 1.4604833499670544e-01 0.0000000000000000e+00
521 1.9529447090200984e-02 1.4271899768258794e-01 0.0000000000000000e+00
522 1.1551495844920436e-02 1.4659034670808729e-01 0.0000000000000000e+00
523 6.8137354336058106e-03 1.5169965190542861e-01 0.0000000000000000e+00
524 0.0000000000000000e+00 1.5674399860905136e-01 0.0000000000000000e+00
525 9.4094266909976451e-02 1.1472755692586477e-02 0.0000000000000000e+00
526 9.7314950442735651e-02 8.2131341699610595e-03 0.0000000000000000e+00
527 1.0025675425834668e-01 4.4096073904307063e-03 0.0000000000000000e+00
528 1.0281031038055112e-01 0.0000000000000000e+00 0.0000000000000000e+00
529 9.5286011946615512e-02 1.6297466350600261e-02 0.0000000000000000e+00
530 9.0663936402854986e-02 1.3816355793245427e-02 0.0000000000000000e+00
531 8.7663126453904852e-02 1.2250593646636625e-02 0.0000000000000000e+00
532 1.1518989417966422e-01 5.2052594549564436e-02 0.0000000000000000e+00
533 1.1224074185291526e-01 5.7257665479706378e-02 0.0000000000000000e+00
534 1.1356920387863510e-01 4.5080719376557270e-02 0.0000000000000000e+00
535 1.1044001739051305e-01 3.8042141515471792e-02 0.0000000000000000e+00
536 1.0908267844641288e-01 6.2832553818002623e-02 0.0000000000000000e+00
537 1.0606105200973917e-01 6.7647004439781583e-02 0.0000000000000000e+00
538 1.0678758557559535e-01 5.7743565870552065e-02 0.0000000000000000e+00
539 9.4957624205979557e-02 2.2510098262419776e-02 0.0000000000000000e+00
540 1.0736722487626697e-01 3.0993733831626027e-02 0.0000000000000000e+00
541 1.0064327572755413e-01 2.6388388399332947e-02 0.0000000000000000e+00
542 1.0050358249626302e-01 6.7228507396833337e-02 0.0000000000000000e+00
543 9.1431891439766322e-02 2.6070904050915583e-02 0.0000000000000000e+00
544 9.5348945811535440e-02 8.1812774093171073e-02 0.0000000000000000e+00
545 9.1318510794918706e-02 8.6020109400373496e-02 0.0000000000000000e+00
546 9.3628545128153259e-02 7.6077030855765088e-02 0.0000000000000000e+00
547 9.6021189670101093e-02 7.0487234740337273e-02 0.0000000000000000e+00
548 8.6854485365841283e-02 9.0419546630317579e-02 0.0000000000000000e+00
549 8.2139704654592000e-02 9.4339659715945670e-02 0.0000000000000000e+00
550 6.3477673969306911e-02 1.0887728037173092e-01 0.0000000000000000e+00
551 6.8049802440237964e-02 1.0585672132987584e-01 0.0000000000000000e+00
552 7.2732436200431114e-02 1.0208042569662715e-01 0.0000000000000000e+00
553 7.7345042646390569e-02 9.8300334204058121e-02 0.0000000000000000e+00
554 5.8063829984241311e-02 1.1215558091488351e-01 0.0000000000000000e+00
555 5.8849188776109208e-02 1.0665631246536575e-01 0.0000000000000000e+00
556 5.2507397466583977e-02 1.1441750726730818e-01 0.0000000000000000e+00
557 4.6526337737210960e-02 1.1718034531114882e-01 0.0000000000000000e+00
558 4.0605262779925461e-02 1.2126692095553272e-01 0.0000000000000000e+00
559 3.4834205173291416e-02 1.2678973731865795e-01 0.0000000000000000e+00
560 2.7080459435898822e-02 1.3056516264791002e-01 0.0000000000000000e+00
561 2.0963481789124806e-02 1.3587584677966524e-01 0.0000000000000000e+00
562 1.3568471940557904e-02 1.4021732598800785e-01 0.0000000000000000e+00
563 6.4425800416067353e-03 1.4361433329389872e-01 0.0000000000000000e+00
564 0.0000000000000000e+00 1.4820308166607871e-01 0.0000000000000000e+00
565 8.9799862468035910e-02 9.9643626323943479e-03 0.0000000000000000e+00
566 9.2454052559761288e-02 7.1558371119777005e-03 0.0000000000000000e+00
567 9.5141034285079959e-02 3.8457135054849037e-03 0.0000000000000000e+00
568 9.7453567142304659e-02 0.0000000000000000e+00 0.0000000000000000e+00
569 8.5805822291688441e-02 9.3584105204019916e-03 0.0000000000000000e+00
570 9.0906656240163308e-02 1.8019580301763920e-02 0.0000000000000000e+00
571 8.9465400209248799e-02 2.2312581501236325e-02 0.0000000000000000e+00
572 8.2855289448329247e-02 1.0073076431152052e-02 0.0000000000000000e+00
573 8.7194563312445753e-02 1.5100987445655930e-02 0.0000000000000000e+00
574 8.4728669927967765e-02 1.2482169010169701e-02 0.0000000000000000e+00
575 8.7945892434364098e-02 2.6244174287081586e-02 0.0000000000000000e+00
576 1.0439121533227946e-01 3.7567480866179274e-02 0.0000000000000000e+00
577 1.0789496206424325e-01 5.1442842697943497e-02 0.0000000000000000e+00
578 1.0571257840947679e-01 4.3633204048396490e-02 0.0000000000000000e+00
579 1.0223599541094010e-01 6.1750507013024307e-02 0.0000000000000000e+00
580 1.0248355010346530e-01 5.5434260344083497e-02 0.0000000000000000e+00
581 9.5583463874041347e-02 2.8708271917262086e-02 0.0000000000000000e+00
582 1.0003691745672584e-01 3.3298987332772916e-02 0.0000000000000000e+00
583 9.6054047619231586e-02 6.3432586879742001e-02 0.0000000000000000e+00
584 9.0063228072742432e-02 3.0311260163941225e-02 0.0000000000000000e+00
585 8.6513467039861722e-02 2.9619916496529924e-02 0.0000000000000000e+00
586 8.5724456626155618e-02 8.4342372958510908e-02 0.0000000000000000e+00
587 8.8767957129445865e-02 7.8944742335630008e-02 0.0000000000000000e+00
588 8.9514070422534356e-02 7.1814232702957642e-02 0.0000000000000000e+00
589 9.0576450655096175e-02 6.5343398504667319e-02 0.0000000000000000e+00
590 7.9900081217816513e-02 8.6815084625590261e-02 0.0000000000000000e+00
591 7.6286686887229199e-02 9.2156324896209521e-02 0.0000000000000000e+00
592 6.2409060063560513e-02 1.0259568676163786e-01 0.0000000000000000e+00
593 6.7052804147924999e-02 1.0014862455000244e-01 0.0000000000000000e+00
594 7.0261444121574881e-02 9.4779337821575091e-02 0.0000000000000000e+00
595 5.3467467878404708e-02 1.0736893247573265e-01 0.0000000000000000e+00
596 5.6491167106395977e-02 1.0126025459023273e-01 0.0000000000000000e+00
597 4.6828038076770682e-02 1.0922975696323117e-01 0.0000000000000000e+00
598 4.0425223957738815e-02 1.1330334463259124e-01 0.0000000000000000e+00
599 3.3627050609213865e-02 1.1797923656087902e-01 0.0000000000000000e+00
600 2.7194172020056785e-02 1.2234676664592475e-01 0.0000000000000000e+00
601 2.0151468070279368e-02 1.2695301120874722e-01 0.0000000000000000e+00
602 1.3576097588618731e-02 1.3127216368714814e-01 0.0000000000000000e+00
603 6.7195498503582664e-03 1.3539536006076416e-01 0.0000000000000000e+00
604 0.0000000000000000e+00 1.3957958236528356e-01 0.0000000000000000e+00
605 8.7905346886147193e-02 6.2719205930797601e-03 0.0000000000000000e+00
606 9.0576260460337732e-02 3.3099193206804715e-03 0.0000000000000000e+00
607 9.2786263287562357e-02 0.0000000000000000e+00 0.0000000000000000e+00
608 8.5016534921505765e-02 6.7349293173807785e-03 0.0000000000000000e+00
609 8.5330210807073870e-02 4.9491762597242001e-03 0.0000000000000000e+00
610 8.2816490499897005e-02 7.7777489210459193e-03 0.0000000000000000e+00
611 8.0289623908042729e-02 8.7271194758840043e-03 0.0000000000000000e+00
612 8.6648513716445510e-02 1.8768949954049628e-02 0.0000000000000000e+00
613 8.5563940143218442e-02 2.2379714873538119e-02 0.0000000000000000e+00
614 7.8487887455885696e-02 1.0166256309790764e-02 0.0000000000000000e+00
615 8.1286013716070554e-02 1.2039956902891910e-02 0.0000000000000000e+00
616 8.3642080070455579e-02 1.5545565393068235e-02 0.0000000000000000e+00
617 8.3364939647281283e-02 2.6113312731661651e-02 0.0000000000000000e+00
618 9.9089250663448647e-02 4.0501727739620880e-02 0.0000000000000000e+00
619 9.9286053086278830e-02 4.8894635329014356e-02 0.0000000000000000e+00
620 9.6756785615427110e-02 5.6606405175635872e-02 0.0000000000000000e+00
621 9.3031978288991332e-02 3.5638915876779913e-02 0.0000000000000000e+00
622 9.1012484483873876e-02 5.8581774326668161e-02 0.0000000000000000e+00
623 8.3197148975077503e-02 3.1363363209781704e-02 0.0000000000000000e+00
624 8.6823853253423899e-02 3.4053519944026361e-02 0.0000000000000000e+00
625 8.1975747256088416e-02 7.9441198185632639e-02 0.0000000000000000e+00
626 8.3865575832573799e-02 7.3105380546945542e-02 0.0000000000000000e+00
627 8.4769793707773849e-02 6.6465599444822734e-02 0.0000000000000000e+00
628 8.6257701655378397e-02 6.1098302119903761e-02 0.0000000000000000e+00
629 7.5633799236042090e-02 7.9813624441451236e-02 0.0000000000000000e+00
630 7.1569632114706877e-02 8.6192995377075560e-02 0.0000000000000000e+00
631 6.1799424202069360e-02 9.5424728718980820e-02 0.0000000000000000e+00
632 6.5044082652272045e-02 8.9151931308072016e-02 0.0000000000000000e+00
633 5.4377677838849038e-02 9.5488571698353189e-02 0.0000000000000000e+00
634 4.8801306628461612e-02 1.0093154356863690e-01 0.0000000000000000e+00
635 4.0919223214376139e-02 1.0492827196599751e-01 0.0000000000000000e+00
636 3.3954571131742439e-02 1.0927810752555871e-01 0.0000000000000000e+00
637 2.7147079663310304e-02 1.1369351507274722e-01 0.0000000000000000e+00
638 2.0318039879617781e-02 1.1810002320766624e-01 0.0000000000000000e+00
639 1.3325068911516722e-02 1.2245004764490308e-01 0.0000000000000000e+00
640 6.7285449698752898e-03 1.2674139044080127e-01 0.0000000000000000e+00
641 0.0000000000000000e+00 1.3095087741002195e-01 0.0000000000000000e+00
642 8.6561615423944568e-02 2.8585998107152951e-03 0.0000000000000000e+00
643 8.8719666864730859e-02 0.0000000000000000e+00 0.0000000000000000e+00
644 8.3052185415845525e-02 5.3112368044234519e-03 0.0000000000000000e+00
645 8.4101983001422048e-02 3.6872512725724242e-03 0.0000000000000000e+00
646 7.9656854249492370e-02 5.6568542494923784e-03 0.0000000000000000e+00
647 7.6348054531784476e-02 9.9396931737631648e-03 0.0000000000000000e+00
648 7.7061460806325019e-02 7.3910390156821546e-03 0.0000000000000000e+00
649 8.3118442323141042e-02 1.9255270209035249e-02 0.0000000000000000e+00
650 8.2430420505484325e-02 2.2207112199952167e-02 0.0000000000000000e+00
651 7.7454284317205718e-02 1.2733472980732593e-02 0.0000000000000000e+00
652 8.0244366284673144e-02 1.5952095878504852e-02 0.0000000000000000e+00
653 7.4569967657567626e-02 1.1257105378156993e-02 0.0000000000000000e+00
654 8.0205662863335220e-02 2.4019200402673659e-02 0.0000000000000000e+00
655 7.9639555078664492e-02 2.7695652538893101e-02 0.0000000000000000e+00
656 7.9055710256983561e-02 3.1476821140962015e-02 0.0000000000000000e+00
657 9.2205309871224647e-02 4.3615112121643609e-02 0.0000000000000000e+00
658 9.1224174937904620e-02 5.0734544997623469e-02 0.0000000000000000e+00
659 8.7240916355195666e-02 3.9199149256164210e-02 0.0000000000000000e+00
660 8.5120955959202771e-02 5.4251422452181376e-02 0.0000000000000000e+00
661 8.0971072831218405e-02 3.7024719197759098e-02 0.0000000000000000e+00
662 7.8017859336259598e-02 7.3608364357428360e-02 0.0000000000000000e+00
663 8.0148027143340711e-02 6.8358146255201854e-02 0.0000000000000000e+00
664 7.9808823470945270e-02 6.0849315871179213e-02 0.0000000000000000e+00
665 7.0056390018669062e-02 7.9091878888907785e-02 0.0000000000000000e+00
666 7.2283085472712172e-02 7.3732225214072911e-02 0.0000000000000000e+00
667 6.3872736099553462e-02 8.1513826254333940e-02 0.0000000000000000e+00
668 5.6506167836999792e-02 8.7903599343843244e-02 0.0000000000000000e+00
669 4.8290323420318491e-02 9.1922732270072180e-02 0.0000000000000000e+00
670 4.1313052983283881e-02 9.6398800698519860e-02 0.0000000000000000e+00
671 3.4281584300125414e-02 1.0071519148500579e-01 0.0000000000000000e+00
672 2.7325615789372235e-02 1.0504788493385302e-01 0.0000000000000000e+00
673 2.0452044017373130e-02 1.0940672298684546e-01 0.0000000000000000e+00
674 1.3618316638589437e-02 1.1375164967560621e-01 0.0000000000000000e+00
675 6.7500657663582108e-03 1.1805999035873710e-01 0.0000000000000000e+00
676 0.0000000000000000e+00 1.2232217245476040e-01 0.0000000000000000e+00
677 8.3888554862043288e-02 1.9074962062585832e-03 0.0000000000000000e+00
678 8.5176536367337213e-02 0.0000000000000000e+00 0.0000000000000000e+00
679 8.1391039015682135e-02 3.0614608063250083e-03 0.0000000000000000e+00
680 7.9126524163602482e-02 5.1265241636024705e-03 0.0000000000000000e+00
681 7.3999999999999996e-02 8.0000000000000002e-03 0.0000000000000000e+00
682 7.6774448855732050e-02 6.6981291079619542e-03 0.0000000000000000e+00
683 7.5130525447983418e-02 1.3704824883898211e-02 0.0000000000000000e+00
684 7.9191639496769606e-02 2.0125958126580287e-02 0.0000000000000000e+00
685 7.6772179199850479e-02 1.6041888729295010e-02 0.0000000000000000e+00
686 7.2381130016205483e-02 1.0515829444930170e-02 0.0000000000000000e+00
687 7.3396136739849835e-02 1.2857283560977586e-02 0.0000000000000000e+00
688 7.0116628455876850e-02 1.0634371833131704e-02 0.0000000000000000e+00
689 7.6395653861654519e-02 2.4026840657600270e-02 0.0000000000000000e+00
690 7.5701593345423229e-02 2.9149891966108843e-02 0.0000000000000000e+00
691 7.5908329347053757e-02 3.4031297983669530e-02 0.0000000000000000e+00
692 8.3171392332902730e-02 4.5737381917334501e-02 0.0000000000000000e+00
693 7.9197977279294063e-02 5.3171774624129364e-02 0.0000000000000000e+00
694 7.5204231002975325e-02 3.8197009090068991e-02 0.0000000000000000e+00
695 7.7167001123163562e-02 4.2139211265238154e-02 0.0000000000000000e+00
696 7.4473451237349567e-02 6.7058954746627847e-02 0.0000000000000000e+00
697 7.3025553483680450e-02 6.0797098012289386e-02 0.0000000000000000e+00
698 7.4228233368539537e-02 5.5546400867222907e-02 0.0000000000000000e+00
699 6.6502210734866937e-02 7.4138536005717973e-02 0.0000000000000000e+00
700 6.9160409462932088e-02 6.8792009096522597e-02 0.0000000000000000e+00
701 6.0791249005401088e-02 7.4510233777475329e-02 0.0000000000000000e+00
702 5.5822668589801901e-02 7.8890502071328444e-02 0.0000000000000000e+00
703 4.8703192654512353e-02 8.3395501313980672e-02 0.0000000000000000e+00
704 4.1508552568020822e-02 8.7736081588279891e-02 0.0000000000000000e+00
705 3.4497575481522678e-02 9.2096922138799983e-02 0.0000000000000000e+00
706 2.7531034131847310e-02 9.6433116442234318e-02 0.0000000000000000e+00
707 2.0582032292216203e-02 1.0075823635457869e-01 0.0000000000000000e+00
708 1.3693757216295028e-02 1.0508714657230432e-01 0.0000000000000000e+00
709 6.8284640781678171e-03 1.0940121443685275e-01 0.0000000000000000e+00
710 0.0000000000000000e+00 1.1369346749949882e-01 0.0000000000000000e+00
711 8.2000000000000003e-02 0.0000000000000000e+00 0.0000000000000000e+00
712 8.0698129107961966e-02 2.7744488557320396e-03 0.0000000000000000e+00
713 7.8596194077712567e-02 4.5961940777125626e-03 0.0000000000000000e+00
714 7.6487436905139067e-02 6.0052192002417529e-03 0.0000000000000000e+00
715 7.0938539193675001e-02 7.3910390156821546e-03 0.0000000000000000e+00
716 7.4000000000000010e-02 7.2499999999999995e-03 0.0000000000000000e+00
717 7.3528416493166229e-02 1.5535132369094509e-02 0.0000000000000000e+00
718 7.5174751439248594e-02 1.9379298809000810e-02 0.0000000000000000e+00
719 7.2713639223302859e-02 2.1918667805935977e-02 0.0000000000000000e+00
720 7.0922631916610343e-02 1.3461926838408774e-02 0.0000000000000000e+00
721 6.8482934890982450e-02 1.1910930991435417e-02 0.0000000000000000e+00
722 6.8495047057709701e-02 9.0970215212966121e-03 0.0000000000000000e+00
723 6.6831100190530499e-02 1.0577242065615867e-02 0.0000000000000000e+00
724 7.2347510720169178e-02 2.5872601568804457e-02 0.0000000000000000e+00
725 7.2024767214170976e-02 3.0883857729052933e-02 0.0000000000000000e+00
726 7.1445885115748592e-02 3.6227306602132525e-02 0.0000000000000000e+00
727 7.4720077363703438e-02 4.8223969673421428e-02 0.0000000000000000e+00
728 7.1768232085017869e-02 4.1512976447606695e-02 0.0000000000000000e+00
729 6.8844078984982335e-02 6.3300329733251906e-02 0.0000000000000000e+00
730 6.9887741397090225e-02 5.7867587510802669e-02 0.0000000000000000e+00
731 6.8625085459644797e-02 5.2498008149039210e-02 0.0000000000000000e+00
732 6.2803362596759393e-02 6.7296035564143902e-02 0.0000000000000000e+00
733 5.5038867256293526e-02 7.0731304972571393e-02 0.0000000000000000e+00
734 4.8497049495409637e-02 7.4799626326301938e-02 0.0000000000000000e+00
735 4.1594394016523463e-02 7.9120466284058361e-02 0.0000000000000000e+00
736 3.4652580489293365e-02 8.3482145028742516e-02 0.0000000000000000e+00
737 2.7669457295002208e-02 8.7811860649026643e-02 0.0000000000000000e+00
738 2.0708635083954902e-02 9.2128367864069291e-02 0.0000000000000000e+00
739 1.3773822925269739e-02 9.6445049986278994e-02 0.0000000000000000e+00
740 6.8719823807066056e-03 1.0075963887462844e-01 0.0000000000000000e+00
741 0.0000000000000000e+00 1.0506476254423726e-01 0.0000000000000000e+00
742 8.0005219200241756e-02 2.4874369051390709e-03 0.0000000000000000e+00
743 8.1250000000000003e-02 0.0000000000000000e+00 0.0000000000000000e+00
744 7.8020549214267237e-02 2.5648816288500547e-03 0.0000000000000000e+00
745 7.9013637441375975e-02 1.1464088293494249e-03 0.0000000000000000e+00
746 7.9040063093059304e-02 -9.7071592524191339e-06 0.0000000000000000e+00
747 7.6565650206780134e-02 3.7868505831905271e-03 0.0000000000000000e+00
748 7.5057411050338946e-02 4.6167164196037041e-03 0.0000000000000000e+00
749 7.3999999999999996e-02 6.4999999999999988e-03 0.0000000000000000e+00
750 6.8343145750507622e-02 5.6568542494923818e-03 0.0000000000000000e+00
751 7.1225551144267985e-02 6.6981291079619533e-03 0.0000000000000000e+00
752 7.0620010346989628e-02 1.7961398532925082e-02 0.0000000000000000e+00
753 6.9245148964134765e-02 2.2496628779101805e-02 0.0000000000000000e+00
754 6.7708307646510771e-02 1.4929822201478956e-02 0.0000000000000000e+00
755 6.6406674439889429e-02 1.2600694199223068e-02 0.0000000000000000e+00
756 6.6244899188767040e-02 8.4066536057072760e-03 0.0000000000000000e+00
757 6.5726195868447718e-02 6.0589521707999994e-03 0.0000000000000000e+00
758 6.4479114752914901e-02 1.0830216055814239e-02 0.0000000000000000e+00
759 6.3855743051379185e-02 4.9680744008234372e-03 0.0000000000000000e+00
760 6.8769279427403268e-02 2.7294499602896323e-02 0.0000000000000000e+00
761 6.7976005329227873e-02 3.2727548650705929e-02 0.0000000000000000e+00
762 6.7110580794578628e-02 3.8540752342554004e-02 0.0000000000000000e+00
763 6.6930929195189240e-02 4.5597902693070194e-02 0.0000000000000000e+00
764 6.3707450537559454e-02 5.7995450564429639e-02 0.0000000000000000e+00
765 6.3333828532057476e-02 5.0955794021851186e-02 0.0000000000000000e+00
766 5.5869161437771327e-02 6.1776311025049990e-02 0.0000000000000000e+00
767 4.8318225790225926e-02 6.6245980731798632e-02 0.0000000000000000e+00
768 4.1542358526685266e-02 7.0482349424253146e-02 0.0000000000000000e+00
769 3.4645414742523375e-02 7.4818186724461319e-02 0.0000000000000000e+00
770 2.7722996339408341e-02 7.9164237682637167e-02 0.0000000000000000e+00
771 2.0782509674515594e-02 8.3495025003238146e-02 0.0000000000000000e+00
772 1.3845540750591663e-02 8.7811355445243294e-02 0.0000000000000000e+00
773 6.9142652460976624e-03 9.2124644281952606e-02 0.0000000000000000e+00
774 0.0000000000000000e+00 9.6436057588975707e-02 0.0000000000000000e+00
775 8.0500000000000002e-02 0.0000000000000000e+00 0.0000000000000000e+00
776 7.6304822467257588e-02 2.1968330906206694e-03 0.0000000000000000e+00
777 7.9338094803506912e-02 -8.3643432587270235e-04 0.0000000000000000e+00
778 7.7637771892235433e-02 1.1755662870880710e-03 0.0000000000000000e+00
779 7.8307596057335102e-02 3.4393267215183471e-04 0.0000000000000000e+00
780 7.8430874403270789e-02 -4.6571530623948235e-04 0.0000000000000000e+00
781 7.3287902375162611e-02 4.5219478694599087e-03 0.0000000000000000e+00
782 7.4716454199336910e-02 3.0494332735770246e-03 0.0000000000000000e+00
783 7.4742606436362755e-02 1.6183335459431100e-03 0.0000000000000000e+00
784 7.1512563094860940e-02 6.0052192002417511e-03 0.0000000000000000e+00
785 7.1601597471955061e-02 3.9878696335551413e-03 0.0000000000000000e+00
786 6.3545051494641736e-02 2.6708688782902256e-03 0.0000000000000000e+00
787 6.6608960984317844e-02 3.0614608063250092e-03 0.0000000000000000e+00
788 6.8873475836397538e-02 5.1265241636024696e-03 0.0000000000000000e+00
789 1.9000000000000000e-02 -5.4575000000000005e-02 0.0000000000000000e+00
790 1.8800000000000001e-02 -5.4574999999999999e-02 0.0000000000000000e+00
791 1.9019629490319444e-02 -5.4575000000000005e-02 0.0000000000000000e+00
792 1.9000000000000000e-02 -5.4100000000000009e-02 0.0000000000000000e+00
793 1.9019038683893857e-02 -5.4100000000000009e-02 0.0000000000000000e+00
794 1.8800000000000001e-02 -5.4099999999999995e-02 0.0000000000000000e+00
795 6.5880424542755653e-02 2.3856568395162498e-02 0.0000000000000000e+00
796 6.6009264276484236e-02 1.9212237069606172e-02 0.0000000000000000e+00
797 6.2921983915071089e-02 2.2062855311018446e-02 0.0000000000000000e+00
798 6.4012589626741404e-02 1.4474296523523602e-02 0.0000000000000000e+00
799 6.3434942326403038e-02 8.0684934725455959e-03 0.0000000000000000e+00
800 6.1719586262742411e-02 1.1343053087604872e-02 0.0000000000000000e+00
801 6.1815829539061957e-02 6.3829870319163113e-03 0.0000000000000000e+00
802 6.1982183914221771e-02 4.5242245512435346e-03 0.0000000000000000e+00
803 6.1022997601446409e-02 3.0529953895865910e-03 0.0000000000000000e+00
804 6.4773676636321956e-02 2.8942310779557032e-02 0.0000000000000000e+00
805 6.3417939871949380e-02 3.4741698626236828e-02 0.0000000000000000e+00
806 6.2097072119494237e-02 4.0899450814893989e-02 0.0000000000000000e+00
807 6.0861860520026463e-02 4.6555336418322879e-02 0.0000000000000000e+00
808 5.6579855718593343e-02 5.2282469795082720e-02 0.0000000000000000e+00
809 4.8728200839521771e-02 5.7235883563753344e-02 0.0000000000000000e+00
810 4.1564763635145864e-02 6.1757341521692578e-02 0.0000000000000000e+00
811 3.4632320637653091e-02 6.6143004502867836e-02 0.0000000000000000e+00
812 2.7718628214553395e-02 7.0503472236956855e-02 0.0000000000000000e+00
813 2.0795759503994531e-02 7.4847207724704837e-02 0.0000000000000000e+00
814 1.3863958304841339e-02 7.9175614174086029e-02 0.0000000000000000e+00
815 6.9307581913706420e-03 8.3493423668641598e-02 0.0000000000000000e+00
816 0.0000000000000000e+00 8.7807352633714142e-02 0.0000000000000000e+00
817 8.0500000000000002e-02 -1.0000000000000000e-03 0.0000000000000000e+00
818 7.5992001417987426e-02 5.5042707019510584e-04 0.0000000000000000e+00
819 7.9482796121661828e-02 -1.6008206214072390e-03 0.0000000000000000e+00
820 7.8606948865884291e-02 -1.2258092165877183e-03 0.0000000000000000e+00
821 7.7415633456734037e-02 -1.2688929018642059e-04 0.0000000000000000e+00
822 7.7848538252042007e-02 -9.4588645227217929e-04 0.0000000000000000e+00
823 7.6291932648031094e-02 -6.7135714043899640e-04 0.0000000000000000e+00
824 8.0131352009963144e-02 -2.1114149971768388e-03 0.0000000000000000e+00
825 7.4573054733563515e-02 4.0821871761917818e-04 0.0000000000000000e+00
826 7.3125011019910521e-02 2.3597351124590980e-03 0.0000000000000000e+00
827 7.3621175436060129e-02 9.5508011130067806e-04 0.0000000000000000e+00
828 7.0678704947553808e-02 2.4562519079023887e-03 0.0000000000000000e+00
829 6.9403805922287454e-02 4.5961940777125574e-03 0.0000000000000000e+00
830 6.1800423416485221e-02 4.1845812176278120e-04 0.0000000000000000e+00
831 6.6000000000000003e-02 4.8985871965894078e-19 0.0000000000000000e+00
832 6.7301870892038068e-02 2.7744488557320396e-03 0.0000000000000000e+00
833 5.9489845810900666e-02 -1.6908675433499705e-03 0.0000000000000000e+00
834 1.9000000000000000e-02 -5.5050000000000016e-02 0.0000000000000000e+00
835 1.8600000000000002e-02 -5.4574999999999999e-02 0.0000000000000000e+00
836 1.8800000000000001e-02 -5.5050000000000002e-02 0.0000000000000000e+00
837 1.9020041480380955e-02 -5.5050000000000016e-02 0.0000000000000000e+00
838 1.9043184878702782e-02 -5.4574976230322321e-02 0.0000000000000000e+00
839 1.9041885104566489e-02 -5.4099980479903297e-02 0.0000000000000000e+00
840 1.9000000000000000e-02 -5.3625000000000006e-02 0.0000000000000000e+00
841 1.9018270721349158e-02 -5.3625000000000006e-02 0.0000000000000000e+00
842 1.8600000000000002e-02 -5.4099999999999995e-02 0.0000000000000000e+00
843 1.8800000000000001e-02 -5.3624999999999992e-02 0.0000000000000000e+00
844 6.1878385516140007e-02 2.5990144120489490e-02 0.0000000000000000e+00
845 6.1731163888273002e-02 1.8768059527969901e-02 0.0000000000000000e+00
846 5.9612757167744009e-02 2.2400994577016456e-02 0.0000000000000000e+00
847 6.0014570592657718e-02 1.5094843166620872e-02 0.0000000000000000e+00
848 5.6528294496594654e-02 -3.8477693388353548e-03 0.0000000000000000e+00
849 6.0223722713475911e-02 8.6075965792780530e-03 0.0000000000000000e+00
850 5.8313337134031404e-02 1.1844504077446201e-02 0.0000000000000000e+00
851 5.9359560500335515e-02 5.1833825276345743e-03 0.0000000000000000e+00
852 5.8863655810780346e-02 1.9116294406498482e-03 0.0000000000000000e+00
853 5.5865337939776147e-02 -1.9833440160762718e-05 0.0000000000000000e+00
854 5.3481218254462656e-02 -6.1071658041442880e-03 0.0000000000000000e+00
855 6.0146249915020551e-02 3.0757309704424484e-02 0.0000000000000000e+00
856 5.8404179616146523e-02 3.6582754342266648e-02 0.0000000000000000e+00
857 5.5126464076434872e-02 4.3345499414587346e-02 0.0000000000000000e+00
858 4.8483521711279086e-02 4.8354998029648384e-02 0.0000000000000000e+00
859 4.1553676744115094e-02 5.2998200279247801e-02 0.0000000000000000e+00
860 3.4613468798902383e-02 5.7437048885844944e-02 0.0000000000000000e+00
861 2.7701531711118582e-02 6.1831319439797763e-02 0.0000000000000000e+00
862 2.0790060952565376e-02 6.6193911121498208e-02 0.0000000000000000e+00
863 1.3867076492751955e-02 7.0534596646879708e-02 0.0000000000000000e+00
864 6.9352860412105000e-03 7.4860951395425437e-02 0.0000000000000000e+00
865 0.0000000000000000e+00 7.9178647678452563e-02 0.0000000000000000e+00
866 8.1022653065139366e-02 -1.9819373681381086e-03 0.0000000000000000e+00
867 8.1552966937960242e-02 -1.0000000000000000e-03 0.0000000000000000e+00
868 7.4978071380559286e-02 -7.4747987930451028e-04 0.0000000000000000e+00
869 7.9319766963220878e-02 -2.2871043659527198e-03 0.0000000000000000e+00
870 7.8626878788066609e-02 -1.9556451926787937e-03 0.0000000000000000e+00
871 7.7770110297551848e-02 -1.6975425178706789e-03 0.0000000000000000e+00
872 7.7019124236769113e-02 -1.2134759304765967e-03 0.0000000000000000e+00
873 7.5957407458935394e-02 -1.6450387697497298e-03 0.0000000000000000e+00
874 8.0498892247379217e-02 -2.7018069103260205e-03 0.0000000000000000e+00
875 7.9669774535517823e-02 -2.9382627863821682e-03 0.0000000000000000e+00
876 7.3521929044181727e-02 -2.2158415523600259e-04 0.0000000000000000e+00
877 7.2190389435199578e-02 7.3410474135650143e-04 0.0000000000000000e+00
878 7.0063328453490656e-02 4.1584345743866686e-04 0.0000000000000000e+00
879 6.7994780799758250e-02 2.4874369051390696e-03 0.0000000000000000e+00
880 6.3024999999999998e-02 -2.4375000000000004e-03 0.0000000000000000e+00
881 6.6750000000000004e-02 8.8786892938183084e-19 0.0000000000000000e+00
882 6.0049999999999999e-02 -4.8750000000000009e-03 0.0000000000000000e+00
883 5.7075000000000001e-02 -7.3125000000000022e-03 0.0000000000000000e+00
884 5.4100000000000002e-02 -9.7500000000000017e-03 0.0000000000000000e+00
885 1.9000000000000000e-02 -5.5525000000000005e-02 0.0000000000000000e+00
886 1.9020303170779806e-02 -5.5525000000000005e-02 0.0000000000000000e+00
887 1.8399999999999996e-02 -5.4574999999999999e-02 0.0000000000000000e+00
888 1.8600000000000002e-02 -5.5049999999999988e-02 0.0000000000000000e+00
889 1.8800000000000001e-02 -5.5524999999999991e-02 0.0000000000000000e+00
890 1.9044091256838099e-02 -5.5049982853146662e-02 0.0000000000000000e+00
891 1.9044666975715573e-02 -5.5524989086890936e-02 0.0000000000000000e+00
892 1.9071451344762781e-02 -5.4574914422301307e-02 0.0000000000000000e+00
893 1.9069300809373649e-02 -5.4099933874879116e-02 0.0000000000000000e+00
894 1.9040195586968147e-02 -5.3625118602971873e-02 0.0000000000000000e+00
895 1.9000000000000000e-02 -5.3150000000000010e-02 0.0000000000000000e+00
896 1.9023087811552448e-02 -5.3150000000000010e-02 0.0000000000000000e+00
897 1.8600000000000002e-02 -5.3624999999999985e-02 0.0000000000000000e+00
898 1.8399999999999996e-02 -5.4099999999999995e-02 0.0000000000000000e+00
899 1.8800000000000001e-02 -5.3150000000000003e-02 0.0000000000000000e+00
900 5.1125000000000004e-02 -1.2187500000000002e-02 0.0000000000000000e+00
901 5.7456950258043954e-02 2.6729994138144589e-02 0.0000000000000000e+00
902 5.7859791892353164e-02 1.8862164727438509e-02 0.0000000000000000e+00
903 5.5596954269351670e-02 2.3014739654985128e-02 0.0000000000000000e+00
904 5.6450954751804970e-02 1.5276981055742149e-02 0.0000000000000000e+00
905 5.5123463917925983e-02 1.2436419154142613e-02 0.0000000000000000e+00
906 5.2767770065042505e-02 -2.2885062246461490e-03 0.0000000000000000e+00
907 5.5855486823357454e-02 8.4817873839768965e-03 0.0000000000000000e+00
908 5.5415586078781359e-02 4.0992212675855511e-03 0.0000000000000000e+00
909 5.2126875376557351e-02 1.6972917576314991e-03 0.0000000000000000e+00
910 5.0406785271324174e-02 -8.3700176094443773e-03 0.0000000000000000e+00
911 4.9680019918218868e-02 -4.5702085912702793e-03 0.0000000000000000e+00
912 5.4946367591521543e-02 3.1556956219852293e-02 0.0000000000000000e+00
913 5.2890251313312563e-02 3.6646984185895820e-02 0.0000000000000000e+00
914 4.7940886054919453e-02 3.9870473245552297e-02 0.0000000000000000e+00
915 4.1376164004865865e-02 4.4286219953012969e-02 0.0000000000000000e+00
916 3.4555795196936037e-02 4.8726905757106413e-02 0.0000000000000000e+00
917 2.7671013282908930e-02 5.3143723587569976e-02 0.0000000000000000e+00
918 2.0770347354760764e-02 5.7530042403202607e-02 0.0000000000000000e+00
919 1.3859040343772404e-02 6.1888478841917921e-02 0.0000000000000000e+00
920 6.9340770599146170e-03 6.6225512143242682e-02 0.0000000000000000e+00
921 0.0000000000000000e+00 7.0549942723190984e-02 0.0000000000000000e+00
922 1.8300000000000004e-02 -5.5049999999999988e-02 0.0000000000000000e+00
923 1.8299999999999993e-02 -5.4574999999999999e-02 0.0000000000000000e+00
924 8.1346525175405235e-02 -2.9993956452434170e-03 0.0000000000000000e+00
925 8.2106182020128357e-02 -2.0790066560823733e-03 0.0000000000000000e+00
926 8.2749413790363588e-02 -1.0000000000000000e-03 0.0000000000000000e+00
927 7.3719281766504594e-02 -1.4675298478410202e-03 0.0000000000000000e+00
928 7.4790892594711139e-02 -2.1854950296801073e-03 0.0000000000000000e+00
929 7.8673693458011049e-02 -2.9042488907110530e-03 0.0000000000000000e+00
930 7.7691901046998191e-02 -2.6550064293062083e-03 0.0000000000000000e+00
931 7.6808844182789951e-02 -2.2085158496743334e-03 0.0000000000000000e+00
932 7.5834712972573298e-02 -2.6280264428621201e-03 0.0000000000000000e+00
933 8.0382874087425601e-02 -3.7619673885537414e-03 0.0000000000000000e+00
934 7.9011691764113948e-02 -3.8650757088773183e-03 0.0000000000000000e+00
935 8.0682375320094021e-02 -4.9221895219321316e-03 0.0000000000000000e+00
936 7.2049484602035127e-02 -1.2116629345714823e-03 0.0000000000000000e+00
937 6.9961083270690852e-02 -1.9147446912510242e-03 0.0000000000000000e+00
938 4.8618750000000016e-02 -1.4861250000000003e-02 0.0000000000000000e+00
939 6.7500000000000004e-02 7.9602041928367702e-19 0.0000000000000000e+00
940 6.3728125000000024e-02 -2.4768750000000003e-03 0.0000000000000000e+00
941 5.1640625000000002e-02 -1.2384375000000003e-02 0.0000000000000000e+00
942 6.0706250000000003e-02 -4.9537500000000007e-03 0.0000000000000000e+00
943 5.7684374999999996e-02 -7.4306250000000015e-03 0.0000000000000000e+00
944 5.4662500000000010e-02 -9.9075000000000031e-03 0.0000000000000000e+00
945 1.9000000000000000e-02 -5.6000000000000001e-02 0.0000000000000000e+00
946 1.9020463708922169e-02 -5.6000000000000001e-02 0.0000000000000000e+00
947 1.9045020159628775e-02 -5.5999994681095865e-02 0.0000000000000000e+00
948 1.8399999999999996e-02 -5.5050000000000002e-02 0.0000000000000000e+00
949 1.8600000000000002e-02 -5.5524999999999984e-02 0.0000000000000000e+00
950 1.8800000000000001e-02 -5.6000000000000001e-02 0.0000000000000000e+00
951 1.9072950988586669e-02 -5.5049937668169784e-02 0.0000000000000000e+00
952 1.9073903541638491e-02 -5.5524960266583941e-02 0.0000000000000000e+00
953 1.9074487900476698e-02 -5.5999980822990209e-02 0.0000000000000000e+00
954 1.9105371104034784e-02 -5.4574793842998383e-02 0.0000000000000000e+00
955 1.9102199655142236e-02 -5.4099851573353022e-02 0.0000000000000000e+00
956 1.9066505425710933e-02 -5.3625418945031728e-02 0.0000000000000000e+00
957 1.9050793185415384e-02 -5.3150658058989893e-02 0.0000000000000000e+00
958 1.9000000000000000e-02 -5.2675000000000007e-02 0.0000000000000000e+00
959 1.9033287077807864e-02 -5.2675000000000007e-02 0.0000000000000000e+00
960 1.8299999999999997e-02 -5.5524999999999984e-02 0.0000000000000000e+00
961 1.8600000000000002e-02 -5.3149999999999996e-02 0.0000000000000000e+00
962 1.8399999999999996e-02 -5.3624999999999992e-02 0.0000000000000000e+00
963 1.8299999999999997e-02 -5.4099999999999995e-02 0.0000000000000000e+00
964 1.8800000000000001e-02 -5.2674999999999993e-02 0.0000000000000000e+00
965 4.2950000000000002e-02 -2.0129999999999995e-02 0.0000000000000000e+00
966 4.5596875000000002e-02 -1.7338125000000003e-02 0.0000000000000000e+00
967 4.8149999999999998e-02 -1.4625000000000004e-02 0.0000000000000000e+00
968 4.2575000000000002e-02 -1.9815000000000006e-02 0.0000000000000000e+00
969 4.7397279660156673e-02 -1.0740127545084535e-02 0.0000000000000000e+00
970 5.2563461433720045e-02 2.6659100268474702e-02 0.0000000000000000e+00
971 5.3899883415440906e-02 1.8976791117255490e-02 0.0000000000000000e+00
972 5.1803401402847699e-02 2.2408667990255760e-02 0.0000000000000000e+00
973 5.2413939396531870e-02 1.5158403178965670e-02 0.0000000000000000e+00
974 5.1927515741599539e-02 1.0961750570720106e-02 0.0000000000000000e+00
975 4.8924512461685117e-02 -8.8314498958332217e-04 0.0000000000000000e+00
976 5.0593726791669645e-02 6.2504349029703270e-03 0.0000000000000000e+00
977 4.8494680619282034e-02 2.7245802358112493e-03 0.0000000000000000e+00
978 4.6624784802758890e-02 -6.8399757052892522e-03 0.0000000000000000e+00
979 4.5864109309963076e-02 -2.9236539274793832e-03 0.0000000000000000e+00
980 4.8033359227540373e-02 3.1879237707220509e-02 0.0000000000000000e+00
981 4.1239684148754806e-02 3.5725548034787967e-02 0.0000000000000000e+00
982 3.4483420173190685e-02 4.0041194371734951e-02 0.0000000000000000e+00
983 2.7638551919517303e-02 4.4446229638537102e-02 0.0000000000000000e+00
984 2.0746095981539561e-02 4.8853630795237357e-02 0.0000000000000000e+00
985 1.3842034939969218e-02 5.3233532021196711e-02 0.0000000000000000e+00
986 6.9277932866664881e-03 5.7586994182585241e-02 0.0000000000000000e+00
987 0.0000000000000000e+00 6.1921237767929425e-02 0.0000000000000000e+00
988 1.8200000000000004e-02 -5.5050000000000002e-02 0.0000000000000000e+00
989 1.8200000000000001e-02 -5.4574999999999999e-02 0.0000000000000000e+00
990 6.7382298373247662e-02 -4.3122401499370244e-02 0.0000000000000000e+00
991 6.7456213039946630e-02 -4.3441349050350506e-02 0.0000000000000000e+00
992 6.7449801369627124e-02 -4.3828805258021235e-02 0.0000000000000000e+00
993 6.7283482535956785e-02 -4.4101581190967264e-02 0.0000000000000000e+00
994 6.7551954949262499e-02 -4.4190814553899692e-02 0.0000000000000000e+00
995 6.7788631816313547e-02 -4.3612942172475938e-02 0.0000000000000000e+00
996 6.8118889519408449e-02 -4.3455561005541148e-02 0.0000000000000000e+00
997 6.7793677015020204e-02 -4.3132019827402127e-02 0.0000000000000000e+00
998 8.1581291850192833e-02 -4.0985731459463803e-03 0.0000000000000000e+00
999 8.1635333740737115e-02 -5.0905479386975840e-03 0.0000000000000000e+00
1000 8.2565368191894181e-02 -3.2605541246047576e-03 0.0000000000000000e+00
1001 8.3400164996494747e-02 -2.2321529890492070e-03 0.0000000000000000e+00
1002 8.4131297129383678e-02 -1.0000000000000000e-03 0.0000000000000000e+00
1003 7.3241584972534565e-02 -2.8816718238239237e-03 0.0000000000000000e+00
1004 7.5007010893509030e-02 -3.7260721557152696e-03 0.0000000000000000e+00
1005 7.7691897084509520e-02 -3.7522753339616984e-03 0.0000000000000000e+00
1006 7.6579809083911973e-02 -3.4120050077806681e-03 0.0000000000000000e+00
1007 7.9438908631681876e-02 -4.9360056057491455e-03 0.0000000000000000e+00
1008 7.8234308029424451e-02 -4.7342821779528220e-03 0.0000000000000000e+00
1009 8.1202337758408599e-02 -6.0104146038891474e-03 0.0000000000000000e+00
1010 7.9883560138617749e-02 -6.2707604388562771e-03 0.0000000000000000e+00
1011 7.1647256178001897e-02 -3.1188807720259198e-03 0.0000000000000000e+00
1012 7.0360453189502931e-02 -3.8269356869579966e-03 0.0000000000000000e+00
1013 4.6018749999999997e-02 -1.7613749999999997e-02 0.0000000000000000e+00
1014 4.6532091924831834e-02 -2.1536924758832964e-02 0.0000000000000000e+00
1015 6.8096522791081179e-02 -3.6998021600617419e-03 0.0000000000000000e+00
1016 4.9087499999999999e-02 -1.5097499999999996e-02 0.0000000000000000e+00
1017 6.4431250000000009e-02 -2.5162499999999994e-03 0.0000000000000000e+00
1018 6.6393577058538059e-02 -5.7017414692166913e-03 0.0000000000000000e+00
1019 5.2156250000000001e-02 -1.2581249999999999e-02 0.0000000000000000e+00
1020 6.1362500000000000e-02 -5.0324999999999988e-03 0.0000000000000000e+00
1021 5.8293750000000005e-02 -7.5487499999999982e-03 0.0000000000000000e+00
1022 5.5225000000000003e-02 -1.0064999999999998e-02 0.0000000000000000e+00
1023 1.9000000000000000e-02 -5.6475000000000004e-02 0.0000000000000000e+00
1024 1.9020523654860230e-02 -5.6475000000000004e-02 0.0000000000000000e+00
1025 1.9045152040692508e-02 -5.6475004051428829e-02 0.0000000000000000e+00
1026 1.8399999999999996e-02 -5.5524999999999991e-02 0.0000000000000000e+00
1027 1.8600000000000005e-02 -5.6000000000000001e-02 0.0000000000000000e+00
1028 1.8800000000000001e-02 -5.6474999999999997e-02 0.0000000000000000e+00
1029 1.9107582666684955e-02 -5.5049848206493411e-02 0.0000000000000000e+00
1030 1.9108987420745994e-02 -5.5524903051384668e-02 0.0000000000000000e+00
1031 1.9074706103691236e-02 -5.6475014986709773e-02 0.0000000000000000e+00
1032 1.9109849189494207e-02 -5.5999953733460686e-02 0.0000000000000000e+00
1033 1.9141678270064542e-02 -5.4099727591264982e-02 0.0000000000000000e+00
1034 1.9146074815161184e-02 -5.4574585942785844e-02 0.0000000000000000e+00
1035 4.7001591142488246e-02 -2.5419802018146139e-02 0.0000000000000000e+00
1036 4.3407901253563093e-02 -2.4017440478705226e-02 0.0000000000000000e+00
1037 1.9098077232202276e-02 -5.3625988809628551e-02 0.0000000000000000e+00
1038 1.9084039634050903e-02 -5.3152071198557103e-02 0.0000000000000000e+00
1039 1.9073231571177299e-02 -5.2679472986561809e-02 0.0000000000000000e+00
1040 1.9000000000000000e-02 -5.2200000000000003e-02 0.0000000000000000e+00
1041 1.9067450965964853e-02 -5.2227939104897807e-02 0.0000000000000000e+00
1042 1.9135963399991886e-02 -5.3626976971575951e-02 0.0000000000000000e+00
1043 1.8200000000000001e-02 -5.5524999999999991e-02 0.0000000000000000e+00
1044 1.8300000000000004e-02 -5.6000000000000001e-02 0.0000000000000000e+00
1045 1.8600000000000002e-02 -5.2674999999999993e-02 0.0000000000000000e+00
1046 1.8399999999999996e-02 -5.3150000000000003e-02 0.0000000000000000e+00
1047 1.8299999999999997e-02 -5.3624999999999985e-02 0.0000000000000000e+00
1048 1.8200000000000001e-02 -5.4099999999999995e-02 0.0000000000000000e+00
1049 1.9202043447482119e-02 -5.1748369251179330e-02 0.0000000000000000e+00
1050 1.9006365238269849e-02 -5.1917457861285619e-02 0.0000000000000000e+00
1051 1.8800000000000015e-02 -5.2199999999999996e-02 0.0000000000000000e+00
1052 1.9308352699378757e-02 -5.1555122391329575e-02 0.0000000000000000e+00
1053 3.9881250000000000e-02 -2.2646250000000000e-02 0.0000000000000000e+00
1054 3.9553124999999995e-02 -2.2291875000000006e-02 0.0000000000000000e+00
1055 3.6531249999999994e-02 -2.4768750000000006e-02 0.0000000000000000e+00
1056 4.5175000000000000e-02 -1.7062500000000005e-02 0.0000000000000000e+00
1057 4.4407699753120485e-02 -1.3152622296038674e-02 0.0000000000000000e+00
1058 4.2200000000000001e-02 -1.9500000000000003e-02 0.0000000000000000e+00
1059 4.3594276340159638e-02 -9.1968756085672367e-03 0.0000000000000000e+00
1060 4.7543735853015037e-02 2.4365005900389931e-02 0.0000000000000000e+00
1061 4.9287359108137696e-02 1.9035841698950572e-02 0.0000000000000000e+00
1062 4.7794459444282129e-02 1.4262635476983079e-02 0.0000000000000000e+00
1063 4.7852852779560237e-02 9.8389710581441546e-03 0.0000000000000000e+00
1064 4.5169783460647428e-02 1.1027567541473150e-03 0.0000000000000000e+00
1065 4.5107607589714931e-02 6.1591123188187245e-03 0.0000000000000000e+00
1066 4.2771349847168801e-02 -5.2091562126968553e-03 0.0000000000000000e+00
1067 4.2010353275911363e-02 -1.1385758563840877e-03 0.0000000000000000e+00
1068 4.1300698387068138e-02 2.7123124337162359e-02 0.0000000000000000e+00
1069 3.4448564906386314e-02 3.1330659650258282e-02 0.0000000000000000e+00
1070 2.7642017291109180e-02 3.5728585253972746e-02 0.0000000000000000e+00
1071 2.0737902494811541e-02 4.0159819807870339e-02 0.0000000000000000e+00
1072 1.3823655412970844e-02 4.4576259860802506e-02 0.0000000000000000e+00
1073 6.9176873042349528e-03 4.8943378957393743e-02 0.0000000000000000e+00
1074 0.0000000000000000e+00 5.3292532812667881e-02 0.0000000000000000e+00
1075 1.7799999999999996e-02 -5.5525000000000005e-02 0.0000000000000000e+00
1076 1.7799999999999996e-02 -5.5050000000000016e-02 0.0000000000000000e+00
1077 1.7799999999999996e-02 -5.4575000000000019e-02 0.0000000000000000e+00
1078 1.7799999999999996e-02 -5.6000000000000001e-02 0.0000000000000000e+00
1079 6.7081917856579992e-02 -4.4159728574701060e-02 0.0000000000000000e+00
1080 6.7118632373996664e-02 -4.3891732088167566e-02 0.0000000000000000e+00
1081 6.7445253495164600e-02 -4.2707097501963949e-02 0.0000000000000000e+00
1082 6.7126405489735336e-02 -4.2987004074174891e-02 0.0000000000000000e+00
1083 6.6777255171134864e-02 -4.1017293456512470e-02 0.0000000000000000e+00
1084 6.6963441030938153e-02 -4.1577012163796001e-02 0.0000000000000000e+00
1085 6.7171638635320718e-02 -4.2137500933628648e-02 0.0000000000000000e+00
1086 6.7101007358990022e-02 -4.3268527392225788e-02 0.0000000000000000e+00
1087 6.7118557968730411e-02 -4.3553901108604194e-02 0.0000000000000000e+00
1088 6.6908596637834661e-02 -4.3724917118718155e-02 0.0000000000000000e+00
1089 6.6271962923679775e-02 -4.0671924508669348e-02 0.0000000000000000e+00
1090 6.7831136903183237e-02 -4.4009316641683456e-02 0.0000000000000000e+00
1091 6.7840447129826384e-02 -4.4398030233316073e-02 0.0000000000000000e+00
1092 6.7296162458964040e-02 -4.4326208677640928e-02 0.0000000000000000e+00
1093 6.7069495025629339e-02 -4.4372462575889240e-02 0.0000000000000000e+00
1094 6.7554496369342659e-02 -4.4509460134641757e-02 0.0000000000000000e+00
1095 6.8311594765425185e-02 -4.3128693942818652e-02 0.0000000000000000e+00
1096 6.8175428592608639e-02 -4.3834838827052414e-02 0.0000000000000000e+00
1097 6.8563701949687694e-02 -4.3580610841325168e-02 0.0000000000000000e+00
1098 6.7721159040586190e-02 -4.2228928460393098e-02 0.0000000000000000e+00
1099 6.7666824861565167e-02 -4.1647819978200384e-02 0.0000000000000000e+00
1100 6.8102799408467349e-02 -4.2629656026499888e-02 0.0000000000000000e+00
1101 6.7354745618546277e-02 -4.1002748870141020e-02 0.0000000000000000e+00
1102 6.8007975520178940e-02 -4.1022025218858900e-02 0.0000000000000000e+00
1103 8.2145054834601897e-02 -5.7195474648952657e-03 0.0000000000000000e+00
1104 8.2756957468307440e-02 -4.7371545468323428e-03 0.0000000000000000e+00
1105 8.3938590020652779e-02 -3.6502157012452464e-03 0.0000000000000000e+00
1106 8.4897047373178894e-02 -2.4246081783079842e-03 0.0000000000000000e+00
1107 8.5727354891993360e-02 -1.0000000000000000e-03 0.0000000000000000e+00
1108 8.1982243150997822e-02 -6.6984544165798543e-03 0.0000000000000000e+00
1109 7.3153721931736485e-02 -4.4512503177908582e-03 0.0000000000000000e+00
1110 7.4669095159310958e-02 -5.3134457670326934e-03 0.0000000000000000e+00
1111 7.6668474041978740e-02 -5.1509627128035473e-03 0.0000000000000000e+00
1112 7.8360568624838284e-02 -5.9670915283723995e-03 0.0000000000000000e+00
1113 8.0834353274527718e-02 -7.2750232696509268e-03 0.0000000000000000e+00
1114 7.8847296637649097e-02 -7.1865877014680880e-03 0.0000000000000000e+00
1115 7.9819083590013676e-02 -7.5980087794161079e-03 0.0000000000000000e+00
1116 7.1644272169110498e-02 -5.1290236468145185e-03 0.0000000000000000e+00
1117 6.9818896964308125e-02 -5.3592654504101530e-03 0.0000000000000000e+00
1118 4.9625039189231161e-02 -1.8997845474395317e-02 0.0000000000000000e+00
1119 5.0192540074642293e-02 -2.2963000843794355e-02 0.0000000000000000e+00
1120 5.0673814598151262e-02 -2.6864799735057465e-02 0.0000000000000000e+00
1121 6.8242808873860958e-02 -6.5775246217760789e-03 0.0000000000000000e+00
1122 5.2682238902445430e-02 -1.6436198650548160e-02 0.0000000000000000e+00
1123 6.3757612351235185e-02 -6.5952251134767702e-03 0.0000000000000000e+00
1124 6.6549264595362256e-02 -8.2561100346500091e-03 0.0000000000000000e+00
1125 5.5580367266536437e-02 -1.3846590628968935e-02 0.0000000000000000e+00
1126 6.1151695057070243e-02 -8.8936710778566141e-03 0.0000000000000000e+00
1127 5.8412803975732189e-02 -1.1254948005468422e-02 0.0000000000000000e+00
1128 6.0707011661112746e-02 -3.7648671802012902e-02 0.0000000000000000e+00
1129 5.8606765018679292e-02 -3.6000397846292193e-02 0.0000000000000000e+00
1130 5.6481185306286652e-02 -3.4765507991946512e-02 0.0000000000000000e+00
1131 6.5681466286388199e-02 -4.0193166960686866e-02 0.0000000000000000e+00
1132 6.2741820213679661e-02 -3.8324784669206864e-02 0.0000000000000000e+00
1133 6.4015115519829413e-02 -3.9018460163666578e-02 0.0000000000000000e+00
1134 6.2566294768737069e-02 -3.6219471238693970e-02 0.0000000000000000e+00
1135 6.6994310219463837e-02 -4.0384136106139286e-02 0.0000000000000000e+00
1136 6.6445218033369960e-02 -3.9724005579508781e-02 0.0000000000000000e+00
1137 1.9000000000000000e-02 -5.6950000000000001e-02 0.0000000000000000e+00
1138 1.9020328809600237e-02 -5.6950000000000001e-02 0.0000000000000000e+00
1139 1.9044723381120520e-02 -5.6950018599487250e-02 0.0000000000000000e+00
1140 1.9073996866944859e-02 -5.6950067570327133e-02 0.0000000000000000e+00
1141 1.8399999999999996e-02 -5.6000000000000001e-02 0.0000000000000000e+00
1142 1.8600000000000002e-02 -5.6474999999999997e-02 0.0000000000000000e+00
1143 1.8800000000000001e-02 -5.6950000000000001e-02 0.0000000000000000e+00
1144 1.9149140680402899e-02 -5.5049690603286121e-02 0.0000000000000000e+00
1145 1.9151088075674994e-02 -5.5524801891059163e-02 0.0000000000000000e+00
1146 1.9110170979289715e-02 -5.6475037224408990e-02 0.0000000000000000e+00
1147 1.9152282736315220e-02 -5.5999906665583223e-02 0.0000000000000000e+00
1148 1.9189052607971310e-02 -5.4099513064009078e-02 0.0000000000000000e+00
1149 1.9194919268512869e-02 -5.4574245009321669e-02 0.0000000000000000e+00
1150 5.4376891904147281e-02 -3.4784819769311477e-02 0.0000000000000000e+00
1151 5.5171940943248052e-02 -3.6483518943410558e-02 0.0000000000000000e+00
1152 5.2526500568235594e-02 -3.3827732001029190e-02 0.0000000000000000e+00
1153 5.1247282105560815e-02 -3.0858078173285411e-02 0.0000000000000000e+00
1154 4.0280714951396013e-02 -2.6467802738252218e-02 0.0000000000000000e+00
1155 4.7401414920388241e-02 -2.9232469559366311e-02 0.0000000000000000e+00
1156 4.3801759502662456e-02 -2.7903863357000024e-02 0.0000000000000000e+00
1157 1.9151281660600188e-02 -5.2254490075036408e-02 0.0000000000000000e+00
1158 1.9123935372413532e-02 -5.3154356209661267e-02 0.0000000000000000e+00
1159 1.9121164963220621e-02 -5.2685601268064819e-02 0.0000000000000000e+00
1160 1.9316820337437965e-02 -5.2343005049091187e-02 0.0000000000000000e+00
1161 1.9199999999999995e-02 -5.1999999999999984e-02 0.0000000000000000e+00
1162 1.9444508689075834e-02 -5.1773157829123125e-02 0.0000000000000000e+00
1163 1.9576582041506245e-02 -5.1548583817750231e-02 0.0000000000000000e+00
1164 1.9171810258448680e-02 -5.3157917017417580e-02 0.0000000000000000e+00
1165 1.9181426801339423e-02 -5.3628276479782667e-02 0.0000000000000000e+00
1166 1.8200000000000004e-02 -5.6000000000000001e-02 0.0000000000000000e+00
1167 1.8299999999999997e-02 -5.6474999999999997e-02 0.0000000000000000e+00
1168 1.8600000000000009e-02 -5.2199999999999996e-02 0.0000000000000000e+00
1169 1.7799999999999996e-02 -5.4100000000000009e-02 0.0000000000000000e+00
1170 1.8399999999999996e-02 -5.2674999999999993e-02 0.0000000000000000e+00
1171 1.8299999999999997e-02 -5.3149999999999996e-02 0.0000000000000000e+00
1172 1.8200000000000001e-02 -5.3624999999999992e-02 0.0000000000000000e+00
1173 1.9037562125197388e-02 -5.1605191599018975e-02 0.0000000000000000e+00
1174 1.8800000000000001e-02 -5.1750000000000004e-02 0.0000000000000000e+00
1175 1.9108611366053570e-02 -5.1360200090319240e-02 0.0000000000000000e+00
1176 1.9480395764224959e-02 -5.1226676367866771e-02 0.0000000000000000e+00
1177 1.8600000000000002e-02 -5.1749999999999997e-02 0.0000000000000000e+00
1178 3.6812499999999998e-02 -2.5162499999999997e-02 0.0000000000000000e+00
1179 3.3509375000000008e-02 -2.7245625000000006e-02 0.0000000000000000e+00
1180 3.9225000000000003e-02 -2.1937500000000006e-02 0.0000000000000000e+00
1181 3.6249999999999998e-02 -2.4375000000000004e-02 0.0000000000000000e+00
1182 4.1447709491347955e-02 -1.5596990747598115e-02 0.0000000000000000e+00
1183 4.0608459639865986e-02 -1.1617133701336073e-02 0.0000000000000000e+00
1184 3.8510434804842668e-02 -1.8061209900367577e-02 0.0000000000000000e+00
1185 3.9699638710505358e-02 -7.5672930716517402e-03 0.0000000000000000e+00
1186 4.2841510696743156e-02 1.8930571648316751e-02 0.0000000000000000e+00
1187 4.3160963341271050e-02 1.2014014272665135e-02 0.0000000000000000e+00
1188 4.0963608518824662e-02 3.4975435014588450e-03 0.0000000000000000e+00
1189 4.0324821881004246e-02 7.6241995058013400e-03 0.0000000000000000e+00
1190 3.8822316864011094e-02 -3.5773985050610115e-03 0.0000000000000000e+00
1191 3.8470951654853112e-02 2.7845325132656206e-04 0.0000000000000000e+00
1192 3.5061711941165537e-02 2.2579785677579112e-02 0.0000000000000000e+00
1193 2.7761348197359353e-02 2.6960517833906850e-02 0.0000000000000000e+00
1194 2.0783583368848512e-02 3.1427290337572467e-02 0.0000000000000000e+00
1195 1.3806301120589250e-02 3.5903556390074330e-02 0.0000000000000000e+00
1196 6.9068320092489843e-03 4.0296226296316302e-02 0.0000000000000000e+00
1197 0.0000000000000000e+00 4.4663827857406302e-02 0.0000000000000000e+00
1198 1.7799999999999996e-02 -5.6475000000000004e-02 0.0000000000000000e+00
1199 1.7779807177279467e-02 -5.4100000000000009e-02 0.0000000000000000e+00
1200 1.7779069427742090e-02 -5.5525000000000005e-02 0.0000000000000000e+00
1201 1.7779195051859511e-02 -5.5050000000000016e-02 0.0000000000000000e+00
1202 1.7779501114569489e-02 -5.4575000000000019e-02 0.0000000000000000e+00
1203 1.7779116561084312e-02 -5.6000000000000001e-02 0.0000000000000000e+00
1204 1.7779365176285596e-02 -5.6475000000000004e-02 0.0000000000000000e+00
1205 6.6929664274349460e-02 -4.4538120425619956e-02 0.0000000000000000e+00
1206 6.6829316656511761e-02 -4.4268229286454151e-02 0.0000000000000000e+00
1207 6.6869512508960824e-02 -4.3981334321501177e-02 0.0000000000000000e+00
1208 6.6890823314597642e-02 -4.2674123586229303e-02 0.0000000000000000e+00
1209 6.6866958394637438e-02 -4.3072568494312166e-02 0.0000000000000000e+00
1210 6.6332665239882196e-02 -4.1402201675891169e-02 0.0000000000000000e+00
1211 6.6530034024259443e-02 -4.2169543952747607e-02 0.0000000000000000e+00
1212 6.6740445225418235e-02 -4.3442623126131535e-02 0.0000000000000000e+00
1213 6.6695795301915134e-02 -4.3774945785413959e-02 0.0000000000000000e+00
1214 6.5548238052722030e-02 -4.1095392865511171e-02 0.0000000000000000e+00
1215 6.4554658887791744e-02 -4.0306674254506604e-02 0.0000000000000000e+00
1216 6.3088655160782742e-02 -3.9991050103268172e-02 0.0000000000000000e+00
1217 5.7014578176367840e-02 -3.7283209138077214e-02 0.0000000000000000e+00
1218 6.1676904520452561e-02 -3.9730200274788068e-02 0.0000000000000000e+00
1219 5.8722014690404646e-02 -3.8477298517926056e-02 0.0000000000000000e+00
1220 5.9993579568170023e-02 -3.9797102731491688e-02 0.0000000000000000e+00
1221 6.8200650904875301e-02 -4.4264802765151268e-02 0.0000000000000000e+00
1222 6.7853346478648782e-02 -4.4711587644694149e-02 0.0000000000000000e+00
1223 6.8109587413777636e-02 -4.4588889219482238e-02 0.0000000000000000e+00
1224 6.7236402102564236e-02 -4.4621352521455999e-02 0.0000000000000000e+00
1225 6.7548665096790070e-02 -4.4808767176843713e-02 0.0000000000000000e+00
1226 6.7797873678658083e-02 -4.4952783974148744e-02 0.0000000000000000e+00
1227 6.6996627787971830e-02 -4.4786873623425344e-02 0.0000000000000000e+00
1228 6.8587476063203687e-02 -4.2814702142575697e-02 0.0000000000000000e+00
1229 6.8805827007356574e-02 -4.3185919900323215e-02 0.0000000000000000e+00
1230 6.8549396112853642e-02 -4.4100816374572596e-02 0.0000000000000000e+00
1231 6.9096110272653263e-02 -4.3604800612060089e-02 0.0000000000000000e+00
1232 6.8896510792838761e-02 -4.3940154749947224e-02 0.0000000000000000e+00
1233 6.8222329509842541e-02 -4.2021880600179987e-02 0.0000000000000000e+00
1234 6.8297256035092985e-02 -4.1506103598448432e-02 0.0000000000000000e+00
1235 6.8640189232268362e-02 -4.2373720175819522e-02 0.0000000000000000e+00
1236 6.8682436141283457e-02 -4.1094192701225551e-02 0.0000000000000000e+00
1237 6.7783610146788881e-02 -4.0324879652231319e-02 0.0000000000000000e+00
1238 6.8563146651922494e-02 -4.0427841896094392e-02 0.0000000000000000e+00
1239 8.3092975719896323e-02 -6.0748165907874773e-03 0.0000000000000000e+00
1240 8.2795538724569628e-02 -7.1749850595545965e-03 0.0000000000000000e+00
1241 8.4402133589214515e-02 -5.2793651249008295e-03 0.0000000000000000e+00
1242 8.5563114236432342e-02 -4.0340332101821410e-03 0.0000000000000000e+00
1243 8.6621762964116375e-02 -2.6312471693713101e-03 0.0000000000000000e+00
1244 8.7570785427964440e-02 -1.0000000000000000e-03 0.0000000000000000e+00
1245 8.1812308656624713e-02 -7.9092881109835977e-03 0.0000000000000000e+00
1246 7.5254046156324125e-02 -6.8857539067189687e-03 0.0000000000000000e+00
1247 7.3262222773006341e-02 -6.3531897421348228e-03 0.0000000000000000e+00
1248 7.7321986859001629e-02 -7.4650567718648380e-03 0.0000000000000000e+00
1249 7.5864124145722342e-02 -8.5174975244446914e-03 0.0000000000000000e+00
1250 8.0441631406553332e-02 -8.6014721187524356e-03 0.0000000000000000e+00
1251 7.8851283975774095e-02 -8.6320209888308286e-03 0.0000000000000000e+00
1252 7.0812593881501448e-02 -7.5351079755556502e-03 0.0000000000000000e+00
1253 5.4980153079445857e-02 -3.2200803951245721e-02 0.0000000000000000e+00
1254 5.3263433135111796e-02 -2.0431550675316563e-02 0.0000000000000000e+00
1255 5.3831703386192038e-02 -2.4396984024935637e-02 0.0000000000000000e+00
1256 5.4368355959635926e-02 -2.8318463790816924e-02 0.0000000000000000e+00
1257 6.9088198818148261e-02 -9.4641583856710301e-03 0.0000000000000000e+00
1258 5.6299628555161747e-02 -1.7887155165238523e-02 0.0000000000000000e+00
1259 6.4338934993267455e-02 -1.0526387838565332e-02 0.0000000000000000e+00
1260 6.7161088188885068e-02 -1.0738096904142182e-02 0.0000000000000000e+00
1261 5.9214792109047377e-02 -1.5323805747642140e-02 0.0000000000000000e+00
1262 6.2001308286357103e-02 -1.2920221301423885e-02 0.0000000000000000e+00
1263 6.0623636286618023e-02 -3.4782237537976941e-02 0.0000000000000000e+00
1264 5.8092163991285889e-02 -3.3045462089813564e-02 0.0000000000000000e+00
1265 6.5407521677490102e-02 -3.8975839616675632e-02 0.0000000000000000e+00
1266 6.3086303042616920e-02 -3.4099272432262254e-02 0.0000000000000000e+00
1267 6.4396939651163429e-02 -3.7340854432811550e-02 0.0000000000000000e+00
1268 6.4188395649464491e-02 -3.5519525622841996e-02 0.0000000000000000e+00
1269 6.7425124999798955e-02 -3.9520682069379351e-02 0.0000000000000000e+00
1270 6.6890922093398850e-02 -3.8598284215502161e-02 0.0000000000000000e+00
1271 1.9109125049934068e-02 -5.6950164430837037e-02 0.0000000000000000e+00
1272 1.9000000000000000e-02 -5.7425000000000004e-02 0.0000000000000000e+00
1273 1.9019799557016367e-02 -5.7425000000000004e-02 0.0000000000000000e+00
1274 1.9043559025436006e-02 -5.7425032221318915e-02 0.0000000000000000e+00
1275 1.9072070387539570e-02 -5.7425116017126958e-02 0.0000000000000000e+00
1276 1.8399999999999996e-02 -5.6474999999999997e-02 0.0000000000000000e+00
1277 1.8600000000000002e-02 -5.6949999999999987e-02 0.0000000000000000e+00
1278 1.8800000000000001e-02 -5.7424999999999997e-02 0.0000000000000000e+00
1279 1.9199010296864431e-02 -5.5049429269678075e-02 0.0000000000000000e+00
1280 1.9201608861589798e-02 -5.5524633990941590e-02 0.0000000000000000e+00
1281 1.9152728830007886e-02 -5.6475077579501105e-02 0.0000000000000000e+00
1282 1.9203202992500432e-02 -5.5999830035843502e-02 0.0000000000000000e+00
1283 1.9151278869521119e-02 -5.6950334880510017e-02 0.0000000000000000e+00
1284 1.9235982882956467e-02 -5.3629889056263827e-02 0.0000000000000000e+00
1285 1.9245901813459431e-02 -5.4099154362100978e-02 0.0000000000000000e+00
1286 1.9253532612534888e-02 -5.4573706283462177e-02 0.0000000000000000e+00
1287 5.1288152483192920e-02 -3.5727116439335682e-02 0.0000000000000000e+00
1288 5.3119216321080319e-02 -3.6382424410650538e-02 0.0000000000000000e+00
1289 5.4309107246604586e-02 -3.7790218830494340e-02 0.0000000000000000e+00
1290 5.5631936761462740e-02 -3.8090869387980508e-02 0.0000000000000000e+00
1291 4.9980220798433936e-02 -3.4217454314761295e-02 0.0000000000000000e+00
1292 4.7751758052760024e-02 -3.2538281761828561e-02 0.0000000000000000e+00
1293 3.7179531379546750e-02 -2.8867108602966322e-02 0.0000000000000000e+00
1294 4.0626258011160696e-02 -3.0169264936854998e-02 0.0000000000000000e+00
1295 4.4270961024102710e-02 -3.1925751461557871e-02 0.0000000000000000e+00
1296 1.9178685033672607e-02 -5.2690787677808881e-02 0.0000000000000000e+00
1297 2.0188011546186713e-02 -5.0452361845642620e-02 0.0000000000000000e+00
1298 1.9830037320668882e-02 -5.1005745550160318e-02 0.0000000000000000e+00
1299 2.0158950783262415e-02 -5.0805979337377662e-02 0.0000000000000000e+00
1300 1.9468607479245750e-02 -5.2540515976785405e-02 0.0000000000000000e+00
1301 1.9460458654846507e-02 -5.2242595362041913e-02 0.0000000000000000e+00
1302 1.9545940971684980e-02 -5.1999999999999991e-02 0.0000000000000000e+00
1303 1.9757818963885111e-02 -5.1731418624374213e-02 0.0000000000000000e+00
1304 1.9862193613899869e-02 -5.1397037675916427e-02 0.0000000000000000e+00
1305 1.9229260121690860e-02 -5.3160399261699236e-02 0.0000000000000000e+00
1306 1.8200000000000001e-02 -5.6474999999999997e-02 0.0000000000000000e+00
1307 1.8300000000000000e-02 -5.6949999999999987e-02 0.0000000000000000e+00
1308 1.8400000000000003e-02 -5.2199999999999996e-02 0.0000000000000000e+00
1309 1.7799999999999996e-02 -5.3625000000000006e-02 0.0000000000000000e+00
1310 1.8299999999999997e-02 -5.2674999999999986e-02 0.0000000000000000e+00
1311 1.8200000000000001e-02 -5.3150000000000003e-02 0.0000000000000000e+00
1312 1.7780367175214987e-02 -5.3625000000000006e-02 0.0000000000000000e+00
1313 1.8800000000000001e-02 -5.1300000000000005e-02 0.0000000000000000e+00
1314 1.9185147847527676e-02 -5.1086682834892996e-02 0.0000000000000000e+00
1315 1.8978553109030884e-02 -5.1170805332048527e-02 0.0000000000000000e+00
1316 1.9774516602394380e-02 -5.0629412240822069e-02 0.0000000000000000e+00
1317 1.9363657572658760e-02 -5.0792294357829594e-02 0.0000000000000000e+00
1318 2.0171782486882704e-02 -4.9975863142147622e-02 0.0000000000000000e+00
1319 1.9801729680001601e-02 -5.0208535038596035e-02 0.0000000000000000e+00
1320 2.0195622919695823e-02 -4.9416591976635033e-02 0.0000000000000000e+00
1321 1.8600000000000002e-02 -5.1300000000000005e-02 0.0000000000000000e+00
1322 1.8399999999999996e-02 -5.1750000000000004e-02 0.0000000000000000e+00
1323 3.4209707350755569e-02 -3.1281694123023118e-02 0.0000000000000000e+00
1324 3.3743750000000010e-02 -2.7678749999999998e-02 0.0000000000000000e+00
1325 3.0487500000000001e-02 -2.9722500000000006e-02 0.0000000000000000e+00
1326 3.3275000000000006e-02 -2.6812500000000003e-02 0.0000000000000000e+00
1327 3.5580449089312655e-02 -2.0532063903839982e-02 0.0000000000000000e+00
1328 3.2648711635842660e-02 -2.3004124455834170e-02 0.0000000000000000e+00
1329 3.7690205406560505e-02 -1.4097397549087275e-02 0.0000000000000000e+00
1330 3.6740609556915264e-02 -1.0015816404644391e-02 0.0000000000000000e+00
1331 3.4834897488886678e-02 -1.6626645366583731e-02 0.0000000000000000e+00
1332 3.5637535012498972e-02 -5.7635254419303276e-03 0.0000000000000000e+00
1333 3.5896760244257434e-02 1.3110333160301402e-02 0.0000000000000000e+00
1334 3.5326353763231226e-02 4.9067468671234659e-03 0.0000000000000000e+00
1335 3.4422580062600461e-02 -1.2229705440580251e-03 0.0000000000000000e+00
1336 2.8121389215178840e-02 1.8023507435529013e-02 0.0000000000000000e+00
1337 2.0947598124006817e-02 2.2596925126052853e-02 0.0000000000000000e+00
1338 1.3816040728929628e-02 2.7202650094582673e-02 0.0000000000000000e+00
1339 6.8958440225203796e-03 3.1653184106841349e-02 0.0000000000000000e+00
1340 0.0000000000000000e+00 3.6035122902144737e-02 0.0000000000000000e+00
1341 1.7799999999999996e-02 -5.6950000000000001e-02 0.0000000000000000e+00
1342 1.7779613791486879e-02 -5.6950000000000001e-02 0.0000000000000000e+00
1343 1.7755575790014827e-02 -5.4099993679345863e-02 0.0000000000000000e+00
1344 1.7753952741032603e-02 -5.5524997979056606e-02 0.0000000000000000e+00
1345 1.7754229114090924e-02 -5.5049989151876554e-02 0.0000000000000000e+00
1346 1.7754902452052874e-02 -5.4574985500057911e-02 0.0000000000000000e+00
1347 1.7754056434385487e-02 -5.6000007385711273e-02 0.0000000000000000e+00
1348 1.7754603387828308e-02 -5.6475012700592929e-02 0.0000000000000000e+00
1349 1.7755150341271134e-02 -5.6950015420133067e-02 0.0000000000000000e+00
1350 6.6756165548542121e-02 -4.4653740968551708e-02 0.0000000000000000e+00
1351 6.6728792289308128e-02 -4.4459437188257470e-02 0.0000000000000000e+00
1352 6.6631006780232954e-02 -4.4320118108959326e-02 0.0000000000000000e+00
1353 6.6591724653449286e-02 -4.4070043559684066e-02 0.0000000000000000e+00
1354 6.6350263856863420e-02 -4.2965073734503499e-02 0.0000000000000000e+00
1355 6.5810171245480428e-02 -4.2128451806937403e-02 0.0000000000000000e+00
1356 6.6355203866721835e-02 -4.3670566668891402e-02 0.0000000000000000e+00
1357 6.4665885283843538e-02 -4.1873369348841158e-02 0.0000000000000000e+00
1358 6.3641451952459363e-02 -4.1230713240728044e-02 0.0000000000000000e+00
1359 6.2337358163683174e-02 -4.1465768467812657e-02 0.0000000000000000e+00
1360 5.6913326206639726e-02 -3.9382385193937532e-02 0.0000000000000000e+00
1361 6.0917117291368048e-02 -4.1174988229236389e-02 0.0000000000000000e+00
1362 5.8543133450912027e-02 -4.0436281560210251e-02 0.0000000000000000e+00
1363 5.9661208777861817e-02 -4.1213793263735442e-02 0.0000000000000000e+00
1364 6.8516231159404140e-02 -4.4619419294377058e-02 0.0000000000000000e+00
1365 6.8137261313832020e-02 -4.4950605954275587e-02 0.0000000000000000e+00
1366 6.7879688016749457e-02 -4.5168931532934435e-02 0.0000000000000000e+00
1367 6.7274096583519183e-02 -4.4974607669596808e-02 0.0000000000000000e+00
1368 6.7567416888993370e-02 -4.5119628976812917e-02 0.0000000000000000e+00
1369 6.6782125413366616e-02 -4.4897102350253529e-02 0.0000000000000000e+00
1370 6.7001312805489405e-02 -4.5036317805074055e-02 0.0000000000000000e+00
1371 6.9077027607726535e-02 -4.2755516108508730e-02 0.0000000000000000e+00
1372 6.9321160293901257e-02 -4.3236593146113847e-02 0.0000000000000000e+00
1373 6.9575588288688928e-02 -4.3692480031630287e-02 0.0000000000000000e+00
1374 6.8967485085523847e-02 -4.4358055188062052e-02 0.0000000000000000e+00
1375 6.9305860543475303e-02 -4.4056490733716210e-02 0.0000000000000000e+00
1376 6.9007419635621750e-02 -4.4812256451061128e-02 0.0000000000000000e+00
1377 6.8906714142594791e-02 -4.1744599493777332e-02 0.0000000000000000e+00
1378 6.9157861438581311e-02 -4.2268836065842724e-02 0.0000000000000000e+00
1379 6.9474727173020584e-02 -4.1268036785026989e-02 0.0000000000000000e+00
1380 6.9334550481637044e-02 -4.0603864099083266e-02 0.0000000000000000e+00
1381 7.0033395938215781e-02 -4.0789815085128835e-02 0.0000000000000000e+00
1382 6.8418986584137614e-02 -3.9587714737337479e-02 0.0000000000000000e+00
1383 6.9273565489412450e-02 -3.9870638992662695e-02 0.0000000000000000e+00
1384 8.3018578615539781e-02 -8.3637039289463557e-03 0.0000000000000000e+00
1385 8.4243990225626564e-02 -7.1897916425500419e-03 0.0000000000000000e+00
1386 8.5942882455522771e-02 -5.9409565212616257e-03 0.0000000000000000e+00
1387 8.7367250876634814e-02 -4.4658630057880337e-03 0.0000000000000000e+00
1388 8.8602549372715556e-02 -2.8660992796587207e-03 0.0000000000000000e+00
1389 8.9699923309127794e-02 -1.0000000000000000e-03 0.0000000000000000e+00
1390 8.1742440957415424e-02 -9.4292626929655017e-03 0.0000000000000000e+00
1391 8.3136701377102107e-02 -9.5478297447610782e-03 0.0000000000000000e+00
1392 7.3729954407736317e-02 -8.6976082253901136e-03 0.0000000000000000e+00
1393 7.5427801383109019e-02 -1.0050764356838431e-02 0.0000000000000000e+00
1394 7.7440078445189325e-02 -9.9042846179623039e-03 0.0000000000000000e+00
1395 7.9929942776069282e-02 -1.0533388035604890e-02 0.0000000000000000e+00
1396 7.1471228508331403e-02 -1.0443819204287634e-02 0.0000000000000000e+00
1397 5.7884037705051544e-02 -2.9742299612434304e-02 0.0000000000000000e+00
1398 5.6948428450887684e-02 -2.1907878093702818e-02 0.0000000000000000e+00
1399 5.7528048775648023e-02 -2.5892586714621624e-02 0.0000000000000000e+00
1400 6.9350990404112550e-02 -1.2370494120704102e-02 0.0000000000000000e+00
1401 6.0009444658504468e-02 -1.9350049603800414e-02 0.0000000000000000e+00
1402 6.6060988195905168e-02 -1.3791621496954421e-02 0.0000000000000000e+00
1403 6.2982939443899794e-02 -1.6683336984224865e-02 0.0000000000000000e+00
1404 6.1367835939728728e-02 -3.1498913469035390e-02 0.0000000000000000e+00
1405 6.6180333216410578e-02 -3.7410004732757698e-02 0.0000000000000000e+00
1406 6.4384446323243902e-02 -3.2051917996010280e-02 0.0000000000000000e+00
1407 6.5177955793309358e-02 -3.4114807785831557e-02 0.0000000000000000e+00
1408 6.5714484991495736e-02 -3.5823222224610651e-02 0.0000000000000000e+00
1409 6.8178968493038616e-02 -3.8560440490079687e-02 0.0000000000000000e+00
1410 6.7777401304815452e-02 -3.7437357316016717e-02 0.0000000000000000e+00
1411 1.9106284022063848e-02 -5.7425279523031787e-02 0.0000000000000000e+00
1412 1.9000000000000000e-02 -5.7900000000000000e-02 0.0000000000000000e+00
1413 1.9018966786920655e-02 -5.7900000000000000e-02 0.0000000000000000e+00
1414 1.9041726931225439e-02 -5.7900027120269759e-02 0.0000000000000000e+00
1415 1.9069039104391176e-02 -5.7900093886041920e-02 0.0000000000000000e+00
1416 1.8399999999999996e-02 -5.6950000000000001e-02 0.0000000000000000e+00
1417 1.8600000000000002e-02 -5.7424999999999997e-02 0.0000000000000000e+00
1418 1.8800000000000001e-02 -5.7899999999999993e-02 0.0000000000000000e+00
1419 1.9258853836618267e-02 -5.5049012591001825e-02 0.0000000000000000e+00
1420 1.9262233804687563e-02 -5.5524365920905684e-02 0.0000000000000000e+00
1421 1.9203798250869694e-02 -5.6475146425141731e-02 0.0000000000000000e+00
1422 1.9264307299922685e-02 -5.5999710389876514e-02 0.0000000000000000e+00
1423 1.9147340383492983e-02 -5.7425561959323350e-02 0.0000000000000000e+00
1424 1.9201863453025578e-02 -5.6950617114603433e-02 0.0000000000000000e+00
1425 1.9301450180896917e-02 -5.3628822102197694e-02 0.0000000000000000e+00
1426 1.9314120860045175e-02 -5.4097981440420398e-02 0.0000000000000000e+00
1427 1.9323868625361312e-02 -5.4572757834762876e-02 0.0000000000000000e+00
1428 1.9421039281110771e-02 -4.5594240542289999e-02 0.0000000000000000e+00
1429 4.9667023988405161e-02 -3.6512271394896913e-02 0.0000000000000000e+00
1430 5.1341472428085559e-02 -3.7510312502978996e-02 0.0000000000000000e+00
1431 5.2825528636067320e-02 -3.8557051709748727e-02 0.0000000000000000e+00
1432 5.4744706154765475e-02 -3.9518657727407376e-02 0.0000000000000000e+00
1433 5.5884563162982806e-02 -4.0819841650063540e-02 0.0000000000000000e+00
1434 4.8010488705296589e-02 -3.5636028599799432e-02 0.0000000000000000e+00
1435 4.5706327938668488e-02 -3.4924155138085722e-02 0.0000000000000000e+00
1436 3.7492766905816641e-02 -3.2353978145084408e-02 0.0000000000000000e+00
1437 3.4757199455004578e-02 -3.5010622596410086e-02 0.0000000000000000e+00
1438 4.0731814303439584e-02 -3.3497085316269146e-02 0.0000000000000000e+00
1439 4.3181226547865180e-02 -3.5100624521453648e-02 0.0000000000000000e+00
1440 4.4449217187548754e-02 -3.6562055840912808e-02 0.0000000000000000e+00
1441 3.1874989393223176e-02 -3.6853399136964130e-02 0.0000000000000000e+00
1442 3.4115479989128762e-02 -3.7699350624986555e-02 0.0000000000000000e+00
1443 2.0459663432740458e-02 -4.8704676545535189e-02 0.0000000000000000e+00
1444 2.0781171025925738e-02 -4.9366847869898665e-02 0.0000000000000000e+00
1445 1.9482617266774641e-02 -5.2929001498797666e-02 0.0000000000000000e+00
1446 2.0712084817560390e-02 -4.9873024942586983e-02 0.0000000000000000e+00
1447 2.0534952934691469e-02 -5.0293233756704581e-02 0.0000000000000000e+00
1448 1.9689787719400633e-02 -5.2724316758923535e-02 0.0000000000000000e+00
1449 2.0561067002752526e-02 -5.0722048839215501e-02 0.0000000000000000e+00
1450 2.0306641785333403e-02 -5.1171951771925871e-02 0.0000000000000000e+00
1451 1.9759596888274424e-02 -5.2340259208363438e-02 0.0000000000000000e+00
1452 1.9947544514844946e-02 -5.2000000000000005e-02 0.0000000000000000e+00
1453 2.0168006778263938e-02 -5.1666532682622092e-02 0.0000000000000000e+00
1454 1.9542157944936370e-02 -5.3367096646288949e-02 0.0000000000000000e+00
1455 1.8200000000000004e-02 -5.6950000000000001e-02 0.0000000000000000e+00
1456 1.8300000000000000e-02 -5.7424999999999997e-02 0.0000000000000000e+00
1457 1.7756807785472978e-02 -5.3625164735367839e-02 0.0000000000000000e+00
1458 1.8300000000000004e-02 -5.2199999999999996e-02 0.0000000000000000e+00
1459 1.7799999999999996e-02 -5.3150000000000017e-02 0.0000000000000000e+00
1460 1.8200000000000001e-02 -5.2674999999999993e-02 0.0000000000000000e+00
1461 1.7774618333664585e-02 -5.3150000000000017e-02 0.0000000000000000e+00
1462 1.9636506352935151e-02 -4.6899964616447791e-02 0.0000000000000000e+00
1463 1.9754977999167544e-02 -4.8034989231520477e-02 0.0000000000000000e+00
1464 1.8817370759021703e-02 -5.0883031974221768e-02 0.0000000000000000e+00
1465 1.9290759432956224e-02 -5.0300331809314709e-02 0.0000000000000000e+00
1466 1.9583578331587973e-02 -4.9684706155053146e-02 0.0000000000000000e+00
1467 1.9465457423477672e-02 -4.8894433204588604e-02 0.0000000000000000e+00
1468 1.8400000000000003e-02 -5.1300000000000005e-02 0.0000000000000000e+00
1469 1.8300000000000000e-02 -5.1749999999999997e-02 0.0000000000000000e+00
1470 1.8399999999999996e-02 -4.6200000000000005e-02 0.0000000000000000e+00
1471 3.1409996364165478e-02 -3.3584705393677930e-02 0.0000000000000000e+00
1472 3.0675000000000004e-02 -3.0194999999999993e-02 0.0000000000000000e+00
1473 2.9454151603060412e-02 -3.7883021456996097e-02 0.0000000000000000e+00
1474 2.9687777502250594e-02 -3.5665798640143145e-02 0.0000000000000000e+00
1475 2.7716760544475385e-02 -3.8843861561268185e-02 0.0000000000000000e+00
1476 1.8400000000000000e-02 -4.4499999999999998e-02 0.0000000000000000e+00
1477 1.9933333333333331e-02 -4.4299999999999999e-02 0.0000000000000000e+00
1478 3.0300000000000001e-02 -2.9250000000000009e-02 0.0000000000000000e+00
1479 2.7465625000000007e-02 -3.2199375000000002e-02 0.0000000000000000e+00
1480 2.9723374236330053e-02 -2.5532242198629995e-02 0.0000000000000000e+00
1481 3.1963472207544738e-02 -1.9136814674258765e-02 0.0000000000000000e+00
1482 2.9078673309681037e-02 -2.1603929002719256e-02 0.0000000000000000e+00
1483 3.3941820540624321e-02 -1.2608767316935767e-02 0.0000000000000000e+00
1484 3.2827509642292856e-02 -8.3977889894975930e-03 0.0000000000000000e+00
1485 3.1285480136399625e-02 -1.5290954741945929e-02 0.0000000000000000e+00
1486 3.1312555238668771e-02 -3.7998851366692044e-03 0.0000000000000000e+00
1487 2.8729700735481659e-02 9.1053912007762264e-03 0.0000000000000000e+00
1488 2.9576821687583958e-02 1.4342731894374698e-03 0.0000000000000000e+00
1489 2.1308817937663250e-02 1.3540025757282833e-02 0.0000000000000000e+00
1490 1.3898229309551145e-02 1.8423711461657340e-02 0.0000000000000000e+00
1491 6.8914384866339915e-03 2.2980938121837251e-02 0.0000000000000000e+00
1492 0.0000000000000000e+00 2.7406417946883178e-02 0.0000000000000000e+00
1493 1.7799999999999996e-02 -5.7424999999999997e-02 0.0000000000000000e+00
1494 1.7779957975628032e-02 -5.7424999999999997e-02 0.0000000000000000e+00
1495 1.7755907546381674e-02 -5.7425019266337640e-02 0.0000000000000000e+00
1496 1.7726498125297259e-02 -5.4099984547794987e-02 0.0000000000000000e+00
1497 1.7723812716981219e-02 -5.5524992685519296e-02 0.0000000000000000e+00
1498 1.7724269988768620e-02 -5.5049960889042591e-02 0.0000000000000000e+00
1499 1.7725384057032941e-02 -5.4574948396654735e-02 0.0000000000000000e+00
1500 1.7723984282346898e-02 -5.6000026698950933e-02 0.0000000000000000e+00
1501 1.7727047031286049e-02 -5.7425069085279112e-02 0.0000000000000000e+00
1502 1.7724889241679566e-02 -5.6475046093711748e-02 0.0000000000000000e+00
1503 1.7725794201012238e-02 -5.6950056041058211e-02 0.0000000000000000e+00
1504 6.6606741643589887e-02 -4.4745096342247478e-02 0.0000000000000000e+00
1505 6.6544970846993359e-02 -4.4509487851494174e-02 0.0000000000000000e+00
1506 6.6467838042507679e-02 -4.4294042850136439e-02 0.0000000000000000e+00
1507 6.6299977435698598e-02 -4.4182096872453475e-02 0.0000000000000000e+00
1508 6.5433941015312053e-02 -4.3265129264129835e-02 0.0000000000000000e+00
1509 6.6000000000000003e-02 -4.4100000000000000e-02 0.0000000000000000e+00
1510 6.6540493342790427e-02 -4.5002136682153006e-02 0.0000000000000000e+00
1511 6.3605887826675298e-02 -4.2754644785361270e-02 0.0000000000000000e+00
1512 6.1714857921461495e-02 -4.2691222427586856e-02 0.0000000000000000e+00
1513 5.7309395128852789e-02 -4.1344857324243936e-02 0.0000000000000000e+00
1514 6.0178784247042441e-02 -4.2551933083110761e-02 0.0000000000000000e+00
1515 5.8673429331816622e-02 -4.2108660714628147e-02 0.0000000000000000e+00
1516 6.8671520737851849e-02 -4.5217961204351918e-02 0.0000000000000000e+00
1517 6.8132581711734128e-02 -4.5394668809940593e-02 0.0000000000000000e+00
1518 6.7695690519125259e-02 -4.5448552159418711e-02 0.0000000000000000e+00
1519 6.8487595904927104e-02 -4.5764393895131664e-02 0.0000000000000000e+00
1520 6.7208487439118156e-02 -4.5364131347935092e-02 0.0000000000000000e+00
1521 6.6807482257339554e-02 -4.5248550962325690e-02 0.0000000000000000e+00
1522 6.6527932673347528e-02 -4.5344017354453543e-02 0.0000000000000000e+00
1523 6.9497589773128879e-02 -4.2499980916571735e-02 0.0000000000000000e+00
1524 6.9529089445645731e-02 -4.2908860412314294e-02 0.0000000000000000e+00
1525 6.9856420083290363e-02 -4.3270244890247195e-02 0.0000000000000000e+00
1526 6.9751114042448922e-02 -4.4128361217834498e-02 0.0000000000000000e+00
1527 7.0121394278723576e-02 -4.3855674372959563e-02 0.0000000000000000e+00
1528 6.9509137345886304e-02 -4.4603275512780705e-02 0.0000000000000000e+00
1529 6.9325396397886013e-02 -4.5241714803724582e-02 0.0000000000000000e+00
1530 6.9680093671032214e-02 -4.1970984534772930e-02 0.0000000000000000e+00
1531 7.0211172663360188e-02 -4.1404764796174005e-02 0.0000000000000000e+00
1532 7.0559668983715310e-02 -4.0934561048429768e-02 0.0000000000000000e+00
1533 7.0001372443485463e-02 -4.0113911339779020e-02 0.0000000000000000e+00
1534 7.0510753986694708e-02 -4.0460247680395418e-02 0.0000000000000000e+00
1535 6.9326028201908474e-02 -3.8825214057326911e-02 0.0000000000000000e+00
1536 7.0012588835209527e-02 -3.9438541762806339e-02 0.0000000000000000e+00
1537 9.2159054409975141e-02 -1.0000000000000000e-03 0.0000000000000000e+00
1538 8.4444392937669491e-02 -8.8707193051013947e-03 0.0000000000000000e+00
1539 8.4071611781544001e-02 -1.0299424404757392e-02 0.0000000000000000e+00
1540 8.6161475616517699e-02 -7.9929076169591128e-03 0.0000000000000000e+00
1541 8.7821028771729120e-02 -6.6432628284427142e-03 0.0000000000000000e+00
1542 8.9450476987136887e-02 -4.9798999209923608e-03 0.0000000000000000e+00
1543 9.0890414041191900e-02 -3.1414934168988232e-03 0.0000000000000000e+00
1544 8.2519257514015912e-02 -1.1294818464317851e-02 0.0000000000000000e+00
1545 8.4351220799504911e-02 -1.1519500696594564e-02 0.0000000000000000e+00
1546 7.3888227411915572e-02 -1.1240034629371209e-02 0.0000000000000000e+00
1547 7.6216620217104319e-02 -1.1894398096877395e-02 0.0000000000000000e+00
1548 7.8479997613876001e-02 -1.2244302670414316e-02 0.0000000000000000e+00
1549 8.0496490698271625e-02 -1.2398114907310668e-02 0.0000000000000000e+00
1550 7.1957406126574405e-02 -1.3355511889033706e-02 0.0000000000000000e+00
1551 6.1330616509616097e-02 -2.7495524346016143e-02 0.0000000000000000e+00
1552 6.0757622343043285e-02 -2.3488777725418072e-02 0.0000000000000000e+00
1553 6.9495020534079313e-02 -1.5448414949787416e-02 0.0000000000000000e+00
1554 6.3850688555425889e-02 -2.0808724133101426e-02 0.0000000000000000e+00
1555 6.6712223313528232e-02 -1.7891028747284491e-02 0.0000000000000000e+00
1556 6.4148972536295104e-02 -2.9230248773202797e-02 0.0000000000000000e+00
1557 6.7393854128022276e-02 -3.5966023536844083e-02 0.0000000000000000e+00
1558 6.8609101495140420e-02 -3.6498940108104887e-02 0.0000000000000000e+00
1559 6.6188939803670674e-02 -3.0812659835332296e-02 0.0000000000000000e+00
1560 6.6689723176569904e-02 -3.2656909373488516e-02 0.0000000000000000e+00
1561 6.7068341584378369e-02 -3.4501781023190729e-02 0.0000000000000000e+00
1562 6.9356771686656202e-02 -3.7596470545596630e-02 0.0000000000000000e+00
1563 1.9101813712190066e-02 -5.7900216386852790e-02 0.0000000000000000e+00
1564 1.9141143241548732e-02 -5.7900411852084631e-02 0.0000000000000000e+00
1565 1.9000000000000000e-02 -5.8375000000000003e-02 0.0000000000000000e+00
1566 1.9018134016824943e-02 -5.8375000000000003e-02 0.0000000000000000e+00
1567 1.9039894837014872e-02 -5.8374892310928204e-02 0.0000000000000000e+00
1568 1.9066007821242785e-02 -5.8374620071709613e-02 0.0000000000000000e+00
1569 1.8399999999999996e-02 -5.7424999999999997e-02 0.0000000000000000e+00
1570 1.8600000000000002e-02 -5.7899999999999979e-02 0.0000000000000000e+00
1571 1.8800000000000001e-02 -5.8375000000000003e-02 0.0000000000000000e+00
1572 1.9330666084322875e-02 -5.5048345503039282e-02 0.0000000000000000e+00
1573 1.9334983736404882e-02 -5.5523944887369329e-02 0.0000000000000000e+00
1574 1.9265081555903858e-02 -5.6475259735026248e-02 0.0000000000000000e+00
1575 1.9337632468829392e-02 -5.5999529054176940e-02 0.0000000000000000e+00
1576 1.9196608017207944e-02 -5.7426024218011629e-02 0.0000000000000000e+00
1577 1.9188338676779132e-02 -5.7900744612698903e-02 0.0000000000000000e+00
1578 1.9262564953230928e-02 -5.6951066390226263e-02 0.0000000000000000e+00
1579 1.9585583502376155e-02 -5.3836775753023564e-02 0.0000000000000000e+00
1580 1.9589915056796987e-02 -5.4320179653531343e-02 0.0000000000000000e+00
1581 1.9604787064288819e-02 -5.4804173227424986e-02 0.0000000000000000e+00
1582 2.0537357589655060e-02 -4.6927626866753981e-02 0.0000000000000000e+00
1583 2.0514458842432710e-02 -4.7744453484980284e-02 0.0000000000000000e+00
1584 2.1104910463189505e-02 -4.8449471145455142e-02 0.0000000000000000e+00
1585 1.9933333333333331e-02 -4.4500000000000005e-02 0.0000000000000000e+00
1586 2.1466666666666669e-02 -4.4299999999999999e-02 0.0000000000000000e+00
1587 2.0571638987392817e-02 -4.5914349568700261e-02 0.0000000000000000e+00
1588 3.0888203675735148e-02 -3.9476966624300870e-02 0.0000000000000000e+00
1589 2.9199255507925605e-02 -4.0117307918635173e-02 0.0000000000000000e+00
1590 2.7578006143949011e-02 -4.1010840545258505e-02 0.0000000000000000e+00
1591 2.5999999999999995e-02 -4.2100000000000005e-02 0.0000000000000000e+00
1592 4.8182112385780698e-02 -3.7856634592034727e-02 0.0000000000000000e+00
1593 4.9845358238074143e-02 -3.8515885296953392e-02 0.0000000000000000e+00
1594 5.1402008960308158e-02 -3.9454503404969081e-02 0.0000000000000000e+00
1595 5.2996219317409013e-02 -4.0446360240446726e-02 0.0000000000000000e+00
1596 5.4510163862402754e-02 -4.1453986780936827e-02 0.0000000000000000e+00
1597 5.5945224462253300e-02 -4.2399321223792023e-02 0.0000000000000000e+00
1598 4.6176367103327801e-02 -3.7398287171496424e-02 0.0000000000000000e+00
1599 3.8194655385542273e-02 -3.5851220276343861e-02 0.0000000000000000e+00
1600 3.6096788767643079e-02 -3.7582950103352580e-02 0.0000000000000000e+00
1601 4.0910386408523729e-02 -3.6264592756566731e-02 0.0000000000000000e+00
1602 4.2839676888391402e-02 -3.7305492292014346e-02 0.0000000000000000e+00
1603 4.4331656302993593e-02 -3.8067506545034484e-02 0.0000000000000000e+00
1604 3.4963577241936002e-02 -3.8939749749170340e-02 0.0000000000000000e+00
1605 3.3002042731102646e-02 -3.9408676469070682e-02 0.0000000000000000e+00
1606 2.1182122985622387e-02 -4.9014457118786693e-02 0.0000000000000000e+00
1607 2.1269317401311983e-02 -4.9688174759265770e-02 0.0000000000000000e+00
1608 1.9788296365407645e-02 -5.3090896272829660e-02 0.0000000000000000e+00
1609 2.1056533787062244e-02 -5.0393847007484359e-02 0.0000000000000000e+00
1610 2.0005175373789087e-02 -5.2731834626975761e-02 0.0000000000000000e+00
1611 2.0915691141231155e-02 -5.1041095136271933e-02 0.0000000000000000e+00
1612 2.0650545857255027e-02 -5.1565223181917134e-02 0.0000000000000000e+00
1613 2.0218697469085525e-02 -5.2404910591040833e-02 0.0000000000000000e+00
1614 2.0413770450646719e-02 -5.1999999999999991e-02 0.0000000000000000e+00
1615 1.9860466947951221e-02 -5.3557159721971663e-02 0.0000000000000000e+00
1616 1.8200000000000004e-02 -5.7424999999999997e-02 0.0000000000000000e+00
1617 1.8299999999999997e-02 -5.7899999999999979e-02 0.0000000000000000e+00
1618 1.7728536517782563e-02 -5.3625576536559715e-02 0.0000000000000000e+00
1619 1.7744160334062092e-02 -5.3150838014859203e-02 0.0000000000000000e+00
1620 1.8200000000000008e-02 -5.2199999999999996e-02 0.0000000000000000e+00
1621 1.7799999999999996e-02 -5.2675000000000013e-02 0.0000000000000000e+00
1622 1.7762442768010100e-02 -5.2675000000000013e-02 0.0000000000000000e+00
1623 1.8399999999999996e-02 -4.7900000000000005e-02 0.0000000000000000e+00
1624 1.8200000000000001e-02 -5.1750000000000004e-02 0.0000000000000000e+00
1625 1.8399999999999996e-02 -4.9600000000000005e-02 0.0000000000000000e+00
1626 1.8300000000000000e-02 -5.1300000000000005e-02 0.0000000000000000e+00
1627 1.8299999999999997e-02 -4.6200000000000012e-02 0.0000000000000000e+00
1628 1.6786069392329871e-02 -4.4810668218401774e-02 0.0000000000000000e+00
1629 1.6653257752095627e-02 -4.4386391462248272e-02 0.0000000000000000e+00
1630 2.4500000000000001e-02 -4.3099999999999992e-02 0.0000000000000000e+00
1631 2.3000000000000000e-02 -4.4100000000000000e-02 0.0000000000000000e+00
1632 2.1466666666666669e-02 -4.4100000000000000e-02 0.0000000000000000e+00
1633 2.7606250000000006e-02 -3.2711249999999990e-02 0.0000000000000000e+00
1634 2.7357922994752541e-02 -3.6340794860665077e-02 0.0000000000000000e+00
1635 2.5900156504538235e-02 -3.9840944408030265e-02 0.0000000000000000e+00
1636 2.6007978209272711e-02 -3.8119081113891062e-02 0.0000000000000000e+00
1637 2.4469785691960722e-02 -4.0793036665796263e-02 0.0000000000000000e+00
1638 1.9933333333333331e-02 -4.4100000000000007e-02 0.0000000000000000e+00
1639 1.8299999999999997e-02 -4.4499999999999998e-02 0.0000000000000000e+00
1640 1.8399999999999996e-02 -4.4299999999999999e-02 0.0000000000000000e+00
1641 2.7325000000000002e-02 -3.1687500000000007e-02 0.0000000000000000e+00
1642 2.6757597437817075e-02 -2.8092623817261912e-02 0.0000000000000000e+00
1643 2.4443750000000007e-02 -3.4676250000000006e-02 0.0000000000000000e+00
1644 2.6188085793404380e-02 -2.4140546269337992e-02 0.0000000000000000e+00
1645 2.8328794361023375e-02 -1.7742037077457827e-02 0.0000000000000000e+00
1646 2.5612369497373239e-02 -2.0056283773109623e-02 0.0000000000000000e+00
1647 3.0112239008245965e-02 -1.1079341850941560e-02 0.0000000000000000e+00
1648 2.9211358368404289e-02 -7.1097133750400903e-03 0.0000000000000000e+00
1649 2.7749926837796975e-02 -1.4301399727086385e-02 0.0000000000000000e+00
1650 2.5845790267387956e-02 -3.3967828903704346e-03 0.0000000000000000e+00
1651 2.2148061564975199e-02 3.6174607949831798e-03 0.0000000000000000e+00
1652 1.4008565345700807e-02 9.4725172187340480e-03 0.0000000000000000e+00
1653 6.7873572762120584e-03 1.4374147387107093e-02 0.0000000000000000e+00
1654 0.0000000000000000e+00 1.8777712991621592e-02 0.0000000000000000e+00
1655 1.7799999999999996e-02 -5.7900000000000000e-02 0.0000000000000000e+00
1656 1.7780423097908216e-02 -5.7900000000000000e-02 0.0000000000000000e+00
1657 1.7756930815398080e-02 -5.7900012011383603e-02 0.0000000000000000e+00
1658 1.7728740076385915e-02 -5.7900036945877552e-02 0.0000000000000000e+00
1659 1.7691604927636179e-02 -5.4099978652081673e-02 0.0000000000000000e+00
1660 1.7687644688119557e-02 -5.5524982287357090e-02 0.0000000000000000e+00
1661 1.7688319038381858e-02 -5.5049905683640564e-02 0.0000000000000000e+00
1662 1.7689961983009019e-02 -5.4574877384959759e-02 0.0000000000000000e+00
1663 1.7694911189571318e-02 -5.7900075261969233e-02 0.0000000000000000e+00
1664 1.7687897699900590e-02 -5.6000064625976231e-02 0.0000000000000000e+00
1665 1.7692414413171296e-02 -5.7425165643281872e-02 0.0000000000000000e+00
1666 1.7689232266301078e-02 -5.6475112063066123e-02 0.0000000000000000e+00
1667 1.7690566832701565e-02 -5.6950136418521993e-02 0.0000000000000000e+00
1668 6.6400969607012111e-02 -4.4701933150292583e-02 0.0000000000000000e+00
1669 6.6285974278106494e-02 -4.4386244859149444e-02 0.0000000000000000e+00
1670 6.6000000000000003e-02 -4.4300000000000006e-02 0.0000000000000000e+00
1671 6.4250000000000002e-02 -4.4100000000000000e-02 0.0000000000000000e+00
1672 6.6217238122259728e-02 -4.5127389532665735e-02 0.0000000000000000e+00
1673 6.2500000000000000e-02 -4.4100000000000000e-02 0.0000000000000000e+00
1674 6.0749999999999998e-02 -4.4100000000000000e-02 0.0000000000000000e+00
1675 5.7401023307212883e-02 -4.3208605570442309e-02 0.0000000000000000e+00
1676 5.9000000000000004e-02 -4.4100000000000000e-02 0.0000000000000000e+00
1677 6.9096624766228978e-02 -4.5737614346851578e-02 0.0000000000000000e+00
1678 6.7405848758417347e-02 -4.5797054416618459e-02 0.0000000000000000e+00
1679 6.7923733695617564e-02 -4.5817567907934224e-02 0.0000000000000000e+00
1680 6.8881574418102220e-02 -4.6202556884890410e-02 0.0000000000000000e+00
1681 6.8283190637910343e-02 -4.6224850006968889e-02 0.0000000000000000e+00
1682 6.6793788896050268e-02 -4.5707436445292203e-02 0.0000000000000000e+00
1683 6.6212870897591689e-02 -4.5735695331033062e-02 0.0000000000000000e+00
1684 7.0074924018347223e-02 -4.2643276014674464e-02 0.0000000000000000e+00
1685 7.0516401954848110e-02 -4.3285307692724533e-02 0.0000000000000000e+00
1686 7.0170365813703811e-02 -4.4464131325762296e-02 0.0000000000000000e+00
1687 7.0768225559146858e-02 -4.4037015463660942e-02 0.0000000000000000e+00
1688 7.0036319902544428e-02 -4.5161918869304166e-02 0.0000000000000000e+00
1689 6.9742835162172834e-02 -4.5745299096967652e-02 0.0000000000000000e+00
1690 7.0524671794618229e-02 -4.2017650002590036e-02 0.0000000000000000e+00
1691 7.0939182750635044e-02 -4.1375279259868822e-02 0.0000000000000000e+00
1692 7.1103303717181973e-02 -4.0649937812335085e-02 0.0000000000000000e+00
1693 7.0850076746432025e-02 -3.9815572487209842e-02 0.0000000000000000e+00
1694 7.0611901294809210e-02 -3.8567371937053244e-02 0.0000000000000000e+00
1695 9.4999319718651318e-02 -1.0000000000000000e-03 0.0000000000000000e+00
1696 9.3530826101822812e-02 -3.4663270326459042e-03 0.0000000000000000e+00
1697 8.5774003973701524e-02 -1.0321091400184891e-02 0.0000000000000000e+00
1698 8.7977934754168999e-02 -9.0391214202151307e-03 0.0000000000000000e+00
1699 8.9964057432249153e-02 -7.4720398913833957e-03 0.0000000000000000e+00
1700 9.1870237102207541e-02 -5.5755966462256550e-03 0.0000000000000000e+00
1701 8.3654169573374890e-02 -1.3163058919728297e-02 0.0000000000000000e+00
1702 8.1853598377511050e-02 -1.3362962768245123e-02 0.0000000000000000e+00
1703 8.5737061154888328e-02 -1.2519110293984385e-02 0.0000000000000000e+00
1704 8.5045558285719094e-02 -1.4265153960605946e-02 0.0000000000000000e+00
1705 7.4845431782876726e-02 -1.4036969402441396e-02 0.0000000000000000e+00
1706 7.7218184665659384e-02 -1.3890032904236722e-02 0.0000000000000000e+00
1707 7.9703532150799491e-02 -1.4559783062085302e-02 0.0000000000000000e+00
1708 7.3075521302698315e-02 -1.6661943222347764e-02 0.0000000000000000e+00
1709 6.4878507108177524e-02 -2.5477903461266018e-02 0.0000000000000000e+00
1710 7.0467329002006002e-02 -1.9218073216292552e-02 0.0000000000000000e+00
1711 6.7762704613737207e-02 -2.1961083623728613e-02 0.0000000000000000e+00
1712 6.7072172716518524e-02 -2.8565382274676705e-02 0.0000000000000000e+00
1713 6.8809745464005631e-02 -3.5124342536184079e-02 0.0000000000000000e+00
1714 6.9666267949965402e-02 -3.6164728604255188e-02 0.0000000000000000e+00
1715 6.8257509207213227e-02 -3.0932192554290781e-02 0.0000000000000000e+00
1716 6.8908100015777254e-02 -3.3323169099733228e-02 0.0000000000000000e+00
1717 7.1046704723678328e-02 -3.6769363045225663e-02 0.0000000000000000e+00
1718 1.9097343402316284e-02 -5.8374104924494491e-02 0.0000000000000000e+00
1719 1.9134946099604481e-02 -5.8373212758195139e-02 0.0000000000000000e+00
1720 1.9000000000000000e-02 -5.8850000000000000e-02 0.0000000000000000e+00
1721 1.9022620175543986e-02 -5.8850000000000000e-02 0.0000000000000000e+00
1722 1.9049764386196766e-02 -5.8849381076958918e-02 0.0000000000000000e+00
1723 1.9082337438980104e-02 -5.8848053281598603e-02 0.0000000000000000e+00
1724 1.8399999999999996e-02 -5.7899999999999993e-02 0.0000000000000000e+00
1725 1.8600000000000002e-02 -5.8375000000000017e-02 0.0000000000000000e+00
1726 1.8800000000000001e-02 -5.8849999999999993e-02 0.0000000000000000e+00
1727 1.9613115890848579e-02 -5.5285865290826686e-02 0.0000000000000000e+00
1728 1.9618132817310639e-02 -5.5763958734154837e-02 0.0000000000000000e+00
1729 1.9338621521944859e-02 -5.6475446089304951e-02 0.0000000000000000e+00
1730 1.9617521829390722e-02 -5.6239955589889201e-02 0.0000000000000000e+00
1731 1.9180069336350317e-02 -5.8372063406925578e-02 0.0000000000000000e+00
1732 1.9255729177665895e-02 -5.7426752403464051e-02 0.0000000000000000e+00
1733 1.9244973199055611e-02 -5.7901290755238019e-02 0.0000000000000000e+00
1734 1.9234217220445323e-02 -5.8370675298824871e-02 0.0000000000000000e+00
1735 1.9335406753477349e-02 -5.6951782969321969e-02 0.0000000000000000e+00
1736 1.9884300105432153e-02 -5.4054152725534113e-02 0.0000000000000000e+00
1737 1.9911640320626669e-02 -5.4552252379441370e-02 0.0000000000000000e+00
1738 1.9922067977094619e-02 -5.5045441821507807e-02 0.0000000000000000e+00
1739 2.1469246953043433e-02 -4.6965224182648015e-02 0.0000000000000000e+00
1740 2.1465743081061712e-02 -4.7913480292240247e-02 0.0000000000000000e+00
1741 2.1800457650087517e-02 -4.8624300384892856e-02 0.0000000000000000e+00
1742 2.1466666666666669e-02 -4.4500000000000012e-02 0.0000000000000000e+00
1743 2.3000000000000000e-02 -4.4299999999999992e-02 0.0000000000000000e+00
1744 2.2081316899080945e-02 -4.5772725026894868e-02 0.0000000000000000e+00
1745 3.1962445502453703e-02 -4.0815301103037431e-02 0.0000000000000000e+00
1746 2.4499999999999997e-02 -4.3299999999999991e-02 0.0000000000000000e+00
1747 3.0537503100446450e-02 -4.1382780635013855e-02 0.0000000000000000e+00
1748 2.9064334530497331e-02 -4.2070191121653069e-02 0.0000000000000000e+00
1749 2.7500000000000000e-02 -4.3099999999999992e-02 0.0000000000000000e+00
1750 2.5999999999999992e-02 -4.2299999999999990e-02 0.0000000000000000e+00
1751 4.7114827454472243e-02 -3.9074414789456141e-02 0.0000000000000000e+00
1752 4.8411266228242503e-02 -3.9631611242558033e-02 0.0000000000000000e+00
1753 4.9929527334538933e-02 -4.0394193605913287e-02 0.0000000000000000e+00
1754 5.1473947807673955e-02 -4.1303217073773324e-02 0.0000000000000000e+00
1755 5.2996589988561875e-02 -4.2278394519605647e-02 0.0000000000000000e+00
1756 5.4493643938416256e-02 -4.3261310728407540e-02 0.0000000000000000e+00
1757 5.5978090920354530e-02 -4.4198794159989785e-02 0.0000000000000000e+00
1758 4.5314876300761073e-02 -3.9564953568340645e-02 0.0000000000000000e+00
1759 3.9523868773004414e-02 -3.7687229231240384e-02 0.0000000000000000e+00
1760 3.7848526248616350e-02 -3.8408280823973920e-02 0.0000000000000000e+00
1761 3.6377718320850738e-02 -3.9530738228815483e-02 0.0000000000000000e+00
1762 4.1146964880714558e-02 -3.8401887251762849e-02 0.0000000000000000e+00
1763 4.3026663824791277e-02 -3.9426117299846693e-02 0.0000000000000000e+00
1764 3.4780393096634520e-02 -4.0474969100926891e-02 0.0000000000000000e+00
1765 3.3401793713088317e-02 -4.1429316998165697e-02 0.0000000000000000e+00
1766 2.1868489710735888e-02 -4.9371863650265559e-02 0.0000000000000000e+00
1767 2.1776646268955750e-02 -5.0143813093630370e-02 0.0000000000000000e+00
1768 2.0152480824921187e-02 -5.3236095448605060e-02 0.0000000000000000e+00
1769 2.1542384120434254e-02 -5.0880934408843809e-02 0.0000000000000000e+00
1770 2.0429511682326099e-02 -5.2863627707054259e-02 0.0000000000000000e+00
1771 2.1267942447613923e-02 -5.1480658534540473e-02 0.0000000000000000e+00
1772 2.0955020808821563e-02 -5.1999999999999991e-02 0.0000000000000000e+00
1773 2.0707516516534265e-02 -5.2464218933912905e-02 0.0000000000000000e+00
1774 2.0240391916241642e-02 -5.3758786877377916e-02 0.0000000000000000e+00
1775 1.8200000000000004e-02 -5.7899999999999993e-02 0.0000000000000000e+00
1776 1.8300000000000004e-02 -5.8375000000000017e-02 0.0000000000000000e+00
1777 1.7694610996554064e-02 -5.3626358847906674e-02 0.0000000000000000e+00
1778 1.7707610734539098e-02 -5.3152677466063412e-02 0.0000000000000000e+00
1779 1.7717374089622224e-02 -5.2680573603051284e-02 0.0000000000000000e+00
1780 1.7913950804201492e-02 -5.1974448029511282e-02 0.0000000000000000e+00
1781 1.7799999999999996e-02 -5.2200000000000003e-02 0.0000000000000000e+00
1782 1.7723688995166142e-02 -5.2231609053160502e-02 0.0000000000000000e+00
1783 1.7769754021007465e-02 -5.1722240147556393e-02 0.0000000000000000e+00
1784 1.6237709791270330e-02 -4.4267439330046537e-02 0.0000000000000000e+00
1785 1.8299999999999997e-02 -4.7900000000000026e-02 0.0000000000000000e+00
1786 1.8200000000000001e-02 -5.1300000000000005e-02 0.0000000000000000e+00
1787 1.8299999999999997e-02 -4.9600000000000005e-02 0.0000000000000000e+00
1788 1.7533970525193638e-02 -4.5130887476861982e-02 0.0000000000000000e+00
1789 1.8200000000000001e-02 -4.6200000000000005e-02 0.0000000000000000e+00
1790 1.6802033342745992e-02 -4.5306470452684294e-02 0.0000000000000000e+00
1791 1.6416617477090830e-02 -4.5088779393716229e-02 0.0000000000000000e+00
1792 1.6235100452319323e-02 -4.4664118429447765e-02 0.0000000000000000e+00
1793 1.5907018320498442e-02 -4.4351982914929977e-02 0.0000000000000000e+00
1794 1.7216504139315195e-02 -4.4502323052805555e-02 0.0000000000000000e+00
1795 1.7752406755092147e-02 -4.4428189006120548e-02 0.0000000000000000e+00
1796 1.8200000000000001e-02 -4.4499999999999998e-02 0.0000000000000000e+00
1797 1.6881485296574756e-02 -4.4058213537028365e-02 0.0000000000000000e+00
1798 1.6455799499023378e-02 -4.3891812809134477e-02 0.0000000000000000e+00
1799 2.2942483188581282e-02 -4.1900467445643116e-02 0.0000000000000000e+00
1800 2.1611022139355788e-02 -4.2577097694760896e-02 0.0000000000000000e+00
1801 2.0476324276815693e-02 -4.3194777347058823e-02 0.0000000000000000e+00
1802 2.4537500000000011e-02 -3.5227499999999995e-02 0.0000000000000000e+00
1803 2.3892970059831892e-02 -3.8637629545004680e-02 0.0000000000000000e+00
1804 2.2923875193927308e-02 -4.0140917255460290e-02 0.0000000000000000e+00
1805 1.9462398484789499e-02 -4.3162957991854926e-02 0.0000000000000000e+00
1806 1.8400000000000000e-02 -4.4100000000000000e-02 0.0000000000000000e+00
1807 1.8299999999999997e-02 -4.4299999999999992e-02 0.0000000000000000e+00
1808 2.4350000000000004e-02 -3.4125000000000009e-02 0.0000000000000000e+00
1809 2.3734204597066502e-02 -3.0731935625871721e-02 0.0000000000000000e+00
1810 2.3413423625345091e-02 -2.6725843043957698e-02 0.0000000000000000e+00
1811 2.1375000000000005e-02 -3.6562500000000005e-02 0.0000000000000000e+00
1812 2.1421875000000003e-02 -3.7153125000000002e-02 0.0000000000000000e+00
1813 1.8400000000000000e-02 -3.8999999999999993e-02 0.0000000000000000e+00
1814 2.2593720331913366e-02 -2.2698259084093685e-02 0.0000000000000000e+00
1815 2.4239325653250994e-02 -1.5979004412933193e-02 0.0000000000000000e+00
1816 2.2359239910925612e-02 -1.9250140231844511e-02 0.0000000000000000e+00
1817 2.4026923563522172e-02 -1.0275957512420860e-02 0.0000000000000000e+00
1818 1.8799021181173322e-02 -4.2468753025131020e-03 0.0000000000000000e+00
1819 1.3221726105628903e-02 1.1017640176284157e-03 0.0000000000000000e+00
1820 6.6910198936641378e-03 5.7741460579594818e-03 0.0000000000000000e+00
1821 0.0000000000000000e+00 1.0149006192321237e-02 0.0000000000000000e+00
1822 1.7799999999999996e-02 -5.8375000000000003e-02 0.0000000000000000e+00
1823 1.7781018178260510e-02 -5.8375000000000003e-02 0.0000000000000000e+00
1824 1.7758239992173123e-02 -5.8374854627245509e-02 0.0000000000000000e+00
1825 1.7730906168868264e-02 -5.8374491128954861e-02 0.0000000000000000e+00
1826 1.7698105580902429e-02 -5.8373800560534747e-02 0.0000000000000000e+00
1827 1.7649733090442880e-02 -5.4099994224855980e-02 0.0000000000000000e+00
1828 1.7644243053485560e-02 -5.5524964166302718e-02 0.0000000000000000e+00
1829 1.7645177897917738e-02 -5.5049810035394456e-02 0.0000000000000000e+00
1830 1.7647455494180311e-02 -5.4574758565571986e-02 0.0000000000000000e+00
1831 1.7658744875343427e-02 -5.8372602866741403e-02 0.0000000000000000e+00
1832 1.7654316525393801e-02 -5.7900119319022281e-02 0.0000000000000000e+00
1833 1.7644593800965020e-02 -5.6000130908046369e-02 0.0000000000000000e+00
1834 1.7650855271433591e-02 -5.7425330460406147e-02 0.0000000000000000e+00
1835 1.7646443895846887e-02 -5.6475228078455932e-02 0.0000000000000000e+00
1836 1.7648293990728758e-02 -5.6950277864176745e-02 0.0000000000000000e+00
1837 1.7653900371079868e-02 -5.3627715564483695e-02 0.0000000000000000e+00
1838 6.6000000000000003e-02 -4.4499999999999998e-02 0.0000000000000000e+00
1839 6.4250000000000015e-02 -4.4300000000000006e-02 0.0000000000000000e+00
1840 6.5252888507068285e-02 -4.5426956849725517e-02 0.0000000000000000e+00
1841 6.2500000000000000e-02 -4.4300000000000013e-02 0.0000000000000000e+00
1842 6.0750000000000019e-02 -4.4300000000000006e-02 0.0000000000000000e+00
1843 5.7500000000000002e-02 -4.5099999999999994e-02 0.0000000000000000e+00
1844 5.9000000000000011e-02 -4.4300000000000006e-02 0.0000000000000000e+00
1845 6.9468262133944692e-02 -4.6236203801494409e-02 0.0000000000000000e+00
1846 7.0087128955494918e-02 -4.6317200523655823e-02 0.0000000000000000e+00
1847 6.9188241117917992e-02 -4.6632241190509099e-02 0.0000000000000000e+00
1848 6.7141607346538110e-02 -4.6206763803508875e-02 0.0000000000000000e+00
1849 6.7704911571782461e-02 -4.6244709382058685e-02 0.0000000000000000e+00
1850 6.6986017191626002e-02 -4.6562282863418056e-02 0.0000000000000000e+00
1851 6.8646686766630660e-02 -4.6645362556438419e-02 0.0000000000000000e+00
1852 6.8059021944980883e-02 -4.6680927000256077e-02 0.0000000000000000e+00
1853 6.6581472332962452e-02 -4.6383605287158111e-02 0.0000000000000000e+00
1854 6.5903913630265556e-02 -4.6424770074367870e-02 0.0000000000000000e+00
1855 6.5205235859883276e-02 -4.6694725231147385e-02 0.0000000000000000e+00
1856 7.0928399755400731e-02 -4.2706649032143738e-02 0.0000000000000000e+00
1857 7.1299146065467403e-02 -4.3468324463312003e-02 0.0000000000000000e+00
1858 7.1541157819452666e-02 -4.4273811597342096e-02 0.0000000000000000e+00
1859 7.0882810203357141e-02 -4.4942910009443830e-02 0.0000000000000000e+00
1860 7.0494823982109892e-02 -4.5776958027656245e-02 0.0000000000000000e+00
1861 7.1452197720082336e-02 -4.2040306972739021e-02 0.0000000000000000e+00
1862 7.2158647142909593e-02 -3.7781515622357972e-02 0.0000000000000000e+00
1863 7.1810754713076158e-02 -4.1206670253330795e-02 0.0000000000000000e+00
1864 7.1879304155483922e-02 -4.0193200325933702e-02 0.0000000000000000e+00
1865 7.1964547923864072e-02 -3.9178728084337151e-02 0.0000000000000000e+00
1866 9.8279791536942440e-02 -1.0000000000000000e-03 0.0000000000000000e+00
1867 9.6584750387859394e-02 -3.8367076655346950e-03 0.0000000000000000e+00
1868 9.4662724708903509e-02 -6.2668425571075475e-03 0.0000000000000000e+00
1869 8.8011227651592500e-02 -1.1588951824471195e-02 0.0000000000000000e+00
1870 9.0135815079224010e-02 -1.0216474959849486e-02 0.0000000000000000e+00
1871 9.2422032198568718e-02 -8.4541270163566318e-03 0.0000000000000000e+00
1872 8.2871764160277181e-02 -1.5680768770237621e-02 0.0000000000000000e+00
1873 8.5419587307122527e-02 -1.5972965090028608e-02 0.0000000000000000e+00
1874 8.7287627026823814e-02 -1.4475450137624937e-02 0.0000000000000000e+00
1875 8.2487633716110981e-02 -1.8608644653571010e-02 0.0000000000000000e+00
1876 7.6847086490858141e-02 -1.6720611227146999e-02 0.0000000000000000e+00
1877 8.0157032975833237e-02 -1.7617158925576297e-02 0.0000000000000000e+00
1878 7.4365037050578897e-02 -2.0357521976425260e-02 0.0000000000000000e+00
1879 6.8944289236530537e-02 -2.5817384516907328e-02 0.0000000000000000e+00
1880 7.1393466722783946e-02 -2.2988448843595057e-02 0.0000000000000000e+00
1881 7.0014819463051436e-02 -2.9121896280144877e-02 0.0000000000000000e+00
1882 7.0661272592029561e-02 -3.4723438426006920e-02 0.0000000000000000e+00
1883 7.0629604069786051e-02 -3.2115479959370648e-02 0.0000000000000000e+00
1884 7.2968498505548721e-02 -3.5960617151638959e-02 0.0000000000000000e+00
1885 1.9121425102320112e-02 -5.8845912744391125e-02 0.0000000000000000e+00
1886 1.9168330298328120e-02 -5.8842583023440705e-02 0.0000000000000000e+00
1887 1.9000000000000000e-02 -5.9325000000000003e-02 0.0000000000000000e+00
1888 1.9032401892537566e-02 -5.9325000000000003e-02 0.0000000000000000e+00
1889 1.9071284163582645e-02 -5.9320707129500883e-02 0.0000000000000000e+00
1890 1.9117942888836736e-02 -5.9314804980524015e-02 0.0000000000000000e+00
1891 1.8399999999999996e-02 -5.8375000000000003e-02 0.0000000000000000e+00
1892 1.8600000000000002e-02 -5.8849999999999986e-02 0.0000000000000000e+00
1893 1.8800000000000001e-02 -5.9325000000000003e-02 0.0000000000000000e+00
1894 1.9932487160991084e-02 -5.5529424140744445e-02 0.0000000000000000e+00
1895 1.9937740384868181e-02 -5.6005277502833864e-02 0.0000000000000000e+00
1896 1.9613532131655551e-02 -5.6717787518326936e-02 0.0000000000000000e+00
1897 1.9922936221111159e-02 -5.6477861318344647e-02 0.0000000000000000e+00
1898 1.9224616533537728e-02 -5.8840356986788869e-02 0.0000000000000000e+00
1899 1.9326674570215439e-02 -5.7427987481274430e-02 0.0000000000000000e+00
1900 1.9312934625787384e-02 -5.7902737926195824e-02 0.0000000000000000e+00
1901 1.9299194681359332e-02 -5.8371992639801494e-02 0.0000000000000000e+00
1902 1.9609171189241870e-02 -5.7199678697980642e-02 0.0000000000000000e+00
1903 2.0281939587037490e-02 -5.4289155859396254e-02 0.0000000000000000e+00
1904 2.0290204946045824e-02 -5.4796383260569653e-02 0.0000000000000000e+00
1905 2.0281530699588334e-02 -5.5304169296670272e-02 0.0000000000000000e+00
1906 2.2582645338930021e-02 -4.6756729865422737e-02 0.0000000000000000e+00
1907 2.2439641496555380e-02 -4.7783952263224919e-02 0.0000000000000000e+00
1908 2.2647374984933195e-02 -4.8899513866004329e-02 0.0000000000000000e+00
1909 2.3000000000000000e-02 -4.4499999999999998e-02 0.0000000000000000e+00
1910 2.3398034972066099e-02 -4.5999522694568022e-02 0.0000000000000000e+00
1911 3.1982684291895928e-02 -4.2378764788636003e-02 0.0000000000000000e+00
1912 2.4500000000000001e-02 -4.3500000000000004e-02 0.0000000000000000e+00
1913 2.5999999999999995e-02 -4.2500000000000003e-02 0.0000000000000000e+00
1914 3.0525350929872571e-02 -4.3210563512624388e-02 0.0000000000000000e+00
1915 2.9000000000000001e-02 -4.4099999999999993e-02 0.0000000000000000e+00
1916 2.7499999999999997e-02 -4.3299999999999984e-02 0.0000000000000000e+00
1917 4.6951186388741364e-02 -4.0588600807878704e-02 0.0000000000000000e+00
1918 4.8444585567847670e-02 -4.1359938363111873e-02 0.0000000000000000e+00
1919 5.0000000000000003e-02 -4.2100000000000005e-02 0.0000000000000000e+00
1920 5.1499999999999997e-02 -4.3099999999999992e-02 0.0000000000000000e+00
1921 5.2999999999999999e-02 -4.4099999999999993e-02 0.0000000000000000e+00
1922 5.4500000000000000e-02 -4.5099999999999994e-02 0.0000000000000000e+00
1923 5.6000000000000001e-02 -4.6100000000000002e-02 0.0000000000000000e+00
1924 4.4056751063912145e-02 -4.0916597045479695e-02 0.0000000000000000e+00
1925 4.5553315913584455e-02 -4.1473610596242300e-02 0.0000000000000000e+00
1926 3.9503526754981470e-02 -3.9410232103742553e-02 0.0000000000000000e+00
1927 3.7940612791399042e-02 -4.0333139675492624e-02 0.0000000000000000e+00
1928 3.6420216226498159e-02 -4.1304570550600689e-02 0.0000000000000000e+00
1929 4.1052138628231899e-02 -4.0286617084196563e-02 0.0000000000000000e+00
1930 4.2444582708534288e-02 -4.1439767312098350e-02 0.0000000000000000e+00
1931 3.4934439201031856e-02 -4.2271140673139848e-02 0.0000000000000000e+00
1932 3.3472079996674703e-02 -4.3245475009698900e-02 0.0000000000000000e+00
1933 2.2525671223667838e-02 -4.9865220394373223e-02 0.0000000000000000e+00
1934 2.2281155296340796e-02 -5.0688595719083289e-02 0.0000000000000000e+00
1935 2.0591042663811419e-02 -5.3414267485421073e-02 0.0000000000000000e+00
1936 2.1960643913001610e-02 -5.1396698480209994e-02 0.0000000000000000e+00
1937 2.0945473543164773e-02 -5.3006701056245518e-02 0.0000000000000000e+00
1938 2.1583368844939940e-02 -5.1999999999999991e-02 0.0000000000000000e+00
1939 2.1284462328779803e-02 -5.2537363718557918e-02 0.0000000000000000e+00
1940 2.0692427005383016e-02 -5.4003301246392278e-02 0.0000000000000000e+00
1941 1.8200000000000004e-02 -5.8375000000000003e-02 0.0000000000000000e+00
1942 1.8300000000000004e-02 -5.8849999999999993e-02 0.0000000000000000e+00
1943 1.7663751215111507e-02 -5.3155659264098327e-02 0.0000000000000000e+00
1944 1.7663291675556768e-02 -5.2688258701481083e-02 0.0000000000000000e+00
1945 1.7628744158034827e-02 -5.2261400078867232e-02 0.0000000000000000e+00
1946 1.7600000000000001e-02 -5.1999999999999991e-02 0.0000000000000000e+00
1947 1.7433786840781638e-02 -5.2180255151317592e-02 0.0000000000000000e+00
1948 1.7299376276598732e-02 -5.1671733505113317e-02 0.0000000000000000e+00
1949 1.7428441030616838e-02 -5.1329987367464670e-02 0.0000000000000000e+00
1950 1.7357976775587751e-02 -5.0564210535830524e-02 0.0000000000000000e+00
1951 1.5960220391038695e-02 -4.4009691743794689e-02 0.0000000000000000e+00
1952 1.6070354164694180e-02 -4.3581375168711890e-02 0.0000000000000000e+00
1953 1.8200000000000001e-02 -4.7900000000000005e-02 0.0000000000000000e+00
1954 1.8200000000000001e-02 -4.9600000000000005e-02 0.0000000000000000e+00
1955 1.7211193443936713e-02 -4.6847332075963484e-02 0.0000000000000000e+00
1956 1.7038109447987327e-02 -4.5901767302898237e-02 0.0000000000000000e+00
1957 1.6022712143318601e-02 -4.5064697186449988e-02 0.0000000000000000e+00
1958 1.6237172054740377e-02 -4.5597942681597385e-02 0.0000000000000000e+00
1959 1.5563446432704308e-02 -4.4228285811294357e-02 0.0000000000000000e+00
1960 1.5669016059647732e-02 -4.4717457354250048e-02 0.0000000000000000e+00
1961 1.7245148398744463e-02 -4.4060752034526918e-02 0.0000000000000000e+00
1962 1.7486899066868605e-02 -4.4199598884508806e-02 0.0000000000000000e+00
1963 1.7136344888517990e-02 -4.3845959246663999e-02 0.0000000000000000e+00
1964 1.7782354677328860e-02 -4.4208656903178635e-02 0.0000000000000000e+00
1965 1.8200000000000001e-02 -4.4299999999999999e-02 0.0000000000000000e+00
1966 1.5799559101779031e-02 -4.2820254586380932e-02 0.0000000000000000e+00
1967 1.5689349530761308e-02 -4.2427975790114987e-02 0.0000000000000000e+00
1968 1.6197762858778580e-02 -4.3044011061191170e-02 0.0000000000000000e+00
1969 1.6938068718889396e-02 -4.3610108053414892e-02 0.0000000000000000e+00
1970 1.6521644098937093e-02 -4.3404573549334677e-02 0.0000000000000000e+00
1971 2.1113592261528043e-02 -4.0745182983361300e-02 0.0000000000000000e+00
1972 1.9908200759933169e-02 -4.2033831048678250e-02 0.0000000000000000e+00
1973 2.1468750000000009e-02 -3.7743749999999993e-02 0.0000000000000000e+00
1974 1.8399999999999996e-02 -4.2180000000000002e-02 0.0000000000000000e+00
1975 1.8299999999999997e-02 -4.4100000000000000e-02 0.0000000000000000e+00
1976 2.0408877329091975e-02 -3.3110378886516433e-02 0.0000000000000000e+00
1977 1.8330603688453018e-02 -3.3037170027160015e-02 0.0000000000000000e+00
1978 2.0556869368196111e-02 -2.9512210683612830e-02 0.0000000000000000e+00
1979 1.9981202567616131e-02 -2.5039220875019905e-02 0.0000000000000000e+00
1980 1.7392466634300406e-02 -3.2684778112503692e-02 0.0000000000000000e+00
1981 1.7558126175161587e-02 -3.3431877639641998e-02 0.0000000000000000e+00
1982 1.8427670748267844e-02 -3.4232499279033303e-02 0.0000000000000000e+00
1983 1.9362356487162294e-02 -3.5098821549850091e-02 0.0000000000000000e+00
1984 1.8777077003669030e-02 -3.6286052349920446e-02 0.0000000000000000e+00
1985 1.8754472896987479e-02 -3.7743967072151358e-02 0.0000000000000000e+00
1986 1.8258882191107956e-02 -3.8566607579433879e-02 0.0000000000000000e+00
1987 1.8399999999999996e-02 -3.9629999999999999e-02 0.0000000000000000e+00
1988 1.8299999999999997e-02 -3.9000000000000000e-02 0.0000000000000000e+00
1989 1.8372580642775065e-02 -2.0748289321606793e-02 0.0000000000000000e+00
1990 1.9657911582179468e-02 -1.5193640132730227e-02 0.0000000000000000e+00
1991 1.6596800202458462e-02 -1.0946720606679691e-02 0.0000000000000000e+00
1992 1.1758472964441902e-02 -6.4340203345289431e-03 0.0000000000000000e+00
1993 6.1340379799757604e-03 -2.1838476695184785e-03 0.0000000000000000e+00
1994 0.0000000000000000e+00 1.7258189927172368e-03 0.0000000000000000e+00
1995 1.7799999999999996e-02 -5.8849999999999993e-02 0.0000000000000000e+00
1996 1.7775676668502285e-02 -5.8849999999999993e-02 0.0000000000000000e+00
1997 1.7746488670705031e-02 -5.8849248027898517e-02 0.0000000000000000e+00
1998 1.7711463073348324e-02 -5.8847600438062961e-02 0.0000000000000000e+00
1999 1.7669432356520274e-02 -5.8844930746457469e-02 0.0000000000000000e+00
2000 1.7599486885810922e-02 -5.4100006411818495e-02 0.0000000000000000e+00
2001 1.7592161091924768e-02 -5.5524934718637543e-02 0.0000000000000000e+00
2002 1.7593408529360796e-02 -5.5049653982396397e-02 0.0000000000000000e+00
2003 1.7596447707585859e-02 -5.4574566791190250e-02 0.0000000000000000e+00
2004 1.7611512028672626e-02 -5.8371000676342516e-02 0.0000000000000000e+00
2005 1.7618995496326617e-02 -5.8840770513841067e-02 0.0000000000000000e+00
2006 1.7605602928380780e-02 -5.7900203794951484e-02 0.0000000000000000e+00
2007 1.7592629122242336e-02 -5.6000239614291576e-02 0.0000000000000000e+00
2008 1.7600984301348349e-02 -5.7425599474469652e-02 0.0000000000000000e+00
2009 1.7595097851301859e-02 -5.6475419524513119e-02 0.0000000000000000e+00
2010 1.7597566580361389e-02 -5.6950512241614314e-02 0.0000000000000000e+00
2011 1.7605047620510832e-02 -5.3629542671628561e-02 0.0000000000000000e+00
2012 1.7611119791798399e-02 -5.3160303068291018e-02 0.0000000000000000e+00
2013 1.7546424319827988e-02 -5.3631883082177159e-02 0.0000000000000000e+00
2014 6.4250000000000002e-02 -4.4500000000000005e-02 0.0000000000000000e+00
2015 6.4417665421070094e-02 -4.6557270317090317e-02 0.0000000000000000e+00
2016 6.4074552565586348e-02 -4.5803783300979749e-02 0.0000000000000000e+00
2017 6.2500000000000000e-02 -4.4500000000000005e-02 0.0000000000000000e+00
2018 6.0749999999999998e-02 -4.4500000000000005e-02 0.0000000000000000e+00
2019 5.7499999999999989e-02 -4.5300000000000000e-02 0.0000000000000000e+00
2020 5.9000000000000004e-02 -4.4499999999999998e-02 0.0000000000000000e+00
2021 7.0793208282335443e-02 -4.6458214445999228e-02 0.0000000000000000e+00
2022 6.9736304450992576e-02 -4.6797005068854904e-02 0.0000000000000000e+00
2023 7.0287339888524078e-02 -4.6889522380528903e-02 0.0000000000000000e+00
2024 6.9343156679739532e-02 -4.7070585856567683e-02 0.0000000000000000e+00
2025 6.8940179325673048e-02 -4.6983402386108805e-02 0.0000000000000000e+00
2026 6.7416067047230507e-02 -4.6741093157065615e-02 0.0000000000000000e+00
2027 6.6816437383932115e-02 -4.6959005362263884e-02 0.0000000000000000e+00
2028 6.8429344256555918e-02 -4.7167526572138276e-02 0.0000000000000000e+00
2029 6.7913850768723930e-02 -4.7139131166039294e-02 0.0000000000000000e+00
2030 6.6215670984733396e-02 -4.7089283130222835e-02 0.0000000000000000e+00
2031 6.5585098524278462e-02 -4.7247529413359642e-02 0.0000000000000000e+00
2032 6.4879652127077289e-02 -4.7366320812363000e-02 0.0000000000000000e+00
2033 7.1883202939962101e-02 -4.2872068011672468e-02 0.0000000000000000e+00
2034 7.2178841175698227e-02 -4.3650667063054246e-02 0.0000000000000000e+00
2035 7.2257026963776297e-02 -4.4451770204447308e-02 0.0000000000000000e+00
2036 7.1861297547654718e-02 -4.5091760087975843e-02 0.0000000000000000e+00
2037 7.1327110119733292e-02 -4.5774082378644346e-02 0.0000000000000000e+00
2038 7.2592526799980323e-02 -4.2038995473264465e-02 0.0000000000000000e+00
2039 7.3546951289693949e-02 -3.7630582480073199e-02 0.0000000000000000e+00
2040 7.3245121296373561e-02 -3.8788489420209252e-02 0.0000000000000000e+00
2041 7.2837919903337101e-02 -4.0989760112347576e-02 0.0000000000000000e+00
2042 7.3029901568333722e-02 -3.9937035376240312e-02 0.0000000000000000e+00
2043 7.4599614496302064e-02 -3.6856238564734724e-02 0.0000000000000000e+00
2044 1.0206869824582808e-01 -1.0000000000000000e-03 0.0000000000000000e+00
2045 1.0013759007373246e-01 -4.2079688116529734e-03 0.0000000000000000e+00
2046 9.7891027471404338e-02 -7.0935306848282234e-03 0.0000000000000000e+00
2047 9.5296122660300672e-02 -9.6118567283955143e-03 0.0000000000000000e+00
2048 8.9871710190585208e-02 -1.3135543918961157e-02 0.0000000000000000e+00
2049 9.2554652746751190e-02 -1.1618999893879616e-02 0.0000000000000000e+00
2050 8.4653000895746150e-02 -1.7896422782060384e-02 0.0000000000000000e+00
2051 8.6930631686470722e-02 -1.6964916156549974e-02 0.0000000000000000e+00
2052 8.9119271554428128e-02 -1.5950339869138408e-02 0.0000000000000000e+00
2053 8.3769519363150802e-02 -2.0380509444342887e-02 0.0000000000000000e+00
2054 8.0974743493466714e-02 -2.0578723703668967e-02 0.0000000000000000e+00
2055 7.7947837422535166e-02 -2.0347992295794093e-02 0.0000000000000000e+00
2056 7.4289867201495691e-02 -2.3787498930370295e-02 0.0000000000000000e+00
2057 7.6534151211675089e-02 -2.2778086099430057e-02 0.0000000000000000e+00
2058 7.2544067531437828e-02 -2.6789567596391277e-02 0.0000000000000000e+00
2059 7.2641274016822535e-02 -3.0511370779232490e-02 0.0000000000000000e+00
2060 7.2865642588102811e-02 -3.3516523574355944e-02 0.0000000000000000e+00
2061 7.4880231431773539e-02 -3.5126997677575593e-02 0.0000000000000000e+00
2062 1.0644483930254084e-01 -1.0000000000000000e-03 0.0000000000000000e+00
2063 1.1149922913253428e-01 -1.0000000000000000e-03 0.0000000000000000e+00
2064 1.9173933359141651e-02 -5.9309814842057017e-02 0.0000000000000000e+00
2065 1.9459428485597431e-02 -5.9066500466494781e-02 0.0000000000000000e+00
2066 1.8999999999999996e-02 -5.9799999999999999e-02 0.0000000000000000e+00
2067 1.9066449157553560e-02 -5.9772475857733043e-02 0.0000000000000000e+00
2068 1.9149024166159118e-02 -5.9746293643852422e-02 0.0000000000000000e+00
2069 1.8399999999999996e-02 -5.8849999999999993e-02 0.0000000000000000e+00
2070 1.9007663234170323e-02 -6.0046253740201734e-02 0.0000000000000000e+00
2071 1.8800000000000015e-02 -5.9799999999999999e-02 0.0000000000000000e+00
2072 1.8599999999999995e-02 -5.9325000000000010e-02 0.0000000000000000e+00
2073 2.0325347421032699e-02 -5.5771633215808726e-02 0.0000000000000000e+00
2074 2.0313251873016806e-02 -5.6248778390474569e-02 0.0000000000000000e+00
2075 1.9919396898489431e-02 -5.6961849661152641e-02 0.0000000000000000e+00
2076 2.0275695137092230e-02 -5.6716347045024408e-02 0.0000000000000000e+00
2077 1.9532123774904493e-02 -5.8627485082991516e-02 0.0000000000000000e+00
2078 1.9601784740066238e-02 -5.7678778286937911e-02 0.0000000000000000e+00
2079 1.9591329199402378e-02 -5.8159487675960617e-02 0.0000000000000000e+00
2080 1.9920002279308038e-02 -5.7452701292219327e-02 0.0000000000000000e+00
2081 2.0763893966908770e-02 -5.4571306892949763e-02 0.0000000000000000e+00
2082 2.0606784017181929e-02 -5.5044640869417107e-02 0.0000000000000000e+00
2083 2.0773260082413227e-02 -5.5523945665345589e-02 0.0000000000000000e+00
2084 2.3517991177124723e-02 -4.7244929885472402e-02 0.0000000000000000e+00
2085 2.3493221193169586e-02 -4.8416402501683699e-02 0.0000000000000000e+00
2086 2.3377746521182435e-02 -4.9508623010123709e-02 0.0000000000000000e+00
2087 2.4576480970856338e-02 -4.5128017183768743e-02 0.0000000000000000e+00
2088 2.4629830700340142e-02 -4.6594646897511006e-02 0.0000000000000000e+00
2089 3.1996923317320604e-02 -4.4189150817818025e-02 0.0000000000000000e+00
2090 2.5989099100282319e-02 -4.4284001248904963e-02 0.0000000000000000e+00
2091 2.7500000000000000e-02 -4.3500000000000004e-02 0.0000000000000000e+00
2092 3.0499999999999999e-02 -4.5099999999999994e-02 0.0000000000000000e+00
2093 2.9000000000000005e-02 -4.4299999999999992e-02 0.0000000000000000e+00
2094 4.7033058250057151e-02 -4.2312057710277441e-02 0.0000000000000000e+00
2095 4.8499999999999995e-02 -4.3099999999999992e-02 0.0000000000000000e+00
2096 5.0000000000000003e-02 -4.2300000000000004e-02 0.0000000000000000e+00
2097 5.1499999999999990e-02 -4.3300000000000005e-02 0.0000000000000000e+00
2098 5.3000000000000012e-02 -4.4299999999999999e-02 0.0000000000000000e+00
2099 5.4499999999999986e-02 -4.5300000000000000e-02 0.0000000000000000e+00
2100 5.6000000000000001e-02 -4.6300000000000015e-02 0.0000000000000000e+00
2101 4.4023436288511970e-02 -4.2552843960086531e-02 0.0000000000000000e+00
2102 4.5516643855431527e-02 -4.3328277302297352e-02 0.0000000000000000e+00
2103 3.9493689197447529e-02 -4.1245016345823102e-02 0.0000000000000000e+00
2104 3.7999999999999999e-02 -4.2100000000000005e-02 0.0000000000000000e+00
2105 3.6499999999999998e-02 -4.3099999999999992e-02 0.0000000000000000e+00
2106 4.0977723060999990e-02 -4.2222673586277640e-02 0.0000000000000000e+00
2107 4.2494105496839421e-02 -4.3282143254919928e-02 0.0000000000000000e+00
2108 3.5000000000000003e-02 -4.4099999999999993e-02 0.0000000000000000e+00
2109 3.3500000000000002e-02 -4.5099999999999994e-02 0.0000000000000000e+00
2110 2.3125490183902732e-02 -5.0484466497255409e-02 0.0000000000000000e+00
2111 2.2746014913973312e-02 -5.1301618736449540e-02 0.0000000000000000e+00
2112 2.1138474775235477e-02 -5.3624155063005108e-02 0.0000000000000000e+00
2113 2.2312833033549466e-02 -5.1999999999999991e-02 0.0000000000000000e+00
2114 2.1564676204838575e-02 -5.3174491664915856e-02 0.0000000000000000e+00
2115 2.1961049702463896e-02 -5.2627457798307319e-02 0.0000000000000000e+00
2116 2.1255826502233493e-02 -5.4332140249016420e-02 0.0000000000000000e+00
2117 1.8200000000000004e-02 -5.8849999999999993e-02 0.0000000000000000e+00
2118 1.8300000000000000e-02 -5.9325000000000010e-02 0.0000000000000000e+00
2119 1.7598392778678220e-02 -5.2694928683684097e-02 0.0000000000000000e+00
2120 1.7310935537892907e-02 -5.2459616519828590e-02 0.0000000000000000e+00
2121 1.7194978315649690e-02 -5.1999999999999991e-02 0.0000000000000000e+00
2122 1.6900592417755992e-02 -5.1712909667243789e-02 0.0000000000000000e+00
2123 1.6902491874562438e-02 -5.1265263848415052e-02 0.0000000000000000e+00
2124 1.6578384118626409e-02 -5.0811661163837098e-02 0.0000000000000000e+00
2125 1.6534908361231889e-02 -5.0293025667782952e-02 0.0000000000000000e+00
2126 1.6863775861605364e-02 -4.9747632382528682e-02 0.0000000000000000e+00
2127 1.5608578638365841e-02 -4.3793971225073003e-02 0.0000000000000000e+00
2128 1.5680491726239108e-02 -4.3340069603539193e-02 0.0000000000000000e+00
2129 1.5348032875191715e-02 -4.3045733205545646e-02 0.0000000000000000e+00
2130 1.6911280479371654e-02 -4.7717150924608605e-02 0.0000000000000000e+00
2131 1.6888859760856082e-02 -4.8713327070931997e-02 0.0000000000000000e+00
2132 1.6201176018640576e-02 -4.7147908569888708e-02 0.0000000000000000e+00
2133 1.6275821433042435e-02 -4.6326120281010789e-02 0.0000000000000000e+00
2134 1.5639517318913717e-02 -4.5329638457509119e-02 0.0000000000000000e+00
2135 1.5596097042529554e-02 -4.5878583908388254e-02 0.0000000000000000e+00
2136 1.5263279445066546e-02 -4.4058996748748212e-02 0.0000000000000000e+00
2137 1.5169054717218161e-02 -4.4461707185797880e-02 0.0000000000000000e+00
2138 1.5152158490025274e-02 -4.4980484866219056e-02 0.0000000000000000e+00
2139 1.5319537373044116e-02 -4.2627042146426562e-02 0.0000000000000000e+00
2140 1.6648386364034203e-02 -2.4520802960204827e-02 0.0000000000000000e+00
2141 1.5403897341159744e-02 -4.2194113148015744e-02 0.0000000000000000e+00
2142 1.5774570672285253e-02 -4.2081453169657557e-02 0.0000000000000000e+00
2143 1.7480677139863350e-02 -4.3654763361685799e-02 0.0000000000000000e+00
2144 1.8200000000000001e-02 -4.4100000000000000e-02 0.0000000000000000e+00
2145 1.6214681142035125e-02 -4.2378086860464279e-02 0.0000000000000000e+00
2146 1.6956374210786166e-02 -4.2886827702749770e-02 0.0000000000000000e+00
2147 1.8400000000000000e-02 -4.0259999999999997e-02 0.0000000000000000e+00
2148 1.8300000000000000e-02 -4.2180000000000002e-02 0.0000000000000000e+00
2149 1.8088861927929523e-02 -3.1209052474189300e-02 0.0000000000000000e+00
2150 1.7278904705662110e-02 -2.8023786010991633e-02 0.0000000000000000e+00
2151 1.6404062093481726e-02 -3.2133370339809376e-02 0.0000000000000000e+00
2152 1.6663092109674180e-02 -3.3298456142264218e-02 0.0000000000000000e+00
2153 1.6786209546805722e-02 -3.4400236520145969e-02 0.0000000000000000e+00
2154 1.7823157354782616e-02 -3.5302677233780298e-02 0.0000000000000000e+00
2155 1.7540891607646627e-02 -3.6500769230033571e-02 0.0000000000000000e+00
2156 1.7557539927551637e-02 -3.7756319762876647e-02 0.0000000000000000e+00
2157 1.8200000000000001e-02 -3.9000000000000000e-02 0.0000000000000000e+00
2158 1.8300000000000000e-02 -3.9630000000000012e-02 0.0000000000000000e+00
2159 1.5025912169083685e-02 -2.1945097052708962e-02 0.0000000000000000e+00
2160 1.4621742054947668e-02 -1.7607315435150858e-02 0.0000000000000000e+00
2161 1.0429392409738430e-02 -1.3095038078228165e-02 0.0000000000000000e+00
2162 5.3968382172711214e-03 -9.2817400874724357e-03 0.0000000000000000e+00
2163 0.0000000000000000e+00 -5.9725188079587715e-03 0.0000000000000000e+00
2164 1.3767804391659798e-02 -2.3959166062530925e-02 0.0000000000000000e+00
2165 1.7799999999999996e-02 -5.9325000000000003e-02 0.0000000000000000e+00
2166 1.7764348524452193e-02 -5.9325000000000003e-02 0.0000000000000000e+00
2167 1.7721566753794826e-02 -5.9319891399560017e-02 0.0000000000000000e+00
2168 1.7670228629005986e-02 -5.9312867476145406e-02 0.0000000000000000e+00
2169 1.7608622879259378e-02 -5.9306813809157505e-02 0.0000000000000000e+00
2170 1.7539191440252573e-02 -5.4100001147186043e-02 0.0000000000000000e+00
2171 1.7529662738051819e-02 -5.5524888686262430e-02 0.0000000000000000e+00
2172 1.7531285287092468e-02 -5.5049409667364525e-02 0.0000000000000000e+00
2173 1.7535238363672521e-02 -5.4574267923071018e-02 0.0000000000000000e+00
2174 1.7554832612667659e-02 -5.8368965485811934e-02 0.0000000000000000e+00
2175 1.7558471264094228e-02 -5.8837710720501250e-02 0.0000000000000000e+00
2176 1.7547146611965155e-02 -5.7900359281312666e-02 0.0000000000000000e+00
2177 1.7530271507775117e-02 -5.6000410905475938e-02 0.0000000000000000e+00
2178 1.7541139137246052e-02 -5.7426022987946447e-02 0.0000000000000000e+00
2179 1.7533482597847826e-02 -5.6475723330084195e-02 0.0000000000000000e+00
2180 1.7536693687920542e-02 -5.6950885583923742e-02 0.0000000000000000e+00
2181 1.7547962083822664e-02 -5.3163822504087542e-02 0.0000000000000000e+00
2182 1.7476076359008576e-02 -5.3631316469133064e-02 0.0000000000000000e+00
2183 6.4172762207660744e-02 -4.7469111148970310e-02 0.0000000000000000e+00
2184 6.2954010301754473e-02 -4.5638173138000483e-02 0.0000000000000000e+00
2185 6.3633871598248321e-02 -4.6856924855867954e-02 0.0000000000000000e+00
2186 6.0147742947988941e-02 -4.5805708535704669e-02 0.0000000000000000e+00
2187 6.1547986880965154e-02 -4.5772920504021791e-02 0.0000000000000000e+00
2188 5.7500000000000002e-02 -4.5499999999999999e-02 0.0000000000000000e+00
2189 5.8814370791722081e-02 -4.6092075238681092e-02 0.0000000000000000e+00
2190 7.1661419853793970e-02 -4.6574201593021371e-02 0.0000000000000000e+00
2191 7.0896825994807539e-02 -4.7382422518267305e-02 0.0000000000000000e+00
2192 6.9923231758989929e-02 -4.7492769345867290e-02 0.0000000000000000e+00
2193 7.0560611380812377e-02 -4.8121103656254098e-02 0.0000000000000000e+00
2194 6.9075804548858269e-02 -4.7561264235559647e-02 0.0000000000000000e+00
2195 6.6722333150908017e-02 -4.7799948732158669e-02 0.0000000000000000e+00
2196 6.7446022209653136e-02 -4.7569156881625337e-02 0.0000000000000000e+00
2197 6.8289971029870458e-02 -4.7711324975807670e-02 0.0000000000000000e+00
2198 6.6025447690934450e-02 -4.7966616050145634e-02 0.0000000000000000e+00
2199 6.5253040387093911e-02 -4.8184052661062203e-02 0.0000000000000000e+00
2200 6.4589647756949281e-02 -4.8012906422515524e-02 0.0000000000000000e+00
2201 7.2796833839257780e-02 -4.3096955284761880e-02 0.0000000000000000e+00
2202 7.3392756988314933e-02 -4.2555350792868395e-02 0.0000000000000000e+00
2203 7.3103712766095952e-02 -4.4089877239115664e-02 0.0000000000000000e+00
2204 7.2779763140207662e-02 -4.5028728576853222e-02 0.0000000000000000e+00
2205 7.2272576434797245e-02 -4.5798163188174763e-02 0.0000000000000000e+00
2206 7.3695542428541788e-02 -4.1763239079759103e-02 0.0000000000000000e+00
2207 7.4513624304341108e-02 -3.8411431550955812e-02 0.0000000000000000e+00
2208 7.4251286323886431e-02 -3.9665935690551067e-02 0.0000000000000000e+00
2209 7.4001229807057201e-02 -4.0806098624063140e-02 0.0000000000000000e+00
2210 7.5895071778198389e-02 -3.6542210577475816e-02 0.0000000000000000e+00
2211 7.5789923036949147e-02 -3.8038230806977262e-02 0.0000000000000000e+00
2212 1.0424817864033767e-01 -4.6598571748784753e-03 0.0000000000000000e+00
2213 1.0167201450110890e-01 -8.0351066256107179e-03 0.0000000000000000e+00
2214 9.8722596424273931e-02 -1.0949143028448882e-02 0.0000000000000000e+00
2215 9.5440037277716064e-02 -1.3363024897128943e-02 0.0000000000000000e+00
2216 9.2121667084691577e-02 -1.4963046828803306e-02 0.0000000000000000e+00
2217 8.6416561789520716e-02 -1.9354205320219090e-02 0.0000000000000000e+00
2218 8.8423456438369241e-02 -1.8123936927739136e-02 0.0000000000000000e+00
2219 9.0957171017967825e-02 -1.7954180987283918e-02 0.0000000000000000e+00
2220 8.5728257679638778e-02 -2.2152911521749554e-02 0.0000000000000000e+00
2221 8.2477093062768458e-02 -2.3096178071426592e-02 0.0000000000000000e+00
2222 7.9149648183705359e-02 -2.3486396679064922e-02 0.0000000000000000e+00
2223 7.6666561640433742e-02 -2.6015864445926778e-02 0.0000000000000000e+00
2224 7.5134783409590247e-02 -2.9067867693472426e-02 0.0000000000000000e+00
2225 7.5737564221203382e-02 -3.2463538058003526e-02 0.0000000000000000e+00
2226 7.7037906600073244e-02 -3.5001550256799921e-02 0.0000000000000000e+00
2227 7.2675592127438057e-02 -4.6581261725772052e-02 0.0000000000000000e+00
2228 1.0899514919082851e-01 -5.1448342383650300e-03 0.0000000000000000e+00
2229 1.1733698926144523e-01 -1.0000000000000000e-03 0.0000000000000000e+00
2230 1.1442999876131245e-01 -5.7625713241614470e-03 0.0000000000000000e+00
2231 1.2407953093596692e-01 -1.0000000000000000e-03 0.0000000000000000e+00
2232 1.3174732070588976e-01 -1.0000000000000000e-03 0.0000000000000000e+00
2233 1.4007178667242975e-01 -1.0000000000000000e-03 0.0000000000000000e+00
2234 1.9136956455977867e-02 -6.0218694355387660e-02 0.0000000000000000e+00
2235 1.9753468723837025e-02 -5.8896171387222467e-02 0.0000000000000000e+00
2236 1.9422295917120806e-02 -5.9464879156032532e-02 0.0000000000000000e+00
2237 1.9654556194027430e-02 -5.9261316000405455e-02 0.0000000000000000e+00
2238 1.9199999999999998e-02 -5.9999999999999998e-02 0.0000000000000000e+00
2239 1.9403129642505592e-02 -5.9769614288018601e-02 0.0000000000000000e+00
2240 1.8399999999999996e-02 -5.9325000000000003e-02 0.0000000000000000e+00
2241 1.8800000000000001e-02 -6.0249999999999998e-02 0.0000000000000000e+00
2242 1.8600000000000009e-02 -5.9799999999999999e-02 0.0000000000000000e+00
2243 1.9023238197047279e-02 -6.0900042616460724e-02 0.0000000000000000e+00
2244 1.9077194647364945e-02 -6.1087067414407940e-02 0.0000000000000000e+00
2245 2.0772432449562762e-02 -5.6018099835473595e-02 0.0000000000000000e+00
2246 2.0703679921294429e-02 -5.6503480031451135e-02 0.0000000000000000e+00
2247 2.0277003813908404e-02 -5.7207174405724086e-02 0.0000000000000000e+00
2248 2.0605700759379505e-02 -5.6913908670826803e-02 0.0000000000000000e+00
2249 1.9867907643555768e-02 -5.8431745172312831e-02 0.0000000000000000e+00
2250 1.9935631039672434e-02 -5.7944858862840079e-02 0.0000000000000000e+00
2251 2.0322762322065643e-02 -5.7690343754493029e-02 0.0000000000000000e+00
2252 2.0133081037774791e-02 -5.8772449089727279e-02 0.0000000000000000e+00
2253 2.1216140793633938e-02 -5.5048645682752771e-02 0.0000000000000000e+00
2254 2.1272104633735481e-02 -5.5725773516754590e-02 0.0000000000000000e+00
2255 2.4564573361687110e-02 -4.7918325090424020e-02 0.0000000000000000e+00
2256 2.4378072651531607e-02 -4.9139557119540794e-02 0.0000000000000000e+00
2257 2.4096648889889636e-02 -5.0246577681884771e-02 0.0000000000000000e+00
2258 2.5943608057517494e-02 -4.5889263102978195e-02 0.0000000000000000e+00
2259 2.5803433008887492e-02 -4.7366143908069432e-02 0.0000000000000000e+00
2260 3.2000000000000001e-02 -4.6100000000000002e-02 0.0000000000000000e+00
2261 2.7418654311309684e-02 -4.5185023249809150e-02 0.0000000000000000e+00
2262 2.9000000000000001e-02 -4.4499999999999998e-02 0.0000000000000000e+00
2263 3.0499999999999992e-02 -4.5300000000000000e-02 0.0000000000000000e+00
2264 4.7000000000000000e-02 -4.4099999999999993e-02 0.0000000000000000e+00
2265 4.8500000000000001e-02 -4.3299999999999998e-02 0.0000000000000000e+00
2266 5.0000000000000003e-02 -4.2500000000000003e-02 0.0000000000000000e+00
2267 5.1499999999999997e-02 -4.3500000000000004e-02 0.0000000000000000e+00
2268 5.2999999999999999e-02 -4.4499999999999998e-02 0.0000000000000000e+00
2269 5.4500000000000000e-02 -4.5499999999999999e-02 0.0000000000000000e+00
2270 5.6000000000000001e-02 -4.6500000000000007e-02 0.0000000000000000e+00
2271 4.4005697606797158e-02 -4.4243877419550645e-02 0.0000000000000000e+00
2272 4.5499999999999999e-02 -4.5099999999999994e-02 0.0000000000000000e+00
2273 3.9500000000000000e-02 -4.3099999999999992e-02 0.0000000000000000e+00
2274 3.8000000000000006e-02 -4.2300000000000004e-02 0.0000000000000000e+00
2275 3.6499999999999991e-02 -4.3300000000000005e-02 0.0000000000000000e+00
2276 4.1000000000000002e-02 -4.4099999999999993e-02 0.0000000000000000e+00
2277 4.2500000000000003e-02 -4.5099999999999994e-02 0.0000000000000000e+00
2278 3.4999999999999996e-02 -4.4299999999999999e-02 0.0000000000000000e+00
2279 3.3499999999999995e-02 -4.5300000000000000e-02 0.0000000000000000e+00
2280 2.3666367547697534e-02 -5.1194011741953295e-02 0.0000000000000000e+00
2281 2.3159685910139290e-02 -5.1999999999999984e-02 0.0000000000000000e+00
2282 2.1780066020914503e-02 -5.3891865801324691e-02 0.0000000000000000e+00
2283 2.2744880457715166e-02 -5.2722762813757866e-02 0.0000000000000000e+00
2284 2.2284208846947644e-02 -5.3364872814757248e-02 0.0000000000000000e+00
2285 2.1900570641627950e-02 -5.4685144471714180e-02 0.0000000000000000e+00
2286 1.8200000000000004e-02 -5.9325000000000003e-02 0.0000000000000000e+00
2287 1.8300000000000004e-02 -5.9799999999999999e-02 0.0000000000000000e+00
2288 1.8130227497237857e-02 -6.4753042291870427e-02 0.0000000000000000e+00
2289 1.7305145126804245e-02 -5.2932827442936016e-02 0.0000000000000000e+00
2290 1.7021312868570285e-02 -5.2761643342105778e-02 0.0000000000000000e+00
2291 1.6888360586231263e-02 -5.2419658052824961e-02 0.0000000000000000e+00
2292 1.6728136594712541e-02 -5.1999999999999991e-02 0.0000000000000000e+00
2293 1.6483425293851474e-02 -5.1617975836419160e-02 0.0000000000000000e+00
2294 1.6286240606982440e-02 -5.1184436553262373e-02 0.0000000000000000e+00
2295 1.6075859546988112e-02 -5.0621256570182488e-02 0.0000000000000000e+00
2296 1.6094812107178218e-02 -4.9950614146915998e-02 0.0000000000000000e+00
2297 1.6106098164778239e-02 -4.9364616873710590e-02 0.0000000000000000e+00
2298 1.5114136405980945e-02 -4.3544650672337662e-02 0.0000000000000000e+00
2299 1.4852606341700530e-02 -4.2935790007545459e-02 0.0000000000000000e+00
2300 1.6059743187901779e-02 -4.7980656789912687e-02 0.0000000000000000e+00
2301 1.5875583093138499e-02 -4.8687351093413302e-02 0.0000000000000000e+00
2302 1.5373123854198945e-02 -4.7429434910412287e-02 0.0000000000000000e+00
2303 1.5375893595597273e-02 -4.6586761722296699e-02 0.0000000000000000e+00
2304 1.5110176738438725e-02 -4.5494818310164706e-02 0.0000000000000000e+00
2305 1.5032949371409015e-02 -4.5955283464894976e-02 0.0000000000000000e+00
2306 1.4753149786844605e-02 -4.4098330477583346e-02 0.0000000000000000e+00
2307 1.4613278089020508e-02 -4.4686687856692255e-02 0.0000000000000000e+00
2308 1.4711908003307248e-02 -4.5192600034136096e-02 0.0000000000000000e+00
2309 1.4889348909901920e-02 -4.2213866811284605e-02 0.0000000000000000e+00
2310 1.4168528314148447e-02 -2.6791109012291297e-02 0.0000000000000000e+00
2311 1.6070538906349349e-02 -4.1717144398321415e-02 0.0000000000000000e+00
2312 1.5357608530177719e-02 -4.1599474600982997e-02 0.0000000000000000e+00
2313 1.8200000000000001e-02 -4.2180000000000009e-02 0.0000000000000000e+00
2314 1.6975292614897705e-02 -4.1728599031923080e-02 0.0000000000000000e+00
2315 1.8299999999999997e-02 -4.0259999999999997e-02 0.0000000000000000e+00
2316 1.5105804784300946e-02 -3.0019927919901903e-02 0.0000000000000000e+00
2317 1.4919965018575846e-02 -3.1888910318989772e-02 0.0000000000000000e+00
2318 1.4997792037773135e-02 -3.3647017777542233e-02 0.0000000000000000e+00
2319 1.6057928176196744e-02 -3.5259285372177825e-02 0.0000000000000000e+00
2320 1.5557702843545013e-02 -3.6913043149083370e-02 0.0000000000000000e+00
2321 1.8200000000000001e-02 -3.9629999999999999e-02 0.0000000000000000e+00
2322 1.1744065343140932e-02 -2.1394270114375152e-02 0.0000000000000000e+00
2323 9.1774249899494054e-03 -1.8131412024015098e-02 0.0000000000000000e+00
2324 4.8738065692195236e-03 -1.5244918393514056e-02 0.0000000000000000e+00
2325 0.0000000000000000e+00 -1.2656298647110575e-02 0.0000000000000000e+00
2326 1.1252129767891712e-02 -2.5144551173074389e-02 0.0000000000000000e+00
2327 1.7800000000000000e-02 -5.9799999999999999e-02 0.0000000000000000e+00
2328 1.7727163613185382e-02 -5.9769830180747129e-02 0.0000000000000000e+00
2329 1.7636562358421676e-02 -5.9741346064203726e-02 0.0000000000000000e+00
2330 1.7364487803582209e-02 -5.9448112212702284e-02 0.0000000000000000e+00
2331 1.7320232387079193e-02 -5.9051960650392830e-02 0.0000000000000000e+00
2332 1.7110603399087456e-02 -5.9254504388745646e-02 0.0000000000000000e+00
2333 1.7466836905582553e-02 -5.4099249986175685e-02 0.0000000000000000e+00
2334 1.7454664713404278e-02 -5.5524813387397842e-02 0.0000000000000000e+00
2335 1.7456737396370475e-02 -5.5049013247912906e-02 0.0000000000000000e+00
2336 1.7461787150976512e-02 -5.4573669787015798e-02 0.0000000000000000e+00
2337 1.7486817313461703e-02 -5.8369706401823832e-02 0.0000000000000000e+00
2338 1.7241306541998652e-02 -5.8601774901583893e-02 0.0000000000000000e+00
2339 1.7476999032266401e-02 -5.7901278952112251e-02 0.0000000000000000e+00
2340 1.7455442370414454e-02 -5.6000673483797413e-02 0.0000000000000000e+00
2341 1.7469324940323300e-02 -5.7426804154886366e-02 0.0000000000000000e+00
2342 1.7459544293702986e-02 -5.6476197448337796e-02 0.0000000000000000e+00
2343 1.7463646216991532e-02 -5.6951486845745088e-02 0.0000000000000000e+00
2344 1.7223173649916251e-02 -5.3398978518820139e-02 0.0000000000000000e+00
2345 1.7179194078814339e-02 -5.3878634598741690e-02 0.0000000000000000e+00
2346 5.9506145974164780e-02 -4.7254446988866411e-02 0.0000000000000000e+00
2347 6.4020088704609485e-02 -4.8189449743622617e-02 0.0000000000000000e+00
2348 6.3530537768468981e-02 -4.7727031801059201e-02 0.0000000000000000e+00
2349 6.2479355187210719e-02 -4.7448124768215125e-02 0.0000000000000000e+00
2350 6.0900320249497902e-02 -4.7310445475139462e-02 0.0000000000000000e+00
2351 5.7792628489676368e-02 -4.7313667945130866e-02 0.0000000000000000e+00
2352 5.8926037513881070e-02 -4.8454586495017944e-02 0.0000000000000000e+00
2353 7.2063862468379300e-02 -4.7418426393458300e-02 0.0000000000000000e+00
2354 7.1532100886750619e-02 -4.8171556373620389e-02 0.0000000000000000e+00
2355 7.1010166601149532e-02 -4.8804280766955706e-02 0.0000000000000000e+00
2356 6.9736218849725320e-02 -4.8176947900821852e-02 0.0000000000000000e+00
2357 7.0265124193451323e-02 -4.8698645031992130e-02 0.0000000000000000e+00
2358 6.6586996609914365e-02 -4.8731175652784411e-02 0.0000000000000000e+00
2359 6.8868529941453718e-02 -4.8326292611605995e-02 0.0000000000000000e+00
2360 6.7288938092276498e-02 -4.8509151413632837e-02 0.0000000000000000e+00
2361 6.8025418542323537e-02 -4.8342925523966754e-02 0.0000000000000000e+00
2362 6.5754150782020612e-02 -4.8922597011545582e-02 0.0000000000000000e+00
2363 6.4560269916648788e-02 -4.8942275525533097e-02 0.0000000000000000e+00
2364 7.3759620291531297e-02 -4.3306993339562727e-02 0.0000000000000000e+00
2365 7.4119261582263507e-02 -4.2570570786993799e-02 0.0000000000000000e+00
2366 7.4121616866740764e-02 -4.4065490800309859e-02 0.0000000000000000e+00
2367 7.3824577365755581e-02 -4.4952615309504250e-02 0.0000000000000000e+00
2368 7.3340706184019042e-02 -4.5745588175144299e-02 0.0000000000000000e+00
2369 7.5016533515030639e-02 -4.1878574097792942e-02 0.0000000000000000e+00
2370 7.5641138482114234e-02 -3.9490547062898979e-02 0.0000000000000000e+00
2371 7.4975927376584733e-02 -4.0558538827079084e-02 0.0000000000000000e+00
2372 7.7660998843187432e-02 -3.7383978421442067e-02 0.0000000000000000e+00
2373 7.6875852862788821e-02 -3.9080037212150490e-02 0.0000000000000000e+00
2374 1.0610181988199430e-01 -9.0489252354181149e-03 0.0000000000000000e+00
2375 1.0282829460098081e-01 -1.2353998087346616e-02 0.0000000000000000e+00
2376 9.9128877740490548e-02 -1.5305498001720864e-02 0.0000000000000000e+00
2377 9.4777697278073614e-02 -1.7763709734325252e-02 0.0000000000000000e+00
2378 8.8994504673748587e-02 -2.0606535088872620e-02 0.0000000000000000e+00
2379 9.2292758007851874e-02 -2.0329840893850010e-02 0.0000000000000000e+00
2380 8.7869259089072851e-02 -2.4045309750598508e-02 0.0000000000000000e+00
2381 8.4692659529899045e-02 -2.5168277816180674e-02 0.0000000000000000e+00
2382 8.0961340028653989e-02 -2.6635294165168511e-02 0.0000000000000000e+00
2383 7.8084449638053707e-02 -2.9558997587808049e-02 0.0000000000000000e+00
2384 7.8781485255764436e-02 -3.2866967828672843e-02 0.0000000000000000e+00
2385 7.9210442183447055e-02 -3.5446730482805597e-02 0.0000000000000000e+00
2386 7.3598639881528011e-02 -4.6586181618328074e-02 0.0000000000000000e+00
2387 7.3242281566521086e-02 -4.7444151466205974e-02 0.0000000000000000e+00
2388 1.1124213218634531e-01 -1.0157777166486527e-02 0.0000000000000000e+00
2389 1.2070161822163020e-01 -6.4603507002492519e-03 0.0000000000000000e+00
2390 1.1712842296704433e-01 -1.1316521984644914e-02 0.0000000000000000e+00
2391 1.2788326330515129e-01 -6.9926162839203118e-03 0.0000000000000000e+00
2392 1.3571254329269586e-01 -7.4160499979701268e-03 0.0000000000000000e+00
2393 1.4370715688825486e-01 -7.3218592888524819e-03 0.0000000000000000e+00
2394 1.4861209422751140e-01 -1.0000000000000000e-03 0.0000000000000000e+00
2395 1.5699344587373049e-01 -1.0000000000000000e-03 0.0000000000000000e+00
2396 1.9178229854544239e-02 -6.1016392895481768e-02 0.0000000000000000e+00
2397 1.9143877842967269e-02 -6.0756384127164567e-02 0.0000000000000000e+00
2398 1.9164996718990739e-02 -6.0499289445650029e-02 0.0000000000000000e+00
2399 1.9379674181984902e-02 -6.0259205428057155e-02 0.0000000000000000e+00
2400 1.9981869991167814e-02 -5.9248185722540203e-02 0.0000000000000000e+00
2401 1.9707968710927871e-02 -5.9636898640208061e-02 0.0000000000000000e+00
2402 1.9536359418320149e-02 -5.9999999999999998e-02 0.0000000000000000e+00
2403 1.8800000000000001e-02 -6.0700000000000011e-02 0.0000000000000000e+00
2404 1.8400000000000003e-02 -5.9799999999999999e-02 0.0000000000000000e+00
2405 1.8600000000000002e-02 -6.0249999999999984e-02 0.0000000000000000e+00
2406 1.8882307593938455e-02 -6.0939480220275774e-02 0.0000000000000000e+00
2407 1.8955385856362503e-02 -6.1096277069364477e-02 0.0000000000000000e+00
2408 1.9057313278208775e-02 -6.1213736779638137e-02 0.0000000000000000e+00
2409 1.9171894686415527e-02 -6.1208423695957012e-02 0.0000000000000000e+00
2410 1.9297171213672401e-02 -6.1170357316915731e-02 0.0000000000000000e+00
2411 2.1108086190023016e-02 -5.6836777524750082e-02 0.0000000000000000e+00
2412 2.1249400369785003e-02 -5.6331993924869442e-02 0.0000000000000000e+00
2413 2.0802393056932624e-02 -5.7388490662164907e-02 0.0000000000000000e+00
2414 2.1330212180865987e-02 -5.7312390747139355e-02 0.0000000000000000e+00
2415 2.0356089430064239e-02 -5.8269481740856853e-02 0.0000000000000000e+00
2416 2.0725031385865227e-02 -5.7907004739044053e-02 0.0000000000000000e+00
2417 2.0550428845621412e-02 -5.8727051597824584e-02 0.0000000000000000e+00
2418 2.0397699146337732e-02 -5.9151099192081821e-02 0.0000000000000000e+00
2419 1.8261804469625196e-02 -6.4861613480709235e-02 0.0000000000000000e+00
2420 1.8164554551264943e-02 -6.4604956402310315e-02 0.0000000000000000e+00
2421 1.8170773314927752e-02 -6.4496809934105642e-02 0.0000000000000000e+00
2422 1.8288656093050769e-02 -6.4700151155531835e-02 0.0000000000000000e+00
2423 1.8384424531079888e-02 -6.4961423632729054e-02 0.0000000000000000e+00
2424 1.8237985734734164e-02 -6.5041763658890597e-02 0.0000000000000000e+00
2425 2.1955522267101669e-02 -5.5463192907359335e-02 0.0000000000000000e+00
2426 2.1721491969054509e-02 -5.6085853445424619e-02 0.0000000000000000e+00
2427 2.5568875078687339e-02 -4.8730346719275210e-02 0.0000000000000000e+00
2428 2.5196818369928774e-02 -4.9971742191279228e-02 0.0000000000000000e+00
2429 2.4723132484327125e-02 -5.1067128491031087e-02 0.0000000000000000e+00
2430 2.7252283142157094e-02 -4.6776874278085155e-02 0.0000000000000000e+00
2431 2.6956730828415116e-02 -4.8275002852894551e-02 0.0000000000000000e+00
2432 3.1999999999999994e-02 -4.6299999999999994e-02 0.0000000000000000e+00
2433 2.8838458421603125e-02 -4.6160178405470279e-02 0.0000000000000000e+00
2434 3.0499999999999999e-02 -4.5499999999999999e-02 0.0000000000000000e+00
2435 4.7000000000000014e-02 -4.4299999999999992e-02 0.0000000000000000e+00
2436 4.8499999999999995e-02 -4.3500000000000004e-02 0.0000000000000000e+00
2437 4.9987862432370037e-02 -4.4339519041833746e-02 0.0000000000000000e+00
2438 5.1461978725885475e-02 -4.5289035359094690e-02 0.0000000000000000e+00
2439 5.2925597669415139e-02 -4.6357952174944615e-02 0.0000000000000000e+00
2440 5.4423938373899472e-02 -4.7364145224903946e-02 0.0000000000000000e+00
2441 5.6074736807083532e-02 -4.8305071784298909e-02 0.0000000000000000e+00
2442 4.3999999999999997e-02 -4.6100000000000002e-02 0.0000000000000000e+00
2443 4.5499999999999999e-02 -4.5299999999999993e-02 0.0000000000000000e+00
2444 3.9499999999999993e-02 -4.3300000000000005e-02 0.0000000000000000e+00
2445 3.7999999999999999e-02 -4.2500000000000003e-02 0.0000000000000000e+00
2446 3.6499999999999998e-02 -4.3500000000000004e-02 0.0000000000000000e+00
2447 4.1000000000000002e-02 -4.4299999999999999e-02 0.0000000000000000e+00
2448 4.2500000000000010e-02 -4.5300000000000000e-02 0.0000000000000000e+00
2449 3.5000000000000003e-02 -4.4499999999999998e-02 0.0000000000000000e+00
2450 3.3500000000000002e-02 -4.5499999999999999e-02 0.0000000000000000e+00
2451 2.4142820019386890e-02 -5.1999999999999984e-02 0.0000000000000000e+00
2452 2.3656178564756731e-02 -5.2831596169800668e-02 0.0000000000000000e+00
2453 2.2545520931118900e-02 -5.4198967943403446e-02 0.0000000000000000e+00
2454 2.3112768258275945e-02 -5.3575657278032519e-02 0.0000000000000000e+00
2455 2.2656303233251074e-02 -5.5176047477670423e-02 0.0000000000000000e+00
2456 1.7946865732635289e-02 -6.0009211399004621e-02 0.0000000000000000e+00
2457 1.8200000000000008e-02 -5.9799999999999999e-02 0.0000000000000000e+00
2458 1.7853175833455411e-02 -6.0193699992373784e-02 0.0000000000000000e+00
2459 1.8300000000000004e-02 -6.0249999999999977e-02 0.0000000000000000e+00
2460 1.8106706679177624e-02 -6.4416158518196112e-02 0.0000000000000000e+00
2461 1.8051000111910232e-02 -6.4521216789720642e-02 0.0000000000000000e+00
2462 1.8013683927646684e-02 -6.4646205549735505e-02 0.0000000000000000e+00
2463 1.8081483301250822e-02 -6.4928909870652265e-02 0.0000000000000000e+00
2464 1.7965576820622598e-02 -6.4787399490763911e-02 0.0000000000000000e+00
2465 1.8018619637447972e-02 -6.5124770162312856e-02 0.0000000000000000e+00
2466 1.6943727415708952e-02 -5.3150701453419505e-02 0.0000000000000000e+00
2467 1.6658395676214063e-02 -5.2845413241519826e-02 0.0000000000000000e+00
2468 1.6412897205785995e-02 -5.2452125408350855e-02 0.0000000000000000e+00
2469 1.6189979813906019e-02 -5.2000000000000005e-02 0.0000000000000000e+00
2470 1.5893110455189440e-02 -5.1545244949593755e-02 0.0000000000000000e+00
2471 1.5642589798871797e-02 -5.0975582950042717e-02 0.0000000000000000e+00
2472 1.5464818701710164e-02 -5.0320598658485476e-02 0.0000000000000000e+00
2473 1.5549652892342405e-02 -4.9726121479530865e-02 0.0000000000000000e+00
2474 1.5302857698430294e-02 -4.9143547167445074e-02 0.0000000000000000e+00
2475 1.4209356274293143e-02 -4.2647480308335525e-02 0.0000000000000000e+00
2476 1.4292213126800081e-02 -4.3539457187563947e-02 0.0000000000000000e+00
2477 1.5130447271143838e-02 -4.8260617016361404e-02 0.0000000000000000e+00
2478 1.4739778314043031e-02 -4.7610806263702857e-02 0.0000000000000000e+00
2479 1.4731704737867158e-02 -4.6989859100311379e-02 0.0000000000000000e+00
2480 1.4591794264255355e-02 -4.6370744381934545e-02 0.0000000000000000e+00
2481 1.4523691407569686e-02 -4.5671103607605582e-02 0.0000000000000000e+00
2482 1.4113777808614171e-02 -4.4372419137305420e-02 0.0000000000000000e+00
2483 1.4106682013461776e-02 -4.5137941210149746e-02 0.0000000000000000e+00
2484 1.4349644810946006e-02 -4.1701382438895568e-02 0.0000000000000000e+00
2485 1.1766672673681791e-02 -2.8513108005874355e-02 0.0000000000000000e+00
2486 1.6104500361442405e-02 -4.0730191015792498e-02 0.0000000000000000e+00
2487 1.4462744966504876e-02 -4.0425306334838713e-02 0.0000000000000000e+00
2488 1.8200000000000001e-02 -4.0259999999999997e-02 0.0000000000000000e+00
2489 1.2694694388897688e-02 -3.1843732135116112e-02 0.0000000000000000e+00
2490 1.2750833797799659e-02 -3.5053961356352199e-02 0.0000000000000000e+00
2491 1.5566511559529140e-02 -3.7516005956679289e-02 0.0000000000000000e+00
2492 8.1019810507791928e-03 -2.2970260693994941e-02 0.0000000000000000e+00
2493 4.4113317236166892e-03 -2.0566774117719754e-02 0.0000000000000000e+00
2494 0.0000000000000000e+00 -1.8403679414573472e-02 0.0000000000000000e+00
2495 8.2289513442935884e-03 -2.6891599419184169e-02 0.0000000000000000e+00
2496 1.7600000000000005e-02 -5.9999999999999998e-02 0.0000000000000000e+00
2497 1.7129039379313229e-02 -5.9580182670553060e-02 0.0000000000000000e+00
2498 1.7380826056657101e-02 -5.9753928189491809e-02 0.0000000000000000e+00
2499 1.7573054088088735e-02 -6.0328095962846343e-02 0.0000000000000000e+00
2500 1.6936606416495675e-02 -5.8872210874694811e-02 0.0000000000000000e+00
2501 1.6799341385866584e-02 -5.9320360085445438e-02 0.0000000000000000e+00
2502 1.7172172762887485e-02 -5.5787753649863436e-02 0.0000000000000000e+00
2503 1.7177625693227401e-02 -5.4362171784389714e-02 0.0000000000000000e+00
2504 1.7172108336976553e-02 -5.5314732619552949e-02 0.0000000000000000e+00
2505 1.7174020931374979e-02 -5.4840523428837017e-02 0.0000000000000000e+00
2506 1.7215711132997573e-02 -5.8127542304872395e-02 0.0000000000000000e+00
2507 1.6930000737863524e-02 -5.8351518457218213e-02 0.0000000000000000e+00
2508 1.7189636019365750e-02 -5.7663438463072474e-02 0.0000000000000000e+00
2509 1.7172605927793117e-02 -5.6259875589672673e-02 0.0000000000000000e+00
2510 1.7188468416182410e-02 -5.7196888150504943e-02 0.0000000000000000e+00
2511 1.7178539134352990e-02 -5.6728551811940933e-02 0.0000000000000000e+00
2512 1.6880084238848736e-02 -5.3638661945469977e-02 0.0000000000000000e+00
2513 1.6851367626302502e-02 -5.4141428888461594e-02 0.0000000000000000e+00
2514 6.0209750078404074e-02 -4.8647472428452562e-02 0.0000000000000000e+00
2515 6.3251989543944190e-02 -4.8779664620168320e-02 0.0000000000000000e+00
2516 6.1774980925980987e-02 -4.8745355616155700e-02 0.0000000000000000e+00
2517 5.7670361935392399e-02 -4.9136890578516806e-02 0.0000000000000000e+00
2518 5.9207352658638683e-02 -4.9900354733640913e-02 0.0000000000000000e+00
2519 7.2661265139855852e-02 -4.8344909629776625e-02 0.0000000000000000e+00
2520 7.1886471723055942e-02 -4.8985479521637315e-02 0.0000000000000000e+00
2521 7.1339119541614995e-02 -4.9457707992183769e-02 0.0000000000000000e+00
2522 6.6478838621450848e-02 -4.9741676949211736e-02 0.0000000000000000e+00
2523 7.0460709924843101e-02 -4.9518114518377676e-02 0.0000000000000000e+00
2524 6.9550420169873756e-02 -4.9002498630603901e-02 0.0000000000000000e+00
2525 6.7252271321895790e-02 -4.9447063760012074e-02 0.0000000000000000e+00
2526 6.8635451008424456e-02 -4.9145660915659826e-02 0.0000000000000000e+00
2527 6.7861417001700050e-02 -4.9097475149259891e-02 0.0000000000000000e+00
2528 6.7219344914266344e-02 -5.0220685665560511e-02 0.0000000000000000e+00
2529 6.5549620989402327e-02 -5.0061865293448519e-02 0.0000000000000000e+00
2530 6.4149852362261367e-02 -5.0266891564279721e-02 0.0000000000000000e+00
2531 7.4919695911190826e-02 -4.3296732678866294e-02 0.0000000000000000e+00
2532 7.4981796419983066e-02 -4.4638638177743134e-02 0.0000000000000000e+00
2533 7.4498852919000727e-02 -4.5945250251979167e-02 0.0000000000000000e+00
2534 7.6150853547470199e-02 -4.2739225032426498e-02 0.0000000000000000e+00
2535 7.9858019775059755e-02 -3.7698845534673363e-02 0.0000000000000000e+00
2536 7.6761138918462729e-02 -4.0960857129051474e-02 0.0000000000000000e+00
2537 7.8478711598064535e-02 -3.9480193970627908e-02 0.0000000000000000e+00
2538 1.0761305987916932e-01 -1.4000061864107648e-02 0.0000000000000000e+00
2539 1.0356426185805127e-01 -1.7247486933350164e-02 0.0000000000000000e+00
2540 8.6833686270341687e-02 -2.6636657677391741e-02 0.0000000000000000e+00
2541 9.9110207572648337e-02 -1.9900210275617988e-02 0.0000000000000000e+00
2542 9.5217800782960396e-02 -2.1973199092512757e-02 0.0000000000000000e+00
2543 9.1516616286508978e-02 -2.3351579566255484e-02 0.0000000000000000e+00
2544 8.9856594237769399e-02 -2.6338950385284620e-02 0.0000000000000000e+00
2545 8.4286321048918519e-02 -2.8443315710749133e-02 0.0000000000000000e+00
2546 8.1372768626720299e-02 -3.0677897989634807e-02 0.0000000000000000e+00
2547 8.1314241519697350e-02 -3.3909493693456930e-02 0.0000000000000000e+00
2548 8.1142063784958182e-02 -3.6151860319678361e-02 0.0000000000000000e+00
2549 7.4324224360007560e-02 -4.7190646110732384e-02 0.0000000000000000e+00
2550 7.3821209387481143e-02 -4.8264027060654913e-02 0.0000000000000000e+00
2551 1.1318581367075968e-01 -1.5718989406740262e-02 0.0000000000000000e+00
2552 1.2381092402640421e-01 -1.2521599431987182e-02 0.0000000000000000e+00
2553 1.1955682572914499e-01 -1.7478129755380704e-02 0.0000000000000000e+00
2554 1.3126228679099378e-01 -1.3544544278067595e-02 0.0000000000000000e+00
2555 1.3961551106858569e-01 -1.4632906937149633e-02 0.0000000000000000e+00
2556 1.4677824524376609e-01 -1.3094948416597977e-02 0.0000000000000000e+00
2557 1.5233298665119110e-01 -7.7659932519485849e-03 0.0000000000000000e+00
2558 1.5953889873894672e-01 -6.2431606008222151e-03 0.0000000000000000e+00
2559 1.6499696966914268e-01 -1.0000000000000000e-03 0.0000000000000000e+00
2560 1.9361212599349378e-02 -6.0969069605561040e-02 0.0000000000000000e+00
2561 1.9370808699452249e-02 -6.0742361401194871e-02 0.0000000000000000e+00
2562 1.9521077619738633e-02 -6.0557076635196001e-02 0.0000000000000000e+00
2563 1.9740870153625769e-02 -6.0306794360182249e-02 0.0000000000000000e+00
2564 2.0176047809063787e-02 -5.9600436246025776e-02 0.0000000000000000e+00
2565 1.9925262011516062e-02 -5.9999999999999998e-02 0.0000000000000000e+00
2566 1.8600000000000002e-02 -6.0699999999999997e-02 0.0000000000000000e+00
2567 1.8399999999999996e-02 -6.0249999999999998e-02 0.0000000000000000e+00
2568 1.8800501564625972e-02 -6.1096770313664402e-02 0.0000000000000000e+00
2569 1.8953619644766561e-02 -6.1299873733938810e-02 0.0000000000000000e+00
2570 1.9128870500386384e-02 -6.1377134441217861e-02 0.0000000000000000e+00
2571 1.9021703739362721e-02 -6.1512736018264694e-02 0.0000000000000000e+00
2572 1.9304229284573100e-02 -6.1371982609807987e-02 0.0000000000000000e+00
2573 1.9525828244522751e-02 -6.1240390874582433e-02 0.0000000000000000e+00
2574 2.1799235953098687e-02 -5.6772433872937643e-02 0.0000000000000000e+00
2575 2.1253239511882852e-02 -5.7827065990724062e-02 0.0000000000000000e+00
2576 2.1841207651622688e-02 -5.7544237598321224e-02 0.0000000000000000e+00
2577 2.0958740823365535e-02 -5.8413087483708825e-02 0.0000000000000000e+00
2578 2.0906533790564757e-02 -5.9029140482748092e-02 0.0000000000000000e+00
2579 2.0659520160368362e-02 -5.9546139967683001e-02 0.0000000000000000e+00
2580 1.8561667971776281e-02 -6.4963739095012296e-02 0.0000000000000000e+00
2581 1.8431452225628715e-02 -6.4815437377380020e-02 0.0000000000000000e+00
2582 1.8241297810652781e-02 -6.4407344331582198e-02 0.0000000000000000e+00
2583 1.8293709349237058e-02 -6.4537558495849551e-02 0.0000000000000000e+00
2584 1.8449856977584160e-02 -6.4628801306535782e-02 0.0000000000000000e+00
2585 1.8655483927025773e-02 -6.5185875850335709e-02 0.0000000000000000e+00
2586 1.8425760166818940e-02 -6.5129030948041330e-02 0.0000000000000000e+00
2587 1.8235589395067833e-02 -6.5239541850354063e-02 0.0000000000000000e+00
2588 1.7891590789839505e-02 -6.5299577480182017e-02 0.0000000000000000e+00
2589 1.8060418804821090e-02 -6.5328675807035372e-02 0.0000000000000000e+00
2590 2.2503909089154867e-02 -5.6125716741751749e-02 0.0000000000000000e+00
2591 2.6522226091312984e-02 -4.9662568226618825e-02 0.0000000000000000e+00
2592 2.5953281225814036e-02 -5.0914552106749111e-02 0.0000000000000000e+00
2593 2.5284166804900317e-02 -5.1999999999999991e-02 0.0000000000000000e+00
2594 2.8554169706664297e-02 -4.7785488840669209e-02 0.0000000000000000e+00
2595 2.8060152367964199e-02 -4.9330737160710750e-02 0.0000000000000000e+00
2596 3.2000000000000001e-02 -4.6500000000000007e-02 0.0000000000000000e+00
2597 3.0323095722520212e-02 -4.7220649679944021e-02 0.0000000000000000e+00
2598 5.6065930104777964e-02 -5.0260210015312404e-02 0.0000000000000000e+00
2599 4.7000000000000000e-02 -4.4499999999999998e-02 0.0000000000000000e+00
2600 4.8446597756564305e-02 -4.5246474547001217e-02 0.0000000000000000e+00
2601 5.0018598111770438e-02 -4.6001604344906605e-02 0.0000000000000000e+00
2602 5.1319851248388282e-02 -4.7047268321498394e-02 0.0000000000000000e+00
2603 4.9903215838459150e-02 -4.7322706361714352e-02 0.0000000000000000e+00
2604 5.2714025421712302e-02 -4.8227505554746863e-02 0.0000000000000000e+00
2605 5.4329195360440473e-02 -4.9294450224025961e-02 0.0000000000000000e+00
2606 4.3999999999999984e-02 -4.6299999999999994e-02 0.0000000000000000e+00
2607 4.5499999999999999e-02 -4.5499999999999999e-02 0.0000000000000000e+00
2608 3.9500000000000000e-02 -4.3500000000000004e-02 0.0000000000000000e+00
2609 3.7941656367700596e-02 -4.4339683377361341e-02 0.0000000000000000e+00
2610 3.6404221638337265e-02 -4.5184490867486327e-02 0.0000000000000000e+00
2611 4.1000000000000002e-02 -4.4499999999999998e-02 0.0000000000000000e+00
2612 4.2500000000000003e-02 -4.5499999999999999e-02 0.0000000000000000e+00
2613 3.5047486837509557e-02 -4.6065996652133977e-02 0.0000000000000000e+00
2614 3.3510784879070193e-02 -4.7126347673628909e-02 0.0000000000000000e+00
2615 2.4723798698401248e-02 -5.2957088615153025e-02 0.0000000000000000e+00
2616 2.4075346361918059e-02 -5.3804878305894949e-02 0.0000000000000000e+00
2617 2.3373842396718952e-02 -5.4533042825024372e-02 0.0000000000000000e+00
2618 2.3452488278437322e-02 -5.5590065358769723e-02 0.0000000000000000e+00
2619 1.8200000000000004e-02 -6.0249999999999998e-02 0.0000000000000000e+00
2620 1.7902020533377118e-02 -6.0390968885999742e-02 0.0000000000000000e+00
2621 1.7625924227896158e-02 -6.0631402878790125e-02 0.0000000000000000e+00
2622 1.8300000000000000e-02 -6.0699999999999997e-02 0.0000000000000000e+00
2623 1.8279095812191854e-02 -6.4286428243438359e-02 0.0000000000000000e+00
2624 1.8173224600298365e-02 -6.4306303076057114e-02 0.0000000000000000e+00
2625 1.7956480569824459e-02 -6.4425868559420479e-02 0.0000000000000000e+00
2626 1.8047902614005098e-02 -6.4339705671646624e-02 0.0000000000000000e+00
2627 1.7893752065196968e-02 -6.4537423205275016e-02 0.0000000000000000e+00
2628 1.7876669667266885e-02 -6.4673521001861023e-02 0.0000000000000000e+00
2629 1.7858439043493723e-02 -6.4954336786929287e-02 0.0000000000000000e+00
2630 1.7806801110804328e-02 -6.4780187495504807e-02 0.0000000000000000e+00
2631 1.7742659388831857e-02 -6.5135626652846002e-02 0.0000000000000000e+00
2632 1.7798454788129598e-02 -6.4435076987710158e-02 0.0000000000000000e+00
2633 1.6492307648122227e-02 -5.3340061167144515e-02 0.0000000000000000e+00
2634 1.6157429505063884e-02 -5.2959619436279311e-02 0.0000000000000000e+00
2635 1.5853534773596169e-02 -5.2496490665810691e-02 0.0000000000000000e+00
2636 1.5569566149433230e-02 -5.2000000000000005e-02 0.0000000000000000e+00
2637 1.5224228403520060e-02 -5.1450783830601567e-02 0.0000000000000000e+00
2638 1.4911281078840585e-02 -5.0731177138130606e-02 0.0000000000000000e+00
2639 1.4780210948099306e-02 -4.9850094637347464e-02 0.0000000000000000e+00
2640 1.4404218736926037e-02 -4.8945806319853589e-02 0.0000000000000000e+00
2641 1.3384214035185044e-02 -4.2310105070145002e-02 0.0000000000000000e+00
2642 1.3489329765520676e-02 -4.3187181547463413e-02 0.0000000000000000e+00
2643 1.3513133167818353e-02 -4.3990347362955255e-02 0.0000000000000000e+00
2644 1.4199270484121021e-02 -4.8057809908070764e-02 0.0000000000000000e+00
2645 1.4235007571601481e-02 -4.7370488135577649e-02 0.0000000000000000e+00
2646 1.4044224177049557e-02 -4.6747589435259369e-02 0.0000000000000000e+00
2647 1.3874899133072657e-02 -4.5951632031710064e-02 0.0000000000000000e+00
2648 1.3448670127069127e-02 -4.4756283223614961e-02 0.0000000000000000e+00
2649 1.3461653312508474e-02 -4.5368444612193387e-02 0.0000000000000000e+00
2650 1.3033427196307555e-02 -4.1146767301816684e-02 0.0000000000000000e+00
2651 9.1499274425583654e-03 -3.0387728375678269e-02 0.0000000000000000e+00
2652 1.3052405683861268e-02 -3.9135627836411654e-02 0.0000000000000000e+00
2653 1.5575320275513274e-02 -3.8118968764275202e-02 0.0000000000000000e+00
2654 9.7728634745067426e-03 -3.3484614384760136e-02 0.0000000000000000e+00
2655 1.2765921167370195e-02 -3.5629618997477519e-02 0.0000000000000000e+00
2656 3.8331170557764313e-03 -2.5741174826748207e-02 0.0000000000000000e+00
2657 0.0000000000000000e+00 -2.3345850955383961e-02 0.0000000000000000e+00
2658 5.7442040253149178e-03 -2.9353916215543743e-02 0.0000000000000000e+00
2659 1.6830302653503874e-02 -5.9690152997359532e-02 0.0000000000000000e+00
2660 1.7174040741968377e-02 -5.9999999999999998e-02 0.0000000000000000e+00
2661 1.7259805910484430e-02 -6.0629193168418818e-02 0.0000000000000000e+00
2662 1.6528648579689283e-02 -5.8512130912937464e-02 0.0000000000000000e+00
2663 1.6473371006943054e-02 -5.9004062290704151e-02 0.0000000000000000e+00
2664 1.6384962466127685e-02 -5.9579322601323925e-02 0.0000000000000000e+00
2665 1.6855207268424523e-02 -5.5584776645599146e-02 0.0000000000000000e+00
2666 1.6856297787076452e-02 -5.6042110808850673e-02 0.0000000000000000e+00
2667 1.6857331323726247e-02 -5.4642012571545641e-02 0.0000000000000000e+00
2668 1.6854448677078283e-02 -5.5101973807657932e-02 0.0000000000000000e+00
2669 1.6537439263781206e-02 -5.5361103184181241e-02 0.0000000000000000e+00
2670 1.6899386614189157e-02 -5.7877776207491793e-02 0.0000000000000000e+00
2671 1.6623149580728323e-02 -5.8125584728646935e-02 0.0000000000000000e+00
2672 1.6887925980235655e-02 -5.7450341008567080e-02 0.0000000000000000e+00
2673 1.6850435302371077e-02 -5.6524182271195961e-02 0.0000000000000000e+00
2674 1.6871257958449518e-02 -5.6962767435639917e-02 0.0000000000000000e+00
2675 1.6543680128213157e-02 -5.6296823944115205e-02 0.0000000000000000e+00
2676 1.6521455189238164e-02 -5.4413955486011696e-02 0.0000000000000000e+00
2677 1.6373797711299477e-02 -5.3936681349660058e-02 0.0000000000000000e+00
2678 1.6244593800429325e-02 -5.8142856633951100e-02 0.0000000000000000e+00
2679 6.0858772240818433e-02 -5.0414754452901035e-02 0.0000000000000000e+00
2680 6.2572308614595812e-02 -5.0369723202452886e-02 0.0000000000000000e+00
2681 5.7847900662839784e-02 -5.1085804797588258e-02 0.0000000000000000e+00
2682 5.9675425382056918e-02 -5.1753376490003326e-02 0.0000000000000000e+00
2683 7.3336153842190804e-02 -4.9034497416125630e-02 0.0000000000000000e+00
2684 7.2637171005793824e-02 -4.9251138306347163e-02 0.0000000000000000e+00
2685 7.2123289281033412e-02 -4.9890678615833767e-02 0.0000000000000000e+00
2686 7.1240618985194348e-02 -5.0196056380636948e-02 0.0000000000000000e+00
2687 7.0405947077333317e-02 -5.0382880129309200e-02 0.0000000000000000e+00
2688 6.6560840628862014e-02 -5.0898822784756194e-02 0.0000000000000000e+00
2689 6.9414839488011609e-02 -5.0082689565000081e-02 0.0000000000000000e+00
2690 6.8105006043579969e-02 -5.0042574133028005e-02 0.0000000000000000e+00
2691 6.7575403224670025e-02 -5.0934823941522100e-02 0.0000000000000000e+00
2692 6.9946475710180936e-02 -5.1006017898019437e-02 0.0000000000000000e+00
2693 6.5383092714086447e-02 -5.1785673296616881e-02 0.0000000000000000e+00
2694 6.3581962001948947e-02 -5.1651602277365177e-02 0.0000000000000000e+00
2695 7.6373559603213279e-02 -4.4076259558013510e-02 0.0000000000000000e+00
2696 7.6092965484487393e-02 -4.5581611492471467e-02 0.0000000000000000e+00
2697 7.5620705374610533e-02 -4.6912196639169713e-02 0.0000000000000000e+00
2698 8.2074450290998996e-02 -3.7915244796956564e-02 0.0000000000000000e+00
2699 7.7717573662667572e-02 -4.2929697583097531e-02 0.0000000000000000e+00
2700 8.0735629958255353e-02 -3.9772709809200016e-02 0.0000000000000000e+00
2701 7.9232520302981127e-02 -4.1530043246338300e-02 0.0000000000000000e+00
2702 1.0875552693864392e-01 -1.9484514409709587e-02 0.0000000000000000e+00
2703 1.0394960441637480e-01 -2.2440638961598303e-02 0.0000000000000000e+00
2704 8.7718946263407635e-02 -2.9314792190528422e-02 0.0000000000000000e+00
2705 9.9040991613821350e-02 -2.4760088054253549e-02 0.0000000000000000e+00
2706 9.3929743748390651e-02 -2.6626534478720737e-02 0.0000000000000000e+00
2707 9.0915463455480350e-02 -2.9217628354120985e-02 0.0000000000000000e+00
2708 8.4894162236729340e-02 -3.2560547841059315e-02 0.0000000000000000e+00
2709 8.3481324237029170e-02 -3.5795936233870757e-02 0.0000000000000000e+00
2710 8.4117570393924410e-02 -3.8036700653423725e-02 0.0000000000000000e+00
2711 7.5036785862640412e-02 -4.8214724504547862e-02 0.0000000000000000e+00
2712 7.4304096346942128e-02 -4.9346090675214699e-02 0.0000000000000000e+00
2713 1.1481955094498603e-01 -2.1891954745252257e-02 0.0000000000000000e+00
2714 1.2659222728306327e-01 -1.9218882133909470e-02 0.0000000000000000e+00
2715 1.2183391394921726e-01 -2.4262048207341853e-02 0.0000000000000000e+00
2716 1.3396796123235344e-01 -2.0483431246871370e-02 0.0000000000000000e+00
2717 1.4024840058807947e-01 -2.1613019195267705e-02 0.0000000000000000e+00
2718 1.4564162046243032e-01 -1.8953953673403686e-02 0.0000000000000000e+00
2719 1.5229548978448015e-01 -1.5845108504416189e-02 0.0000000000000000e+00
2720 1.5860691845973282e-01 -1.2631233782295760e-02 0.0000000000000000e+00
2721 1.6476417304093652e-01 -8.8185759698667307e-03 0.0000000000000000e+00
2722 1.6687200123559837e-01 -9.9999999999999980e-04 0.0000000000000000e+00
2723 1.9652100255617942e-02 -6.0887923992651048e-02 0.0000000000000000e+00
2724 1.9918430262813099e-02 -6.0660391923287413e-02 0.0000000000000000e+00
2725 2.0164554881108732e-02 -6.0364006870769975e-02 0.0000000000000000e+00
2726 2.0374936026934735e-02 -5.9999999999999998e-02 0.0000000000000000e+00
2727 1.9811575428815953e-02 -6.1263048275425058e-02 0.0000000000000000e+00
2728 1.8400000000000003e-02 -6.0700000000000011e-02 0.0000000000000000e+00
2729 1.8761513007491251e-02 -6.1476421053646910e-02 0.0000000000000000e+00
2730 1.9264462368991615e-02 -6.1656053809700503e-02 0.0000000000000000e+00
2731 1.8993253096192243e-02 -6.1899146256013567e-02 0.0000000000000000e+00
2732 1.9645740830660341e-02 -6.1670708929692800e-02 0.0000000000000000e+00
2733 2.2543068067097386e-02 -5.7122309941479064e-02 0.0000000000000000e+00
2734 2.1670446745586276e-02 -5.8252642879725522e-02 0.0000000000000000e+00
2735 2.2406198499086243e-02 -5.7970805925346695e-02 0.0000000000000000e+00
2736 2.1452447088377992e-02 -5.8883098219201305e-02 0.0000000000000000e+00
2737 2.1210404241927605e-02 -5.9477340997735481e-02 0.0000000000000000e+00
2738 2.0894893710190030e-02 -5.9999999999999998e-02 0.0000000000000000e+00
2739 1.8908494373142782e-02 -6.5212246234303398e-02 0.0000000000000000e+00
2740 1.8804731398897358e-02 -6.4973938100585077e-02 0.0000000000000000e+00
2741 1.8642303310656021e-02 -6.4776895593761888e-02 0.0000000000000000e+00
2742 1.8427290169520338e-02 -6.4401782803433935e-02 0.0000000000000000e+00
2743 1.8370475064366922e-02 -6.4192563997471822e-02 0.0000000000000000e+00
2744 1.8614307670324820e-02 -6.4542791766381988e-02 0.0000000000000000e+00
2745 1.8937312037878240e-02 -6.5450203676394550e-02 0.0000000000000000e+00
2746 1.8739931101600358e-02 -6.5413540098105308e-02 0.0000000000000000e+00
2747 1.8466288497616411e-02 -6.5395936520143375e-02 0.0000000000000000e+00
2748 1.7678851449417880e-02 -6.5404616781201866e-02 0.0000000000000000e+00
2749 1.8198010071171031e-02 -6.5477791556104697e-02 0.0000000000000000e+00
2750 1.7949151370446090e-02 -6.5509427326600644e-02 0.0000000000000000e+00
2751 1.8833521344844409e-02 -6.5650014981053481e-02 0.0000000000000000e+00
2752 2.3388178476214799e-02 -5.6660502468157917e-02 0.0000000000000000e+00
2753 5.6184810445547760e-02 -5.2403362331836206e-02 0.0000000000000000e+00
2754 2.7393850358100959e-02 -5.0744718154464144e-02 0.0000000000000000e+00
2755 2.6609188056461220e-02 -5.1999999999999991e-02 0.0000000000000000e+00
2756 2.5944616188215398e-02 -5.3090614819727364e-02 0.0000000000000000e+00
2757 2.9070810309161938e-02 -5.0560451319184928e-02 0.0000000000000000e+00
2758 2.9863126914129904e-02 -4.8956193570432807e-02 0.0000000000000000e+00
2759 3.2006659399726516e-02 -4.8457881852873017e-02 0.0000000000000000e+00
2760 5.4264209005573084e-02 -5.1373959063667055e-02 0.0000000000000000e+00
2761 4.7059903682590568e-02 -4.6333168177508717e-02 0.0000000000000000e+00
2762 4.8575992468427309e-02 -4.6817562672736956e-02 0.0000000000000000e+00
2763 4.9018369898695346e-02 -4.8198434706423654e-02 0.0000000000000000e+00
2764 5.0638680877769550e-02 -4.8835627318583756e-02 0.0000000000000000e+00
2765 5.2432332449596428e-02 -5.0235809701226611e-02 0.0000000000000000e+00
2766 4.3999999999999997e-02 -4.6500000000000007e-02 0.0000000000000000e+00
2767 4.5683379127362624e-02 -4.7157532362508379e-02 0.0000000000000000e+00
2768 3.9341568647846263e-02 -4.5308970942486280e-02 0.0000000000000000e+00
2769 3.7735479874959822e-02 -4.6120721590929281e-02 0.0000000000000000e+00
2770 3.6306679000395262e-02 -4.6528514815404251e-02 0.0000000000000000e+00
2771 4.0859061927264642e-02 -4.6262744264965676e-02 0.0000000000000000e+00
2772 4.2455791208270130e-02 -4.7118862947759993e-02 0.0000000000000000e+00
2773 3.5279490291575323e-02 -4.7658219197632488e-02 0.0000000000000000e+00
2774 3.3954882219420265e-02 -4.8641409870853462e-02 0.0000000000000000e+00
2775 2.5226312435751089e-02 -5.4077277176464336e-02 0.0000000000000000e+00
2776 2.4365985899925249e-02 -5.4923112842771835e-02 0.0000000000000000e+00
2777 2.4410287613086567e-02 -5.6118999211245794e-02 0.0000000000000000e+00
2778 1.7543765015877774e-02 -6.1115064258844755e-02 0.0000000000000000e+00
2779 1.8200000000000001e-02 -6.0700000000000011e-02 0.0000000000000000e+00
2780 1.8299999999999997e-02 -6.2349999999999996e-02 0.0000000000000000e+00
2781 1.8246345596143982e-02 -6.4175019651236051e-02 0.0000000000000000e+00
2782 1.8299999999999997e-02 -6.4000000000000001e-02 0.0000000000000000e+00
2783 1.8117485048274623e-02 -6.4222371536088979e-02 0.0000000000000000e+00
2784 1.7859925641708983e-02 -6.4223946679874952e-02 0.0000000000000000e+00
2785 1.7368027989436562e-02 -6.5553866701153665e-02 0.0000000000000000e+00
2786 1.7701920150160588e-02 -6.4618018684967735e-02 0.0000000000000000e+00
2787 1.7604958356050564e-02 -6.4884136808184278e-02 0.0000000000000000e+00
2788 1.7386612862292577e-02 -6.5156423771063385e-02 0.0000000000000000e+00
2789 1.7362628783335343e-02 -6.4907160139825074e-02 0.0000000000000000e+00
2790 1.7580195513756985e-02 -6.4370127809012620e-02 0.0000000000000000e+00
2791 1.5940411341598265e-02 -5.3509289576518411e-02 0.0000000000000000e+00
2792 1.5551325743260524e-02 -5.3118368574870706e-02 0.0000000000000000e+00
2793 1.5188715797048476e-02 -5.2574733249954625e-02 0.0000000000000000e+00
2794 1.4854283810381180e-02 -5.1999999999999991e-02 0.0000000000000000e+00
2795 1.4445927933779515e-02 -5.1318579578110882e-02 0.0000000000000000e+00
2796 1.4085080149208715e-02 -5.0508388251727918e-02 0.0000000000000000e+00
2797 1.3743567379236940e-02 -4.9575023446258713e-02 0.0000000000000000e+00
2798 1.2522248756077005e-02 -4.2187743664151671e-02 0.0000000000000000e+00
2799 1.1954705879969418e-02 -4.1637836292394342e-02 0.0000000000000000e+00
2800 1.3442722053195699e-02 -4.8522459357561873e-02 0.0000000000000000e+00
2801 1.2606256795296061e-02 -4.2970293794474715e-02 0.0000000000000000e+00
2802 1.2912826644098001e-02 -4.3685452896640657e-02 0.0000000000000000e+00
2803 1.2821981534808066e-02 -4.4401290185143154e-02 0.0000000000000000e+00
2804 1.3453406542917290e-02 -4.7454171534200805e-02 0.0000000000000000e+00
2805 1.3359644653831123e-02 -4.6564978355150888e-02 0.0000000000000000e+00
2806 1.2995931312565155e-02 -4.5919720541082100e-02 0.0000000000000000e+00
2807 1.2830729268654079e-02 -4.5197122014498846e-02 0.0000000000000000e+00
2808 1.1718482825528313e-02 -4.0661052408283008e-02 0.0000000000000000e+00
2809 1.1004683724093748e-02 -4.1590568146999289e-02 0.0000000000000000e+00
2810 6.6307931046511118e-03 -3.2278702702796577e-02 0.0000000000000000e+00
2811 1.1508750856337195e-02 -3.8211179629696224e-02 0.0000000000000000e+00
2812 1.0790202764869505e-02 -3.9427384758563444e-02 0.0000000000000000e+00
2813 1.2781008536940726e-02 -3.6205276638602867e-02 0.0000000000000000e+00
2814 9.7906305950099855e-03 -3.4034058982570677e-02 0.0000000000000000e+00
2815 2.5938139971233122e-03 -2.9093252518749221e-02 0.0000000000000000e+00
2816 0.0000000000000000e+00 -2.7595623319134361e-02 0.0000000000000000e+00
2817 3.3541349282587376e-03 -3.1513220666756672e-02 0.0000000000000000e+00
2818 1.6686517365189901e-02 -5.9999999999999998e-02 0.0000000000000000e+00
2819 1.6843997035181153e-02 -6.0547996541550353e-02 0.0000000000000000e+00
2820 1.7079296136856791e-02 -6.1014401968003472e-02 0.0000000000000000e+00
2821 1.7114787158922142e-02 -6.1617043310241953e-02 0.0000000000000000e+00
2822 1.6106698105073553e-02 -5.8652453630324015e-02 0.0000000000000000e+00
2823 1.6062480822214859e-02 -5.9117468571485407e-02 0.0000000000000000e+00
2824 1.6133996571988503e-02 -5.9999999999999998e-02 0.0000000000000000e+00
2825 1.5804650660387696e-02 -5.9487936175945576e-02 0.0000000000000000e+00
2826 1.6425722963027814e-02 -5.5840290587133197e-02 0.0000000000000000e+00
2827 1.6397124225693473e-02 -5.4896407420940374e-02 0.0000000000000000e+00
2828 1.6107215421467268e-02 -5.5386821694458625e-02 0.0000000000000000e+00
2829 1.6475004497269730e-02 -5.7697772064694758e-02 0.0000000000000000e+00
2830 1.6583776385633624e-02 -5.7220999133030116e-02 0.0000000000000000e+00
2831 1.6413377362068965e-02 -5.6765697491580058e-02 0.0000000000000000e+00
2832 1.6127753629911493e-02 -5.6311992267459053e-02 0.0000000000000000e+00
2833 1.6043406845641747e-02 -5.4467341935886739e-02 0.0000000000000000e+00
2834 1.5819660334136530e-02 -5.4042622635607183e-02 0.0000000000000000e+00
2835 1.6009676961197490e-02 -5.7813625116470098e-02 0.0000000000000000e+00
2836 1.5775972518131388e-02 -5.8241423744027042e-02 0.0000000000000000e+00
2837 6.1816317607421525e-02 -5.2358199766572709e-02 0.0000000000000000e+00
2838 5.8194186442401055e-02 -5.3256263016126751e-02 0.0000000000000000e+00
2839 6.0128022680222007e-02 -5.3504882173190320e-02 0.0000000000000000e+00
2840 7.3224471698187951e-02 -5.0066930215616819e-02 0.0000000000000000e+00
2841 7.2210377116053798e-02 -5.0831718019289762e-02 0.0000000000000000e+00
2842 7.0967091278436603e-02 -5.1111522284511900e-02 0.0000000000000000e+00
2843 6.7244840514807197e-02 -5.2188431822202945e-02 0.0000000000000000e+00
2844 6.8788649912049096e-02 -5.1394575371770133e-02 0.0000000000000000e+00
2845 7.0193685131413330e-02 -5.2124027331629193e-02 0.0000000000000000e+00
2846 6.6035121513491460e-02 -5.3207664046640353e-02 0.0000000000000000e+00
2847 6.4022144278620630e-02 -5.3495549342851820e-02 0.0000000000000000e+00
2848 7.7754409400992833e-02 -4.4929199399828416e-02 0.0000000000000000e+00
2849 7.6494609196570112e-02 -4.8092622689715842e-02 0.0000000000000000e+00
2850 7.7238682396509217e-02 -4.6625114146757872e-02 0.0000000000000000e+00
2851 8.3112093596767037e-02 -4.0035416230893170e-02 0.0000000000000000e+00
2852 7.9975387500554745e-02 -4.4041579284473185e-02 0.0000000000000000e+00
2853 8.1690163227444226e-02 -4.2011744129648226e-02 0.0000000000000000e+00
2854 1.0940089440343018e-01 -2.5611816619976385e-02 0.0000000000000000e+00
2855 1.0369239630187815e-01 -2.7975411138459617e-02 0.0000000000000000e+00
2856 8.9527450331206432e-02 -3.2691653174564780e-02 0.0000000000000000e+00
2857 9.8346196860675875e-02 -2.9644534378611882e-02 0.0000000000000000e+00
2858 9.3722567603507237e-02 -3.1215882974756515e-02 0.0000000000000000e+00
2859 8.6835903711919835e-02 -3.6388955276941796e-02 0.0000000000000000e+00
2860 8.5800002482174370e-02 -3.9806564040926598e-02 0.0000000000000000e+00
2861 7.5655870510231038e-02 -4.9482763851799595e-02 0.0000000000000000e+00
2862 7.4619960846464786e-02 -5.0588242490308542e-02 0.0000000000000000e+00
2863 1.1630153673587464e-01 -2.9613840148632855e-02 0.0000000000000000e+00
2864 1.2315204823576703e-01 -3.0391942813194094e-02 0.0000000000000000e+00
2865 1.2912423617780064e-01 -2.7023000699162691e-02 0.0000000000000000e+00
2866 1.3748296808705754e-01 -2.6767945893620394e-02 0.0000000000000000e+00
2867 1.4406973062641304e-01 -2.5515740688083648e-02 0.0000000000000000e+00
2868 1.5080587253589170e-01 -2.2957393107914049e-02 0.0000000000000000e+00
2869 1.5752687424236939e-01 -1.9967419555901762e-02 0.0000000000000000e+00
2870 1.6416114184326738e-01 -1.6616844126206311e-02 0.0000000000000000e+00
2871 1.6663707945080922e-01 -8.9077829962764098e-03 0.0000000000000000e+00
2872 1.6874703280205408e-01 -9.9999999999999980e-04 0.0000000000000000e+00
2873 2.0061069665109798e-02 -6.1059804324205123e-02 0.0000000000000000e+00
2874 2.0370931910632224e-02 -6.0786731139422831e-02 0.0000000000000000e+00
2875 2.0657187271271742e-02 -6.0429943898464983e-02 0.0000000000000000e+00
2876 2.0098066145042854e-02 -6.1485043514657035e-02 0.0000000000000000e+00
2877 1.8399999999999996e-02 -6.2349999999999996e-02 0.0000000000000000e+00
2878 1.8400000000000000e-02 -6.4000000000000001e-02 0.0000000000000000e+00
2879 1.9347103598658339e-02 -6.2287456640646874e-02 0.0000000000000000e+00
2880 1.9996307795330570e-02 -6.2071838765992156e-02 0.0000000000000000e+00
2881 2.3227393192277696e-02 -5.7660413607084023e-02 0.0000000000000000e+00
2882 2.2155783505609112e-02 -5.8749182486877875e-02 0.0000000000000000e+00
2883 2.2954176053013794e-02 -5.8551255300086938e-02 0.0000000000000000e+00
2884 2.1851470133333224e-02 -5.9405651004946873e-02 0.0000000000000000e+00
2885 2.1496133772978036e-02 -5.9999999999999998e-02 0.0000000000000000e+00
2886 2.1220737713090704e-02 -6.0503280643622627e-02 0.0000000000000000e+00
2887 1.9072229310350096e-02 -6.5310376691914918e-02 0.0000000000000000e+00
2888 1.9119046129470203e-02 -6.5046384455908851e-02 0.0000000000000000e+00
2889 1.9132126427446758e-02 -6.5466193799692624e-02 0.0000000000000000e+00
2890 1.8941392681313087e-02 -6.4658487374188237e-02 0.0000000000000000e+00
2891 1.8742225910997140e-02 -6.4217085965634899e-02 0.0000000000000000e+00
2892 1.9317117072486432e-02 -6.4772750713073410e-02 0.0000000000000000e+00
2893 1.9054442261354373e-02 -6.5653048562553246e-02 0.0000000000000000e+00
2894 1.8940477041049245e-02 -6.5828170991501525e-02 0.0000000000000000e+00
2895 1.7367397394574619e-02 -6.5902089396993435e-02 0.0000000000000000e+00
2896 1.8600242020642026e-02 -6.5672166748460686e-02 0.0000000000000000e+00
2897 1.8360705712992337e-02 -6.5641587627351727e-02 0.0000000000000000e+00
2898 1.7734264686253446e-02 -6.5771426201114785e-02 0.0000000000000000e+00
2899 1.8115645710078617e-02 -6.5751801043439487e-02 0.0000000000000000e+00
2900 1.8728723656320386e-02 -6.5882959766190657e-02 0.0000000000000000e+00
2901 1.8915342626537421e-02 -6.6023792593597530e-02 0.0000000000000000e+00
2902 2.4206293695856258e-02 -5.7287091337322779e-02 0.0000000000000000e+00
2903 5.4261244746668907e-02 -5.3660299595572343e-02 0.0000000000000000e+00
2904 5.6458471160495301e-02 -5.4784793932826675e-02 0.0000000000000000e+00
2905 2.8147442704773946e-02 -5.1999999999999984e-02 0.0000000000000000e+00
2906 2.7355313248638151e-02 -5.3262770792288576e-02 0.0000000000000000e+00
2907 2.6519186090801859e-02 -5.4275462709322382e-02 0.0000000000000000e+00
2908 2.9933246535658608e-02 -5.2000000000000005e-02 0.0000000000000000e+00
2909 3.1059055636151387e-02 -5.0365299164838659e-02 0.0000000000000000e+00
2910 3.3335670426793654e-02 -5.0395273010413251e-02 0.0000000000000000e+00
2911 5.2258804864229909e-02 -5.2477535629541223e-02 0.0000000000000000e+00
2912 4.7278640067175609e-02 -4.8221716183675808e-02 0.0000000000000000e+00
2913 4.8695320241645086e-02 -4.9794560995407383e-02 0.0000000000000000e+00
2914 5.0389004183107884e-02 -5.1205888805387505e-02 0.0000000000000000e+00
2915 4.4021121161446068e-02 -4.7974836118985197e-02 0.0000000000000000e+00
2916 4.5452465478109376e-02 -4.8620451729121467e-02 0.0000000000000000e+00
2917 3.9013213717152502e-02 -4.7130676421661390e-02 0.0000000000000000e+00
2918 3.7129010840299057e-02 -4.7813958790246226e-02 0.0000000000000000e+00
2919 4.0846884042590348e-02 -4.8050613255838925e-02 0.0000000000000000e+00
2920 4.2569089640610160e-02 -4.8531698682538232e-02 0.0000000000000000e+00
2921 3.5707382796826594e-02 -4.9755314989354711e-02 0.0000000000000000e+00
2922 2.5653394251256727e-02 -5.5440914284919915e-02 0.0000000000000000e+00
2923 2.5379651548665005e-02 -5.6859937368624061e-02 0.0000000000000000e+00
2924 1.6994766049707642e-02 -6.5764841875133956e-02 0.0000000000000000e+00
2925 1.8200000000000001e-02 -6.2349999999999996e-02 0.0000000000000000e+00
2926 1.8200000000000001e-02 -6.4000000000000001e-02 0.0000000000000000e+00
2927 1.7457646662134021e-02 -6.3916216312908766e-02 0.0000000000000000e+00
2928 1.7046275390156650e-02 -6.5323802294381339e-02 0.0000000000000000e+00
2929 1.7339477797777711e-02 -6.4662988779932887e-02 0.0000000000000000e+00
2930 1.7111622354434877e-02 -6.4930913293109738e-02 0.0000000000000000e+00
2931 1.7180578736125468e-02 -6.4442038990800032e-02 0.0000000000000000e+00
2932 1.5358500417021024e-02 -5.3774838728058834e-02 0.0000000000000000e+00
2933 1.4871284580143371e-02 -5.3264728327320335e-02 0.0000000000000000e+00
2934 1.4418881329160714e-02 -5.2661154455802786e-02 0.0000000000000000e+00
2935 1.4028607242469274e-02 -5.1999999999999991e-02 0.0000000000000000e+00
2936 1.3538463515223394e-02 -5.1200411710316626e-02 0.0000000000000000e+00
2937 1.3099980016163715e-02 -5.0277554273453672e-02 0.0000000000000000e+00
2938 1.2730313215098583e-02 -4.9236134704042804e-02 0.0000000000000000e+00
2939 1.1574097181342280e-02 -4.2585512809826115e-02 0.0000000000000000e+00
2940 1.2483397775833970e-02 -4.8108260179905313e-02 0.0000000000000000e+00
2941 1.1960873772807400e-02 -4.3858946903352715e-02 0.0000000000000000e+00
2942 1.2212293567718163e-02 -4.4869254194178317e-02 0.0000000000000000e+00
2943 1.2409579084788184e-02 -4.6807615367879835e-02 0.0000000000000000e+00
2944 1.2036838101810766e-02 -4.5737604672230425e-02 0.0000000000000000e+00
2945 1.0501301167014004e-02 -4.2363178985921436e-02 0.0000000000000000e+00
2946 1.0254540883640416e-02 -4.0605854924704934e-02 0.0000000000000000e+00
2947 1.0021953086218883e-02 -4.1643317733829843e-02 0.0000000000000000e+00
2948 6.6467172725200082e-03 -3.2805407274151432e-02 0.0000000000000000e+00
2949 1.0134499501905392e-02 -3.7306611462861246e-02 0.0000000000000000e+00
2950 9.2229680101000473e-03 -3.9370890587004215e-02 0.0000000000000000e+00
2951 9.8083977155132250e-03 -3.4583503580381231e-02 0.0000000000000000e+00
2952 8.6985163040936113e-03 -3.6515636520167781e-02 0.0000000000000000e+00
2953 0.0000000000000000e+00 -3.1249999999999979e-02 0.0000000000000000e+00
2954 3.3636193766835468e-03 -3.2024007138292718e-02 0.0000000000000000e+00
2955 1.6372953910705340e-02 -6.0528994268542129e-02 0.0000000000000000e+00
2956 1.5933956484503221e-02 -6.0438957771330910e-02 0.0000000000000000e+00
2957 1.6634125563818436e-02 -6.1162712560961507e-02 0.0000000000000000e+00
2958 1.6678096952295909e-02 -6.1839108331493892e-02 0.0000000000000000e+00
2959 1.7097527505490030e-02 -6.2298120249508392e-02 0.0000000000000000e+00
2960 1.5555043058970021e-02 -5.8898200459474359e-02 0.0000000000000000e+00
2961 1.5201023080376496e-02 -5.9329880002635900e-02 0.0000000000000000e+00
2962 1.5500000000000000e-02 -5.9999999999999998e-02 0.0000000000000000e+00
2963 1.5883925385635614e-02 -5.5898462073939545e-02 0.0000000000000000e+00
2964 1.5751985481902986e-02 -5.4988605804079188e-02 0.0000000000000000e+00
2965 1.5655091925944331e-02 -5.5509922351082840e-02 0.0000000000000000e+00
2966 1.6012864749936122e-02 -5.7260272902440755e-02 0.0000000000000000e+00
2967 1.5897272414323444e-02 -5.6745368500774440e-02 0.0000000000000000e+00
2968 1.5574261289161626e-02 -5.6389713079333485e-02 0.0000000000000000e+00
2969 1.5369564885424817e-02 -5.4525082908059234e-02 0.0000000000000000e+00
2970 1.5530087444654247e-02 -5.7671320254475217e-02 0.0000000000000000e+00
2971 1.5209735738463690e-02 -5.8270086369467414e-02 0.0000000000000000e+00
2972 6.1757350955132503e-02 -5.4786286938755265e-02 0.0000000000000000e+00
2973 5.9151736793409161e-02 -5.5707325841554342e-02 0.0000000000000000e+00
2974 7.3299368241610499e-02 -5.1548469095781736e-02 0.0000000000000000e+00
2975 7.1807298667636271e-02 -5.2106466185160662e-02 0.0000000000000000e+00
2976 6.7209185115719369e-02 -5.3769374271523451e-02 0.0000000000000000e+00
2977 6.8954749988429723e-02 -5.3352980739387414e-02 0.0000000000000000e+00
2978 7.1039720091001485e-02 -5.3504034292907253e-02 0.0000000000000000e+00
2979 6.5860310126226798e-02 -5.4840367442349124e-02 0.0000000000000000e+00
2980 6.4007505735481321e-02 -5.6057340570571747e-02 0.0000000000000000e+00
2981 7.7301741348095226e-02 -4.9450956459239311e-02 0.0000000000000000e+00
2982 7.9128287758524776e-02 -4.6320934334156884e-02 0.0000000000000000e+00
2983 7.8309912051212807e-02 -4.7904630270363104e-02 0.0000000000000000e+00
2984 7.8878986967419962e-02 -4.9444787824085977e-02 0.0000000000000000e+00
2985 8.4258169842638245e-02 -4.2250462712534742e-02 0.0000000000000000e+00
2986 8.1001984183597123e-02 -4.6224962277880463e-02 0.0000000000000000e+00
2987 8.2984356224458003e-02 -4.4679486366304907e-02 0.0000000000000000e+00
2988 1.0888675108282349e-01 -3.2264540316205702e-02 0.0000000000000000e+00
2989 1.0276238928773851e-01 -3.3716626822367930e-02 0.0000000000000000e+00
2990 9.1976015036624448e-02 -3.6037092179098076e-02 0.0000000000000000e+00
2991 9.7200359317461807e-02 -3.5017364154433787e-02 0.0000000000000000e+00
2992 8.6598130562789338e-02 -4.2317790881234912e-02 0.0000000000000000e+00
2993 8.9554236011045216e-02 -4.0396193391703333e-02 0.0000000000000000e+00
2994 7.6295694353154836e-02 -5.0868943646940008e-02 0.0000000000000000e+00
2995 7.4943957903637226e-02 -5.2219622642110199e-02 0.0000000000000000e+00
2996 1.1404202354533367e-01 -3.6654334323366879e-02 0.0000000000000000e+00
2997 1.2057036131844132e-01 -3.5827624287157467e-02 0.0000000000000000e+00
2998 1.2779152731443896e-01 -3.4686351629224586e-02 0.0000000000000000e+00
2999 1.3477072005389845e-01 -3.3173531253576902e-02 0.0000000000000000e+00
3000 1.4207740839154270e-01 -3.1831438641881281e-02 0.0000000000000000e+00
3001 1.4900637658324650e-01 -2.9961209068972022e-02 0.0000000000000000e+00
3002 1.5610270592196296e-01 -2.7375420170974753e-02 0.0000000000000000e+00
3003 1.6318911690888122e-01 -2.4378517643603527e-02 0.0000000000000000e+00
3004 1.6602768196392939e-01 -1.6795050324049363e-02 0.0000000000000000e+00
3005 1.6850998586068192e-01 -8.9969900226860855e-03 0.0000000000000000e+00
3006 1.7062206436850977e-01 -9.9999999999999980e-04 0.0000000000000000e+00
3007 2.0515313987736698e-02 -6.1275687099787396e-02 0.0000000000000000e+00
3008 2.0917471480380180e-02 -6.0925394626619431e-02 0.0000000000000000e+00
3009 2.0520311328650676e-02 -6.1804154027495117e-02 0.0000000000000000e+00
3010 1.9081164786463801e-02 -6.3507260016719663e-02 0.0000000000000000e+00
3011 1.9943500880449990e-02 -6.2762337335179400e-02 0.0000000000000000e+00
3012 2.0490207703628041e-02 -6.2387997263495205e-02 0.0000000000000000e+00
3013 2.3884565832191573e-02 -5.8329486112179828e-02 0.0000000000000000e+00
3014 2.2603532308654098e-02 -5.9320771412856667e-02 0.0000000000000000e+00
3015 2.3473481277276647e-02 -5.9218527219891771e-02 0.0000000000000000e+00
3016 2.2191373580478291e-02 -5.9999999999999998e-02 0.0000000000000000e+00
3017 2.1853047662360878e-02 -6.0594613711045353e-02 0.0000000000000000e+00
3018 2.1493540174378011e-02 -6.1085647817410514e-02 0.0000000000000000e+00
3019 1.9291993261698632e-02 -6.5307238277240998e-02 0.0000000000000000e+00
3020 1.9474402459684865e-02 -6.5084441434455395e-02 0.0000000000000000e+00
3021 1.9307916083762283e-02 -6.5598280686773286e-02 0.0000000000000000e+00
3022 1.9339709935809531e-02 -6.4300403154268299e-02 0.0000000000000000e+00
3023 1.9711970525450512e-02 -6.4759188907897003e-02 0.0000000000000000e+00
3024 1.9175300633145334e-02 -6.5925427239904050e-02 0.0000000000000000e+00
3025 1.7095332398452481e-02 -6.6301264168081187e-02 0.0000000000000000e+00
3026 1.7613437168168076e-02 -6.6230834165201508e-02 0.0000000000000000e+00
3027 1.8416470219446042e-02 -6.5937624594236174e-02 0.0000000000000000e+00
3028 1.8029165100059287e-02 -6.6078314186365214e-02 0.0000000000000000e+00
3029 1.8709526012462271e-02 -6.6191765398569635e-02 0.0000000000000000e+00
3030 1.9041230221817054e-02 -6.6266186328920965e-02 0.0000000000000000e+00
3031 2.4967236110132053e-02 -5.8083808726938690e-02 0.0000000000000000e+00
3032 5.6565667387487743e-02 -5.7495734498516193e-02 0.0000000000000000e+00
3033 5.2104389140898814e-02 -5.4848300509115044e-02 0.0000000000000000e+00
3034 5.4190956093139640e-02 -5.6192790258598690e-02 0.0000000000000000e+00
3035 2.6930581090165634e-02 -5.5393313615205261e-02 0.0000000000000000e+00
3036 2.9038755232464981e-02 -5.3473314147725388e-02 0.0000000000000000e+00
3037 2.7910609697656828e-02 -5.4634767113756345e-02 0.0000000000000000e+00
3038 3.0941134890513578e-02 -5.3609891183831838e-02 0.0000000000000000e+00
3039 3.2006437504600430e-02 -5.1999999999999991e-02 0.0000000000000000e+00
3040 3.4411737894749668e-02 -5.1999999999999991e-02 0.0000000000000000e+00
3041 5.0101464713168675e-02 -5.3541240277913696e-02 0.0000000000000000e+00
3042 4.6310062363458977e-02 -5.0207054632425190e-02 0.0000000000000000e+00
3043 4.8000000000000001e-02 -5.2000000000000011e-02 0.0000000000000000e+00
3044 4.3965922202616511e-02 -4.9924279295268173e-02 0.0000000000000000e+00
3045 3.8731819360884795e-02 -4.9690305726495167e-02 0.0000000000000000e+00
3046 4.1544328551532832e-02 -5.0135913903807110e-02 0.0000000000000000e+00
3047 3.7084385206510910e-02 -5.1999999999999991e-02 0.0000000000000000e+00
3048 2.6605810436005128e-02 -5.6510355895846159e-02 0.0000000000000000e+00
3049 2.6182169463054097e-02 -5.7821842378954373e-02 0.0000000000000000e+00
3050 1.6539659118184023e-02 -6.6602231144475083e-02 0.0000000000000000e+00
3051 1.6691548449637737e-02 -6.5480946717132810e-02 0.0000000000000000e+00
3052 1.6551756060234828e-02 -6.5950498064239124e-02 0.0000000000000000e+00
3053 1.6404977100522800e-02 -6.5585606168399521e-02 0.0000000000000000e+00
3054 1.7336772975769191e-02 -6.3124547392153688e-02 0.0000000000000000e+00
3055 1.6933211794318108e-02 -6.3850061354751395e-02 0.0000000000000000e+00
3056 1.6820386579652517e-02 -6.4242340802189407e-02 0.0000000000000000e+00
3057 1.6724241111218219e-02 -6.5056724916834924e-02 0.0000000000000000e+00
3058 1.6937886368844978e-02 -6.4675988675565801e-02 0.0000000000000000e+00
3059 1.6010868509537743e-02 -6.6896370249264314e-02 0.0000000000000000e+00
3060 1.4651414222804551e-02 -5.4057744045627361e-02 0.0000000000000000e+00
3061 1.4069560714673812e-02 -5.3461551605668615e-02 0.0000000000000000e+00
3062 1.3544323327184693e-02 -5.2763263345641673e-02 0.0000000000000000e+00
3063 1.3076245209921169e-02 -5.1999999999999991e-02 0.0000000000000000e+00
3064 1.2495404274939819e-02 -5.1098003598564916e-02 0.0000000000000000e+00
3065 1.2008051840737445e-02 -5.0047936379510181e-02 0.0000000000000000e+00
3066 1.1604160225423739e-02 -4.8885574587567114e-02 0.0000000000000000e+00
3067 1.0467126957653242e-02 -4.3487291589126759e-02 0.0000000000000000e+00
3068 1.1310479094220361e-02 -4.7619965805543424e-02 0.0000000000000000e+00
3069 1.1093563130355541e-02 -4.4943706980873535e-02 0.0000000000000000e+00
3070 1.1131219504319083e-02 -4.6337779673138339e-02 0.0000000000000000e+00
3071 9.4386334764042876e-03 -4.2509183647576221e-02 0.0000000000000000e+00
3072 8.9106061799419430e-03 -4.1147802963947301e-02 0.0000000000000000e+00
3073 7.9399916939315862e-03 -3.9767426130258611e-02 0.0000000000000000e+00
3074 6.6626414403889020e-03 -3.3332111845506274e-02 0.0000000000000000e+00
3075 7.8613032426710604e-03 -3.7994583678821199e-02 0.0000000000000000e+00
3076 7.2332442605130103e-03 -3.5656187828585116e-02 0.0000000000000000e+00
3077 3.3731038251083563e-03 -3.2534793609828777e-02 0.0000000000000000e+00
3078 0.0000000000000000e+00 -3.1754999999999999e-02 0.0000000000000000e+00
3079 1.6026314401561100e-02 -6.0968191170280350e-02 0.0000000000000000e+00
3080 1.5499999999999998e-02 -6.0688573906071241e-02 0.0000000000000000e+00
3081 1.6095381043592004e-02 -6.1708400795119141e-02 0.0000000000000000e+00
3082 1.6448663489656939e-02 -6.2409264741638430e-02 0.0000000000000000e+00
3083 1.4927734111115185e-02 -5.8784956023958231e-02 0.0000000000000000e+00
3084 1.4734229682596998e-02 -5.9743378493663873e-02 0.0000000000000000e+00
3085 1.4683602448476708e-02 -5.9203862924357704e-02 0.0000000000000000e+00
3086 1.4790002995024251e-02 -6.0392408183685638e-02 0.0000000000000000e+00
3087 1.5315701298852527e-02 -5.5891708517127686e-02 0.0000000000000000e+00
3088 1.5151276719715513e-02 -5.5263489414210512e-02 0.0000000000000000e+00
3089 1.5341629855776770e-02 -5.6999209825550540e-02 0.0000000000000000e+00
3090 1.5082070168572567e-02 -5.6406845805976401e-02 0.0000000000000000e+00
3091 1.4522964237914448e-02 -5.4908175343756402e-02 0.0000000000000000e+00
3092 1.4861096787753962e-02 -5.7571807318200309e-02 0.0000000000000000e+00
3093 1.4525132220603037e-02 -5.8181218473621302e-02 0.0000000000000000e+00
3094 6.1692529082853872e-02 -5.7302440814947453e-02 0.0000000000000000e+00
3095 5.9245179828674430e-02 -5.8861300129852689e-02 0.0000000000000000e+00
3096 7.3128992671078710e-02 -5.3390950595934995e-02 0.0000000000000000e+00
3097 7.1978051538412899e-02 -5.4864334656322310e-02 0.0000000000000000e+00
3098 6.7950903435641710e-02 -5.5257427307037456e-02 0.0000000000000000e+00
3099 7.0173997634933497e-02 -5.5186554904156089e-02 0.0000000000000000e+00
3100 6.6351567911586057e-02 -5.6898516679188667e-02 0.0000000000000000e+00
3101 6.4321135592583775e-02 -5.8477280853502685e-02 0.0000000000000000e+00
3102 7.8241814782566463e-02 -5.0960032621701311e-02 0.0000000000000000e+00
3103 8.0480065810877771e-02 -4.8314902128466126e-02 0.0000000000000000e+00
3104 8.0176863572624227e-02 -5.0607682854322524e-02 0.0000000000000000e+00
3105 8.5891763214936814e-02 -4.4373270843916734e-02 0.0000000000000000e+00
3106 8.3026320581602100e-02 -4.7471246491496949e-02 0.0000000000000000e+00
3107 8.5046705020432753e-02 -4.6383138824184121e-02 0.0000000000000000e+00
3108 1.0752240287181723e-01 -3.7910173466078202e-02 0.0000000000000000e+00
3109 1.0139797271076868e-01 -3.9073696930069450e-02 0.0000000000000000e+00
3110 9.4998665320861556e-02 -4.0529496564624824e-02 0.0000000000000000e+00
3111 8.8793939311081316e-02 -4.4022982619153363e-02 0.0000000000000000e+00
3112 9.1876995651865773e-02 -4.3670472179943791e-02 0.0000000000000000e+00
3113 7.7021894023364956e-02 -5.2520050841342855e-02 0.0000000000000000e+00
3114 7.5378444938701938e-02 -5.4061852606480061e-02 0.0000000000000000e+00
3115 1.1218231196753509e-01 -4.2488361768358497e-02 0.0000000000000000e+00
3116 1.1883826189345943e-01 -4.1749432042910373e-02 0.0000000000000000e+00
3117 1.2567157836278989e-01 -4.0743819526505895e-02 0.0000000000000000e+00
3118 1.3275654119677588e-01 -3.9591734716882050e-02 0.0000000000000000e+00
3119 1.3997293212800568e-01 -3.8286165629777547e-02 0.0000000000000000e+00
3120 1.4720345910286892e-01 -3.6673070788150602e-02 0.0000000000000000e+00
3121 1.5447157142868359e-01 -3.4696462209085510e-02 0.0000000000000000e+00
3122 1.6185010172062728e-01 -3.2086516997371320e-02 0.0000000000000000e+00
3123 1.6504506278472000e-01 -2.4645327964884389e-02 0.0000000000000000e+00
3124 1.6789422208459148e-01 -1.6973256521892421e-02 0.0000000000000000e+00
3125 1.7038289227055459e-01 -9.0861970490957646e-03 0.0000000000000000e+00
3126 1.7249709593496551e-01 -9.9999999999999980e-04 0.0000000000000000e+00
3127 1.9841003044313611e-02 -6.4008734993562619e-02 0.0000000000000000e+00
3128 2.1132609464748094e-02 -6.1593836020368317e-02 0.0000000000000000e+00
3129 2.0908192077917054e-02 -6.2111836856618335e-02 0.0000000000000000e+00
3130 2.0123171974823478e-02 -6.3434222422796907e-02 0.0000000000000000e+00
3131 2.0604300264112065e-02 -6.3013515792475633e-02 0.0000000000000000e+00
3132 2.0968633875307886e-02 -6.2564300803210585e-02 0.0000000000000000e+00
3133 2.4480022602655326e-02 -5.9107084140649441e-02 0.0000000000000000e+00
3134 2.2995318539161768e-02 -6.0000000000000012e-02 0.0000000000000000e+00
3135 2.3924972914232220e-02 -5.9999999999999998e-02 0.0000000000000000e+00
3136 2.2580299160302141e-02 -6.0711796774173848e-02 0.0000000000000000e+00
3137 2.2136201128150318e-02 -6.1266957105722400e-02 0.0000000000000000e+00
3138 2.1701173597537860e-02 -6.1629804797084929e-02 0.0000000000000000e+00
3139 1.9561614397484536e-02 -6.5428085788513182e-02 0.0000000000000000e+00
3140 1.9837260891794644e-02 -6.5183513406184376e-02 0.0000000000000000e+00
3141 1.9540630286796753e-02 -6.5808538956692877e-02 0.0000000000000000e+00
3142 1.9991295701349301e-02 -6.4426426998863348e-02 0.0000000000000000e+00
3143 2.0169599754460660e-02 -6.4925024644517174e-02 0.0000000000000000e+00
3144 1.9440385438858898e-02 -6.6277485766667157e-02 0.0000000000000000e+00
3145 1.7070129242945192e-02 -6.6982687226155233e-02 0.0000000000000000e+00
3146 1.7537259712396287e-02 -6.6690771658059936e-02 0.0000000000000000e+00
3147 1.7966566564776406e-02 -6.6533885793561398e-02 0.0000000000000000e+00
3148 1.8367761766350816e-02 -6.6350419607658570e-02 0.0000000000000000e+00
3149 1.8732488399367839e-02 -6.6532448736818142e-02 0.0000000000000000e+00
3150 1.9118003561330144e-02 -6.6620187298825545e-02 0.0000000000000000e+00
3151 1.7521814719213179e-02 -6.7120825651524704e-02 0.0000000000000000e+00
3152 2.5634686687155600e-02 -5.8975722892179054e-02 0.0000000000000000e+00
3153 4.9855795309848919e-02 -5.6011663227980908e-02 0.0000000000000000e+00
3154 5.6496815806968692e-02 -6.0438951237531992e-02 0.0000000000000000e+00
3155 5.3829993564095825e-02 -5.8997791331539880e-02 0.0000000000000000e+00
3156 5.1883360366075222e-02 -5.7407917900528058e-02 0.0000000000000000e+00
3157 2.7978431229345537e-02 -5.6110346591388950e-02 0.0000000000000000e+00
3158 2.9641391294524790e-02 -5.5293394826607487e-02 0.0000000000000000e+00
3159 3.1492895131936614e-02 -5.5276916046693658e-02 0.0000000000000000e+00
3160 3.3138347962167233e-02 -5.4092249397430986e-02 0.0000000000000000e+00
3161 3.5502572841119476e-02 -5.3918227765551323e-02 0.0000000000000000e+00
3162 4.8000000000000001e-02 -5.4759154568598270e-02 0.0000000000000000e+00
3163 4.5255579333458432e-02 -5.1999999999999991e-02 0.0000000000000000e+00
3164 4.6163401053353398e-02 -5.3834125297497044e-02 0.0000000000000000e+00
3165 4.2608808889699722e-02 -5.1999999999999991e-02 0.0000000000000000e+00
3166 3.9867007596009502e-02 -5.1999999999999991e-02 0.0000000000000000e+00
3167 3.8109628172987770e-02 -5.3836876513788594e-02 0.0000000000000000e+00
3168 2.7561179061939375e-02 -5.7508301244696497e-02 0.0000000000000000e+00
3169 2.6953074324636107e-02 -5.8827634717834344e-02 0.0000000000000000e+00
3170 1.6507928375845003e-02 -6.7210423955077064e-02 0.0000000000000000e+00
3171 1.6024762910778072e-02 -6.7522464463847881e-02 0.0000000000000000e+00
3172 1.6184233834443222e-02 -6.2999364083044532e-02 0.0000000000000000e+00
3173 1.6001940122088876e-02 -6.6272143204033573e-02 0.0000000000000000e+00
3174 1.6282931496616526e-02 -6.5239399870520937e-02 0.0000000000000000e+00
3175 1.6023547975092249e-02 -6.5724678227523203e-02 0.0000000000000000e+00
3176 1.6313078064182661e-02 -6.3654270611090774e-02 0.0000000000000000e+00
3177 1.6296931945787841e-02 -6.4591496397048739e-02 0.0000000000000000e+00
3178 1.5500000000000000e-02 -6.7181951877940432e-02 0.0000000000000000e+00
3179 1.5500000000000000e-02 -6.6584472856112534e-02 0.0000000000000000e+00
3180 1.3800860371366250e-02 -5.4356596212577955e-02 0.0000000000000000e+00
3181 1.3131532540747743e-02 -5.3681227009327107e-02 0.0000000000000000e+00
3182 1.2520860389307871e-02 -5.2888307985415897e-02 0.0000000000000000e+00
3183 1.1978095894736054e-02 -5.1999999999999991e-02 0.0000000000000000e+00
3184 1.1337075700064808e-02 -5.0990439261809670e-02 0.0000000000000000e+00
3185 1.0783342211479993e-02 -4.9800797952693814e-02 0.0000000000000000e+00
3186 1.0310291014381009e-02 -4.8501422676188483e-02 0.0000000000000000e+00
3187 9.7804843661167384e-03 -4.4466340044613563e-02 0.0000000000000000e+00
3188 9.0511605558069811e-03 -4.3531787967521780e-02 0.0000000000000000e+00
3189 9.9242269605761720e-03 -4.7079142348581432e-02 0.0000000000000000e+00
3190 9.7709519984825917e-03 -4.5632308965277861e-02 0.0000000000000000e+00
3191 8.1287753048626399e-03 -4.2455823749228350e-02 0.0000000000000000e+00
3192 6.7237512614509538e-03 -3.9278214516479677e-02 0.0000000000000000e+00
3193 6.9813267214836501e-03 -4.1045631754111730e-02 0.0000000000000000e+00
3194 4.6769584709707279e-03 -3.5302631421500301e-02 0.0000000000000000e+00
3195 5.7376409639246298e-03 -3.7691606711051019e-02 0.0000000000000000e+00
3196 2.2694490920608717e-03 -3.4719229619315443e-02 0.0000000000000000e+00
3197 0.0000000000000000e+00 -3.2260000000000018e-02 0.0000000000000000e+00
3198 1.5500000000000000e-02 -6.1428530512959510e-02 0.0000000000000000e+00
3199 1.4822024338405425e-02 -6.1086213008366211e-02 0.0000000000000000e+00
3200 1.5500000000000000e-02 -6.2246507669641599e-02 0.0000000000000000e+00
3201 1.4317672210219450e-02 -5.8770927011359643e-02 0.0000000000000000e+00
3202 1.4201236950342902e-02 -6.0004688281321633e-02 0.0000000000000000e+00
3203 1.4223680815648610e-02 -5.9383310323440824e-02 0.0000000000000000e+00
3204 1.4178201208448135e-02 -6.0688888293082749e-02 0.0000000000000000e+00
3205 1.3651416343551685e-02 -6.0274761496154232e-02 0.0000000000000000e+00
3206 1.4539891134335955e-02 -5.5881830197560260e-02 0.0000000000000000e+00
3207 1.4522727512252143e-02 -5.6816977528454458e-02 0.0000000000000000e+00
3208 1.3625259332206777e-02 -5.5350967051088704e-02 0.0000000000000000e+00
3209 1.4031510905092375e-02 -5.7492034443628826e-02 0.0000000000000000e+00
3210 1.3798674022173945e-02 -5.8197478295656441e-02 0.0000000000000000e+00
3211 5.9467483394607203e-02 -6.1985522910892314e-02 0.0000000000000000e+00
3212 6.2096926373347343e-02 -6.0237884714184953e-02 0.0000000000000000e+00
3213 7.3743505290981087e-02 -5.5551761856482494e-02 0.0000000000000000e+00
3214 7.1802996169187630e-02 -5.6688960938511244e-02 0.0000000000000000e+00
3215 6.9148480054002634e-02 -5.7479878410358384e-02 0.0000000000000000e+00
3216 6.6889798601140985e-02 -5.9229739036390165e-02 0.0000000000000000e+00
3217 6.4954720742402272e-02 -6.1079401659609976e-02 0.0000000000000000e+00
3218 7.9283178269405202e-02 -5.2631458024619979e-02 0.0000000000000000e+00
3219 8.1344460275670577e-02 -5.2291055259794078e-02 0.0000000000000000e+00
3220 8.2897279071159694e-02 -5.0243651621024128e-02 0.0000000000000000e+00
3221 8.7669281012028366e-02 -4.6585769208020947e-02 0.0000000000000000e+00
3222 8.5690871411870942e-02 -4.8813093553963849e-02 0.0000000000000000e+00
3223 1.0586296863670404e-01 -4.3263480636100742e-02 0.0000000000000000e+00
3224 1.0009776128003597e-01 -4.4118294676859543e-02 0.0000000000000000e+00
3225 9.5276613814194860e-02 -4.5747365678777185e-02 0.0000000000000000e+00
3226 9.1197181325788287e-02 -4.6791059060920855e-02 0.0000000000000000e+00
3227 8.3401583275007712e-02 -5.3167681488763906e-02 0.0000000000000000e+00
3228 7.7950640250539299e-02 -5.4605127802271565e-02 0.0000000000000000e+00
3229 7.6145539390575279e-02 -5.6383090439695707e-02 0.0000000000000000e+00
3230 1.1023381734223855e-01 -4.7973291876184383e-02 0.0000000000000000e+00
3231 1.1672867348046709e-01 -4.7430336465379669e-02 0.0000000000000000e+00
3232 1.2352086841042353e-01 -4.6742435651148023e-02 0.0000000000000000e+00
3233 1.3055191004320030e-01 -4.5865338831712850e-02 0.0000000000000000e+00
3234 1.3777141944653951e-01 -4.4788689519531147e-02 0.0000000000000000e+00
3235 1.4511766093968745e-01 -4.3456919888627023e-02 0.0000000000000000e+00
3236 1.5256768063183221e-01 -4.1795635892360343e-02 0.0000000000000000e+00
3237 1.6014703130949759e-01 -3.9723146435734512e-02 0.0000000000000000e+00
3238 1.6369124731795409e-01 -3.2441339931002448e-02 0.0000000000000000e+00
3239 1.6690100866055887e-01 -2.4912138286165262e-02 0.0000000000000000e+00
3240 1.6976076220525355e-01 -1.7151462719735475e-02 0.0000000000000000e+00
3241 1.7225579868042734e-01 -9.1754040755054438e-03 0.0000000000000000e+00
3242 1.7437212750142123e-01 -9.9999999999999980e-04 0.0000000000000000e+00
3243 5.6532378939719172e-02 -6.3436061506074476e-02 0.0000000000000000e+00
3244 2.0389439301764404e-02 -6.4061743028646423e-02 0.0000000000000000e+00
3245 2.1506722472166381e-02 -6.2241168701333317e-02 0.0000000000000000e+00
3246 2.0849605190070508e-02 -6.3634841831975764e-02 0.0000000000000000e+00
3247 2.1388405207028026e-02 -6.3059653176318162e-02 0.0000000000000000e+00
3248 2.5000000000000001e-02 -5.9999999999999998e-02 0.0000000000000000e+00
3249 2.3398308047716056e-02 -6.0813088645430065e-02 0.0000000000000000e+00
3250 2.4238565269236751e-02 -6.0735161816175012e-02 0.0000000000000000e+00
3251 2.2845982854476567e-02 -6.1519479246197585e-02 0.0000000000000000e+00
3252 2.2233156855825047e-02 -6.1974027661684750e-02 0.0000000000000000e+00
3253 1.9885409576142276e-02 -6.5589578037954038e-02 0.0000000000000000e+00
3254 2.0163760851260908e-02 -6.5327564782033692e-02 0.0000000000000000e+00
3255 1.9873155591387193e-02 -6.6032376220345509e-02 0.0000000000000000e+00
3256 2.0557584731486195e-02 -6.4645027979712721e-02 0.0000000000000000e+00
3257 2.0556448809767529e-02 -6.5238986392869944e-02 0.0000000000000000e+00
3258 1.9498309087887515e-02 -6.6762625191906039e-02 0.0000000000000000e+00
3259 1.9779824035787839e-02 -6.6455726441441418e-02 0.0000000000000000e+00
3260 1.7315551886998525e-02 -6.7388732871621393e-02 0.0000000000000000e+00
3261 1.6940223883773184e-02 -6.7475188549496037e-02 0.0000000000000000e+00
3262 1.7913071067865629e-02 -6.7039981953613131e-02 0.0000000000000000e+00
3263 1.8335146639800286e-02 -6.6808846227344176e-02 0.0000000000000000e+00
3264 1.8782530696455784e-02 -6.6972963347023462e-02 0.0000000000000000e+00
3265 1.9170794602531630e-02 -6.7009898237201757e-02 0.0000000000000000e+00
3266 1.7735585178096296e-02 -6.7539563069824976e-02 0.0000000000000000e+00
3267 2.6226486764628760e-02 -5.9999999999999998e-02 0.0000000000000000e+00
3268 4.8000000000000001e-02 -5.7385328872305373e-02 0.0000000000000000e+00
3269 4.9747831135184828e-02 -5.8160982000162870e-02 0.0000000000000000e+00
3270 5.3668375936179416e-02 -6.1677510007582190e-02 0.0000000000000000e+00
3271 5.1000000000000004e-02 -5.9999999999999998e-02 0.0000000000000000e+00
3272 2.9175825829790083e-02 -5.7123112478551653e-02 0.0000000000000000e+00
3273 3.0973932147183660e-02 -5.6795289050506681e-02 0.0000000000000000e+00
3274 3.2887138169285061e-02 -5.6285561452846272e-02 0.0000000000000000e+00
3275 3.4563635777919995e-02 -5.5539704261904563e-02 0.0000000000000000e+00
3276 3.6488822758639496e-02 -5.5840498439611815e-02 0.0000000000000000e+00
3277 4.5994413427112787e-02 -5.5945749770894906e-02 0.0000000000000000e+00
3278 4.4035691315921138e-02 -5.4242650528274462e-02 0.0000000000000000e+00
3279 4.0967197817362057e-02 -5.4753171188462589e-02 0.0000000000000000e+00
3280 3.8586121054389196e-02 -5.6040296674177058e-02 0.0000000000000000e+00
3281 2.8471763088805280e-02 -5.8656515405603550e-02 0.0000000000000000e+00
3282 2.7642053672181584e-02 -5.9999999999999998e-02 0.0000000000000000e+00
3283 2.5831256143690362e-02 -6.0786787388679354e-02 0.0000000000000000e+00
3284 1.6558625397593594e-02 -6.7862314365641913e-02 0.0000000000000000e+00
3285 1.6071349709098719e-02 -6.8191878795877889e-02 0.0000000000000000e+00
3286 1.5500000000000000e-02 -6.7791282713777129e-02 0.0000000000000000e+00
3287 1.4968046655155127e-02 -6.7460259604296705e-02 0.0000000000000000e+00
3288 1.5500000000000000e-02 -6.3181581783010268e-02 0.0000000000000000e+00
3289 1.5500000000000000e-02 -6.5895453010153690e-02 0.0000000000000000e+00
3290 1.5500000000000000e-02 -6.5097705581728185e-02 0.0000000000000000e+00
3291 1.5500000000000000e-02 -6.4174044321411064e-02 0.0000000000000000e+00
3292 1.4979736182716153e-02 -6.6857194100924527e-02 0.0000000000000000e+00
3293 1.4907170259652628e-02 -6.6210904810935070e-02 0.0000000000000000e+00
3294 1.4571539681843248e-02 -6.7108753619543646e-02 0.0000000000000000e+00
3295 1.2810072965773626e-02 -5.4685997714444878e-02 0.0000000000000000e+00
3296 1.2040602093829025e-02 -5.3931645123972874e-02 0.0000000000000000e+00
3297 1.1342586458349615e-02 -5.3034949281061290e-02 0.0000000000000000e+00
3298 1.0725761792589463e-02 -5.2000000000000005e-02 0.0000000000000000e+00
3299 1.0033842885702969e-02 -5.0840845171742310e-02 0.0000000000000000e+00
3300 9.4091488852530731e-03 -4.9540215762299868e-02 0.0000000000000000e+00
3301 8.8477772204978416e-03 -4.8100546354428994e-02 0.0000000000000000e+00
3302 8.5962688940734115e-03 -4.4734536302835477e-02 0.0000000000000000e+00
3303 7.8956743357315642e-03 -4.3537552471750292e-02 0.0000000000000000e+00
3304 8.2274600441541480e-03 -4.6367399045988300e-02 0.0000000000000000e+00
3305 6.6582107203165828e-03 -4.2908216787739414e-02 0.0000000000000000e+00
3306 5.0957463590357611e-03 -3.9885863723438365e-02 0.0000000000000000e+00
3307 5.4122055308460874e-03 -4.1876074407690374e-02 0.0000000000000000e+00
3308 2.7856712438285953e-03 -3.7881858914715162e-02 0.0000000000000000e+00
3309 0.0000000000000000e+00 -3.5754339782507687e-02 0.0000000000000000e+00
3310 1.4087090661151254e-02 -6.1409470429029077e-02 0.0000000000000000e+00
3311 1.4780594669210141e-02 -6.1863184598887760e-02 0.0000000000000000e+00
3312 1.4737965013589656e-02 -6.2728419762833790e-02 0.0000000000000000e+00
3313 1.3611542697045339e-02 -5.8942082800009774e-02 0.0000000000000000e+00
3314 1.3584420475509092e-02 -5.9572740230591892e-02 0.0000000000000000e+00
3315 1.3154623698660895e-02 -5.9984564338829614e-02 0.0000000000000000e+00
3316 1.3504155332769560e-02 -6.0964527254171987e-02 0.0000000000000000e+00
3317 1.3117563532865660e-02 -6.0474357591668859e-02 0.0000000000000000e+00
3318 1.3547645741256949e-02 -5.6529465620143840e-02 0.0000000000000000e+00
3319 1.2603236860496667e-02 -5.5756810200448717e-02 0.0000000000000000e+00
3320 1.3100445831745151e-02 -5.7622390653696308e-02 0.0000000000000000e+00
3321 1.3153950964080572e-02 -5.8463945422524539e-02 0.0000000000000000e+00
3322 5.6383816221040495e-02 -6.6571566573642674e-02 0.0000000000000000e+00
3323 5.5969296512879275e-02 -6.9561904322906154e-02 0.0000000000000000e+00
3324 5.9533332904604497e-02 -6.5217751239701097e-02 0.0000000000000000e+00
3325 6.2900509598962553e-02 -6.3721361916304564e-02 0.0000000000000000e+00
3326 7.4027007037930123e-02 -5.7921381901950612e-02 0.0000000000000000e+00
3327 7.1593690966889070e-02 -5.9197986164926525e-02 0.0000000000000000e+00
3328 6.9193022517520186e-02 -5.9895028238355956e-02 0.0000000000000000e+00
3329 6.7660113302222963e-02 -6.1820206634014357e-02 0.0000000000000000e+00
3330 6.6021722709142389e-02 -6.3263773363554959e-02 0.0000000000000000e+00
3331 8.0963397190155981e-02 -5.4804802310239868e-02 0.0000000000000000e+00
3332 8.6236958519339227e-02 -5.1879269396512870e-02 0.0000000000000000e+00
3333 8.9308043557701777e-02 -5.0332382988719317e-02 0.0000000000000000e+00
3334 1.0422228174198861e-01 -4.8567966025374464e-02 0.0000000000000000e+00
3335 9.8853558309084807e-02 -4.9314247762313065e-02 0.0000000000000000e+00
3336 9.4097255950321437e-02 -5.0040463617883349e-02 0.0000000000000000e+00
3337 8.5571445938359303e-02 -5.4551950942345592e-02 0.0000000000000000e+00
3338 8.3626223515283357e-02 -5.5536015323388234e-02 0.0000000000000000e+00
3339 7.8982161407046253e-02 -5.7155503091226953e-02 0.0000000000000000e+00
3340 7.6707451246437658e-02 -5.9018758372215860e-02 0.0000000000000000e+00
3341 1.0809586176417003e-01 -5.3321842381172838e-02 0.0000000000000000e+00
3342 1.1444007535058635e-01 -5.3012427106374334e-02 0.0000000000000000e+00
3343 1.2115670591855951e-01 -5.2616070347302403e-02 0.0000000000000000e+00
3344 1.2816274355183260e-01 -5.2040515577688552e-02 0.0000000000000000e+00
3345 1.3539019395075713e-01 -5.1258406281617055e-02 0.0000000000000000e+00
3346 1.4279400804335829e-01 -5.0232898908113617e-02 0.0000000000000000e+00
3347 1.5035448969155929e-01 -4.8917045168924915e-02 0.0000000000000000e+00
3348 1.5808390684846313e-01 -4.7270269679011073e-02 0.0000000000000000e+00
3349 1.6196920324295846e-01 -4.0165186782560792e-02 0.0000000000000000e+00
3350 1.6553239291528099e-01 -3.2796162864633549e-02 0.0000000000000000e+00
3351 1.6875695453639761e-01 -2.5178948607446124e-02 0.0000000000000000e+00
3352 1.7162730232591558e-01 -1.7329668917578527e-02 0.0000000000000000e+00
3353 1.7412870509030007e-01 -9.2646111019151229e-03 0.0000000000000000e+00
3354 1.7624715906787697e-01 -1.0000000000000000e-03 0.0000000000000000e+00
3355 5.3683589574409427e-02 -6.4772923959748083e-02 0.0000000000000000e+00
3356 5.3519935573287887e-02 -6.7822051234621247e-02 0.0000000000000000e+00
3357 5.3239390851106634e-02 -7.0657058382761304e-02 0.0000000000000000e+00
3358 2.1027274889533477e-02 -6.4336870445400249e-02 0.0000000000000000e+00
3359 2.2214886226800710e-02 -6.2754721594048060e-02 0.0000000000000000e+00
3360 2.1566930052830405e-02 -6.3907341174116214e-02 0.0000000000000000e+00
3361 2.2090400093474138e-02 -6.3467592611265611e-02 0.0000000000000000e+00
3362 2.4999999999999998e-02 -6.1178876754078605e-02 0.0000000000000000e+00
3363 2.3937178203472315e-02 -6.1767448838378217e-02 0.0000000000000000e+00
3364 2.3011631037108675e-02 -6.2422320731245443e-02 0.0000000000000000e+00
3365 2.0374445446556602e-02 -6.5745560481999948e-02 0.0000000000000000e+00
3366 2.0241921851383134e-02 -6.6329623388964531e-02 0.0000000000000000e+00
3367 2.1076221369325777e-02 -6.5012644849656909e-02 0.0000000000000000e+00
3368 2.0878116564971898e-02 -6.5561275451427717e-02 0.0000000000000000e+00
3369 1.9489687897302110e-02 -6.7268835478074038e-02 0.0000000000000000e+00
3370 2.0030643964027720e-02 -6.6920097036218248e-02 0.0000000000000000e+00
3371 2.0522694575178427e-02 -6.6738981721402954e-02 0.0000000000000000e+00
3372 1.7248884515483599e-02 -6.7931784328984599e-02 0.0000000000000000e+00
3373 1.8361834835506557e-02 -6.7427758017179984e-02 0.0000000000000000e+00
3374 1.8976916140198235e-02 -6.7438641564771307e-02 0.0000000000000000e+00
3375 1.9346912127152935e-02 -6.7753505602709305e-02 0.0000000000000000e+00
3376 1.7998850295005780e-02 -6.8091608196384906e-02 0.0000000000000000e+00
3377 2.6921580050315645e-02 -6.0937921485104400e-02 0.0000000000000000e+00
3378 4.6225126804896155e-02 -5.8137399181683362e-02 0.0000000000000000e+00
3379 4.8000000000000001e-02 -5.9999999999999998e-02 0.0000000000000000e+00
3380 5.1000000000000004e-02 -6.2962319469851591e-02 0.0000000000000000e+00
3381 4.8938633850018072e-02 -6.1971850964555035e-02 0.0000000000000000e+00
3382 3.0213513023414722e-02 -5.8462853069785325e-02 0.0000000000000000e+00
3383 3.2222156422172625e-02 -5.8202199991691086e-02 0.0000000000000000e+00
3384 3.4758867706969808e-02 -5.7669496377008314e-02 0.0000000000000000e+00
3385 3.7484262667703196e-02 -5.7994017370656459e-02 0.0000000000000000e+00
3386 4.3456557195323695e-02 -5.7540319933896682e-02 0.0000000000000000e+00
3387 4.0214354054898663e-02 -5.7721300861198810e-02 0.0000000000000000e+00
3388 2.9275856678370588e-02 -5.9999999999999998e-02 0.0000000000000000e+00
3389 2.8418488508230588e-02 -6.1254989349399679e-02 0.0000000000000000e+00
3390 2.6008213903507396e-02 -6.1817138704213750e-02 0.0000000000000000e+00
3391 1.6721053525751445e-02 -6.8459105766293923e-02 0.0000000000000000e+00
3392 1.6160656315424866e-02 -6.8917614392992765e-02 0.0000000000000000e+00
3393 1.5500000000000000e-02 -6.8494445603374463e-02 0.0000000000000000e+00
3394 1.4320647339436877e-02 -6.7646527756594924e-02 0.0000000000000000e+00
3395 1.4878450523059739e-02 -6.8127431143857886e-02 0.0000000000000000e+00
3396 1.4690461448818120e-02 -6.3674087784109268e-02 0.0000000000000000e+00
3397 1.4811692518609929e-02 -6.5473669057950504e-02 0.0000000000000000e+00
3398 1.4736836800685051e-02 -6.4614627160539534e-02 0.0000000000000000e+00
3399 1.4431660499645916e-02 -6.6596821836718792e-02 0.0000000000000000e+00
3400 1.4212580863267850e-02 -6.5928935240492439e-02 0.0000000000000000e+00
3401 1.4030835154493186e-02 -6.7020474527677898e-02 0.0000000000000000e+00
3402 1.3738507569675658e-02 -6.7442407186197401e-02 0.0000000000000000e+00
3403 1.1656352096954077e-02 -5.5038742065311008e-02 0.0000000000000000e+00
3404 1.0789610160534154e-02 -5.4253612629399810e-02 0.0000000000000000e+00
3405 1.0025835819676750e-02 -5.3206233591024339e-02 0.0000000000000000e+00
3406 9.3563831833303416e-03 -5.1999999999999991e-02 0.0000000000000000e+00
3407 8.5967140669542495e-03 -5.0715095920781363e-02 0.0000000000000000e+00
3408 7.9349685737895199e-03 -4.9309384354384374e-02 0.0000000000000000e+00
3409 7.3101002662021167e-03 -4.7840818670944765e-02 0.0000000000000000e+00
3410 6.6525266715252943e-03 -4.4826269594436495e-02 0.0000000000000000e+00
3411 6.5751935162431923e-03 -4.6547028653536646e-02 0.0000000000000000e+00
3412 4.6319599239148411e-03 -4.3790357596565729e-02 0.0000000000000000e+00
3413 2.9207904185444777e-03 -4.1516413309325685e-02 0.0000000000000000e+00
3414 0.0000000000000000e+00 -3.9439638369173101e-02 0.0000000000000000e+00
3415 1.3279264230218652e-02 -6.1632200399076700e-02 0.0000000000000000e+00
3416 1.3957762272958755e-02 -6.2221494281017219e-02 0.0000000000000000e+00
3417 1.3827316511393519e-02 -6.3157177516349236e-02 0.0000000000000000e+00
3418 1.2795998144415011e-02 -5.9286396828129403e-02 0.0000000000000000e+00
3419 1.2521323773373215e-02 -6.0189237714805527e-02 0.0000000000000000e+00
3420 1.2756298515972946e-02 -6.0958697154382943e-02 0.0000000000000000e+00
3421 1.2339417993391923e-02 -5.6926859320315118e-02 0.0000000000000000e+00
3422 1.1641985923496388e-02 -5.6020768648431099e-02 0.0000000000000000e+00
3423 1.2129372211507530e-02 -5.8238397650359694e-02 0.0000000000000000e+00
3424 5.2994579864637383e-02 -7.3241785036605653e-02 0.0000000000000000e+00
3425 5.9065603438825783e-02 -6.8619997581182354e-02 0.0000000000000000e+00
3426 5.5391915060963345e-02 -7.2215171715518001e-02 0.0000000000000000e+00
3427 5.8250034132040662e-02 -7.1558388530548661e-02 0.0000000000000000e+00
3428 6.2864574060490522e-02 -6.7736665483556849e-02 0.0000000000000000e+00
3429 6.5727466775592436e-02 -6.5737821202659474e-02 0.0000000000000000e+00
3430 7.4167813328627832e-02 -6.0688322946252357e-02 0.0000000000000000e+00
3431 7.0834631945980678e-02 -6.2362962384418553e-02 0.0000000000000000e+00
3432 6.8517473575415766e-02 -6.4310543098970288e-02 0.0000000000000000e+00
3433 8.2359631339838688e-02 -5.7985452233207238e-02 0.0000000000000000e+00
3434 8.8652001499632982e-02 -5.4796119809144749e-02 0.0000000000000000e+00
3435 9.2826732110739843e-02 -5.4263955063362138e-02 0.0000000000000000e+00
3436 1.0228404688483686e-01 -5.3581636247585815e-02 0.0000000000000000e+00
3437 9.7143390183131062e-02 -5.3829760327398050e-02 0.0000000000000000e+00
3438 8.5940462882533195e-02 -5.7380668693918224e-02 0.0000000000000000e+00
3439 8.4707314704764544e-02 -5.9825959749771548e-02 0.0000000000000000e+00
3440 7.9774068556505262e-02 -6.0144165541915949e-02 0.0000000000000000e+00
3441 7.7340028467480004e-02 -6.2087603313321242e-02 0.0000000000000000e+00
3442 1.0555259384062182e-01 -5.8373513070435396e-02 0.0000000000000000e+00
3443 1.1185123527063007e-01 -5.8436505933530260e-02 0.0000000000000000e+00
3444 1.1853711751171049e-01 -5.8362848123829116e-02 0.0000000000000000e+00
3445 1.2552776669842911e-01 -5.8096277951446014e-02 0.0000000000000000e+00
3446 1.3276527431963497e-01 -5.7628622150683269e-02 0.0000000000000000e+00
3447 1.4020635549074145e-01 -5.6930088949076925e-02 0.0000000000000000e+00
3448 1.4783570383099195e-01 -5.5966890134015707e-02 0.0000000000000000e+00
3449 1.5566569188039972e-01 -5.4710075593042674e-02 0.0000000000000000e+00
3450 1.5988297668758977e-01 -4.7798523364431494e-02 0.0000000000000000e+00
3451 1.6379137517641940e-01 -4.0607227129387087e-02 0.0000000000000000e+00
3452 1.6737353851260789e-01 -3.3150985798264684e-02 0.0000000000000000e+00
3453 1.7061290041223645e-01 -2.5445758928726993e-02 0.0000000000000000e+00
3454 1.7349384244657767e-01 -1.7507875115421585e-02 0.0000000000000000e+00
3455 1.7600161150017282e-01 -9.3538181283248020e-03 0.0000000000000000e+00
3456 1.7812219063433268e-01 -1.0000000000000000e-03 0.0000000000000000e+00
3457 5.1000000000000004e-02 -6.6174305700104380e-02 0.0000000000000000e+00
3458 5.1000000000000004e-02 -7.2043604056327384e-02 0.0000000000000000e+00
3459 5.1000000000000004e-02 -6.9302761380400063e-02 0.0000000000000000e+00
3460 2.1723868691723568e-02 -6.4759623808293490e-02 0.0000000000000000e+00
3461 2.2916837896057723e-02 -6.3386057189340886e-02 0.0000000000000000e+00
3462 2.2364941084653835e-02 -6.4230189922504705e-02 0.0000000000000000e+00
3463 2.4999999999999998e-02 -6.2449825256303867e-02 0.0000000000000000e+00
3464 2.3921744186019684e-02 -6.3132189857823165e-02 0.0000000000000000e+00
3465 2.0897294403742103e-02 -6.6227581904615002e-02 0.0000000000000000e+00
3466 2.1577345083835024e-02 -6.5655105207357442e-02 0.0000000000000000e+00
3467 2.1008513111471804e-02 -6.6911184424886958e-02 0.0000000000000000e+00
3468 1.9931065599535624e-02 -6.7687152829353003e-02 0.0000000000000000e+00
3469 2.0552427518770219e-02 -6.7357026922119048e-02 0.0000000000000000e+00
3470 1.7503606630677754e-02 -6.8697783348573391e-02 0.0000000000000000e+00
3471 2.0008831540244465e-02 -6.8198134906261018e-02 0.0000000000000000e+00
3472 1.8814855482502609e-02 -6.8100090160726059e-02 0.0000000000000000e+00
3473 1.9522035516226086e-02 -6.8272807980622088e-02 0.0000000000000000e+00
3474 1.8328822537933939e-02 -6.8851488993358773e-02 0.0000000000000000e+00
3475 2.7373698047461231e-02 -6.2311312444600850e-02 0.0000000000000000e+00
3476 4.5156162355869667e-02 -5.9999999999999998e-02 0.0000000000000000e+00
3477 4.6500737711486585e-02 -6.2252707195255504e-02 0.0000000000000000e+00
3478 4.8261188614951919e-02 -6.4662977492966844e-02 0.0000000000000000e+00
3479 3.1161541828672989e-02 -5.9999999999999998e-02 0.0000000000000000e+00
3480 3.3337945657509548e-02 -6.0000000000000012e-02 0.0000000000000000e+00
3481 3.5849886067104750e-02 -5.9999999999999998e-02 0.0000000000000000e+00
3482 3.8749090635327554e-02 -5.9999999999999998e-02 0.0000000000000000e+00
3483 4.2042894959286280e-02 -5.9999999999999998e-02 0.0000000000000000e+00
3484 3.0238346525683014e-02 -6.1550056955318719e-02 0.0000000000000000e+00
3485 2.9161981474425527e-02 -6.2936431259693726e-02 0.0000000000000000e+00
3486 2.6183661276977806e-02 -6.3135402746234651e-02 0.0000000000000000e+00
3487 1.6932891102612955e-02 -6.9282459492091733e-02 0.0000000000000000e+00
3488 1.6273397130274234e-02 -6.9812968297260330e-02 0.0000000000000000e+00
3489 1.3683246177700810e-02 -6.8007806973901214e-02 0.0000000000000000e+00
3490 1.5500000000000000e-02 -6.9308067690907429e-02 0.0000000000000000e+00
3491 1.4781084289976588e-02 -6.8922983336183782e-02 0.0000000000000000e+00
3492 1.4200924853789841e-02 -6.8449087848920398e-02 0.0000000000000000e+00
3493 1.3816527390684700e-02 -6.4171887237527300e-02 0.0000000000000000e+00
3494 1.3974919392986628e-02 -6.5108013000174339e-02 0.0000000000000000e+00
3495 1.3707599311513222e-02 -6.6421296501765231e-02 0.0000000000000000e+00
3496 1.3377463238655296e-02 -6.5745871849115636e-02 0.0000000000000000e+00
3497 1.3352768460695960e-02 -6.6964927890412168e-02 0.0000000000000000e+00
3498 1.3299965170524874e-02 -6.7571663992669923e-02 0.0000000000000000e+00
3499 1.2952884528280117e-02 -6.8107529030576486e-02 0.0000000000000000e+00
3500 1.0524975821164793e-02 -5.5606923543612852e-02 0.0000000000000000e+00
3501 8.6050944021240222e-03 -5.3365255106290914e-02 0.0000000000000000e+00
3502 9.4750317134492390e-03 -5.4606247694326156e-02 0.0000000000000000e+00
3503 7.0612234693043768e-03 -5.0596669500698285e-02 0.0000000000000000e+00
3504 7.7974198419235585e-03 -5.1999999999999984e-02 0.0000000000000000e+00
3505 6.3875376000212675e-03 -4.9064393933451758e-02 0.0000000000000000e+00
3506 5.8946997467366861e-03 -4.7681447977230340e-02 0.0000000000000000e+00
3507 4.6852046949641107e-03 -4.6226273170791719e-02 0.0000000000000000e+00
3508 2.3765939953167229e-03 -4.4535877437548131e-02 0.0000000000000000e+00
3509 0.0000000000000000e+00 -4.2879239454288905e-02 0.0000000000000000e+00
3510 1.2362010592477442e-02 -6.1725482047476694e-02 0.0000000000000000e+00
3511 1.3007974244196996e-02 -6.2513322338353147e-02 0.0000000000000000e+00
3512 1.2749679154125988e-02 -6.3631469962917242e-02 0.0000000000000000e+00
3513 1.1645332928320718e-02 -5.9573459361130676e-02 0.0000000000000000e+00
3514 1.1746734102445771e-02 -6.0805890691619728e-02 0.0000000000000000e+00
3515 1.0854816445535140e-02 -5.7102320033317638e-02 0.0000000000000000e+00
3516 1.0700248538235188e-02 -5.8708983058391173e-02 0.0000000000000000e+00
3517 5.1000000000000004e-02 -7.4433101258862780e-02 0.0000000000000000e+00
3518 5.4885902916340316e-02 -7.4610370595122003e-02 0.0000000000000000e+00
3519 5.2809313069948169e-02 -7.5382717475871955e-02 0.0000000000000000e+00
3520 5.4454637939049089e-02 -7.6496018556574244e-02 0.0000000000000000e+00
3521 5.1000000000000004e-02 -7.6503577408869539e-02 0.0000000000000000e+00
3522 6.1393207175891064e-02 -7.1074220002556823e-02 0.0000000000000000e+00
3523 5.7276976299054309e-02 -7.4096748467925161e-02 0.0000000000000000e+00
3524 6.0305667591011046e-02 -7.4065838436195450e-02 0.0000000000000000e+00
3525 6.4582358231516340e-02 -7.1056743847290479e-02 0.0000000000000000e+00
3526 6.6649717827130167e-02 -6.8678184993672398e-02 0.0000000000000000e+00
3527 6.9072941833609180e-02 -6.7119680688722455e-02 0.0000000000000000e+00
3528 7.4584532770611014e-02 -6.3835845688158435e-02 0.0000000000000000e+00
3529 7.1773640114825024e-02 -6.5579134935914399e-02 0.0000000000000000e+00
3530 8.2570299607346145e-02 -6.1237606426801039e-02 0.0000000000000000e+00
3531 8.5067243093377015e-02 -6.1887927989784958e-02 0.0000000000000000e+00
3532 8.9119883140558923e-02 -5.8223428430615842e-02 0.0000000000000000e+00
3533 9.1671505517235061e-02 -5.7197859138823290e-02 0.0000000000000000e+00
3534 9.5029083273301410e-02 -5.7800416741312845e-02 0.0000000000000000e+00
3535 9.9863395155609325e-02 -5.8126900538582292e-02 0.0000000000000000e+00
3536 8.7545212941092271e-02 -6.0749199429323719e-02 0.0000000000000000e+00
3537 8.0685021154375688e-02 -6.3380204105159585e-02 0.0000000000000000e+00
3538 7.8135772969333148e-02 -6.5471670124547937e-02 0.0000000000000000e+00
3539 1.0273155664446318e-01 -6.3264486819372578e-02 0.0000000000000000e+00
3540 1.0894547790159936e-01 -6.3741464954112190e-02 0.0000000000000000e+00
3541 1.1561708360211008e-01 -6.3982272564107268e-02 0.0000000000000000e+00
3542 1.2260891286980935e-01 -6.4025736251355922e-02 0.0000000000000000e+00
3543 1.2985834503812124e-01 -6.3875725868025562e-02 0.0000000000000000e+00
3544 1.3732742942911744e-01 -6.3510344576874850e-02 0.0000000000000000e+00
3545 1.4500232136453073e-01 -6.2901781695665487e-02 0.0000000000000000e+00
3546 1.5289759023537922e-01 -6.2026824037782743e-02 0.0000000000000000e+00
3547 1.5743758723595114e-01 -5.5323333557784071e-02 0.0000000000000000e+00
3548 1.6168204652671642e-01 -4.8326777049851950e-02 0.0000000000000000e+00
3549 1.6561354710988030e-01 -4.1049267476213368e-02 0.0000000000000000e+00
3550 1.6921468410993476e-01 -3.3505808731895799e-02 0.0000000000000000e+00
3551 1.7246884628807527e-01 -2.5712569250007866e-02 0.0000000000000000e+00
3552 1.7536038256723976e-01 -1.7686081313264636e-02 0.0000000000000000e+00
3553 1.7787451791004555e-01 -9.4430251547344794e-03 0.0000000000000000e+00
3554 1.7999722220078840e-01 -1.0000000000000000e-03 0.0000000000000000e+00
3555 1.5500000000000000e-02 -7.0252189648027819e-02 0.0000000000000000e+00
3556 4.9415860697415222e-02 -7.2676806598007973e-02 0.0000000000000000e+00
3557 4.8664970714459639e-02 -7.3993727873799472e-02 0.0000000000000000e+00
3558 4.8637138033931514e-02 -6.7816307074998361e-02 0.0000000000000000e+00
3559 4.9114728668413959e-02 -7.0689057681851353e-02 0.0000000000000000e+00
3560 2.2638884518495647e-02 -6.5204555554043933e-02 0.0000000000000000e+00
3561 2.3674576307483399e-02 -6.4448638108444548e-02 0.0000000000000000e+00
3562 2.4999999999999998e-02 -6.3837410937181718e-02 0.0000000000000000e+00
3563 2.1678024192797792e-02 -6.6651342656265336e-02 0.0000000000000000e+00
3564 2.2620307749235184e-02 -6.6268092491588104e-02 0.0000000000000000e+00
3565 2.1415461466297810e-02 -6.7587241181612315e-02 0.0000000000000000e+00
3566 2.0581697218415802e-02 -6.8111679578462453e-02 0.0000000000000000e+00
3567 2.0696129967180649e-02 -6.8679872248252574e-02 0.0000000000000000e+00
3568 1.7789421061649519e-02 -6.9570751704456660e-02 0.0000000000000000e+00
3569 2.0088507424280241e-02 -6.8782584262694235e-02 0.0000000000000000e+00
3570 1.9177811758272437e-02 -6.8925936381359548e-02 0.0000000000000000e+00
3571 1.8705794314498227e-02 -6.9740640412582031e-02 0.0000000000000000e+00
3572 2.7548263071310451e-02 -6.3785991122958949e-02 0.0000000000000000e+00
3573 4.3549417876129724e-02 -6.2328889948543548e-02 0.0000000000000000e+00
3574 4.5099023571950177e-02 -6.4552524765467592e-02 0.0000000000000000e+00
3575 4.6384545560732467e-02 -6.6690575588796069e-02 0.0000000000000000e+00
3576 3.2284973566055176e-02 -6.1812474326658380e-02 0.0000000000000000e+00
3577 3.4681418036414884e-02 -6.2058152291393040e-02 0.0000000000000000e+00
3578 3.7430418364679599e-02 -6.2247637547006705e-02 0.0000000000000000e+00
3579 4.0438722445551585e-02 -6.2372933538484214e-02 0.0000000000000000e+00
3580 2.8742151019282694e-02 -6.4551928828469857e-02 0.0000000000000000e+00
3581 3.1129947767633351e-02 -6.3387824922372119e-02 0.0000000000000000e+00
3582 3.0011880687486770e-02 -6.4416361880359721e-02 0.0000000000000000e+00
3583 2.6318504254660070e-02 -6.4670447876924872e-02 0.0000000000000000e+00
3584 1.7155690642609137e-02 -7.0259874424453861e-02 0.0000000000000000e+00
3585 1.6391752079437851e-02 -7.0857630105127023e-02 0.0000000000000000e+00
3586 1.3438875100973474e-02 -6.8718724553495897e-02 0.0000000000000000e+00
3587 1.4704123309373299e-02 -6.9829628999160356e-02 0.0000000000000000e+00
3588 1.3983784808835463e-02 -6.9284088883569434e-02 0.0000000000000000e+00
3589 1.4594271137704029e-02 -7.0879488009649064e-02 0.0000000000000000e+00
3590 1.2912573691553719e-02 -6.4841156032938704e-02 0.0000000000000000e+00
3591 1.2895771169498478e-02 -6.6458678496441034e-02 0.0000000000000000e+00
3592 1.2555466277397906e-02 -6.5713641639073631e-02 0.0000000000000000e+00
3593 1.2584971754995745e-02 -6.7310879629235792e-02 0.0000000000000000e+00
3594 1.2534616662547059e-02 -6.8831948746232621e-02 0.0000000000000000e+00
3595 1.2254968820647293e-02 -6.8128301820125373e-02 0.0000000000000000e+00
3596 9.2224451708466364e-03 -5.6320484802292008e-02 0.0000000000000000e+00
3597 7.2169486300793315e-03 -5.3242792035977878e-02 0.0000000000000000e+00
3598 7.6822289063490715e-03 -5.4884976493337026e-02 0.0000000000000000e+00
3599 5.5891700342659018e-03 -5.0306517208546717e-02 0.0000000000000000e+00
3600 6.0000000000000001e-03 -5.2000000000000011e-02 0.0000000000000000e+00
3601 4.4042466323736991e-03 -4.8778022116865057e-02 0.0000000000000000e+00
3602 2.2612123786383423e-03 -4.7424908819359617e-02 0.0000000000000000e+00
3603 0.0000000000000000e+00 -4.5899672665687535e-02 0.0000000000000000e+00
3604 1.1510694463435099e-02 -6.1731196668725806e-02 0.0000000000000000e+00
3605 1.2087190778122238e-02 -6.4347244927177125e-02 0.0000000000000000e+00
3606 1.1871097998595183e-02 -6.2711585032701855e-02 0.0000000000000000e+00
3607 1.1722187519361662e-02 -6.3675881549259503e-02 0.0000000000000000e+00
3608 1.0610186727031524e-02 -6.0022200197175017e-02 0.0000000000000000e+00
3609 1.0565402435101255e-02 -6.1123484708300910e-02 0.0000000000000000e+00
3610 9.3379056123836131e-03 -5.7992220888429605e-02 0.0000000000000000e+00
3611 9.6238785351002998e-03 -5.9325298813715836e-02 0.0000000000000000e+00
3612 4.8963758408855869e-02 -7.5804160050405203e-02 0.0000000000000000e+00
3613 4.7209325243660276e-02 -7.4591228673059479e-02 0.0000000000000000e+00
3614 5.6387995264389618e-02 -7.6229782318237113e-02 0.0000000000000000e+00
3615 5.2659888964662720e-02 -7.7350826130395955e-02 0.0000000000000000e+00
3616 5.5543840684976031e-02 -7.7704461831844013e-02 0.0000000000000000e+00
3617 5.4120130097210201e-02 -7.8309724561091032e-02 0.0000000000000000e+00
3618 5.1000000000000004e-02 -7.8326102689246418e-02 0.0000000000000000e+00
3619 4.9608599731744397e-02 -7.7602671309273258e-02 0.0000000000000000e+00
3620 4.9915071537156797e-02 -7.8925331887874539e-02 0.0000000000000000e+00
3621 6.3291005601462086e-02 -7.3407686136567146e-02 0.0000000000000000e+00
3622 5.8656591613129257e-02 -7.6232551474293447e-02 0.0000000000000000e+00
3623 6.0684791121540613e-02 -7.6465211624591051e-02 0.0000000000000000e+00
3624 6.2587707567950998e-02 -7.5626573482704046e-02 0.0000000000000000e+00
3625 6.6372523486284099e-02 -7.3457662910748969e-02 0.0000000000000000e+00
3626 6.7329260595351700e-02 -7.1269883113335167e-02 0.0000000000000000e+00
3627 6.9549576350902406e-02 -7.0016378725771447e-02 0.0000000000000000e+00
3628 7.2339104206894031e-02 -6.8711486638001112e-02 0.0000000000000000e+00
3629 7.5293156356439461e-02 -6.7134291117215569e-02 0.0000000000000000e+00
3630 8.3913993913772494e-02 -6.4228936809612336e-02 0.0000000000000000e+00
3631 8.6599394299909718e-02 -6.3397937533416104e-02 0.0000000000000000e+00
3632 9.1784797249121156e-02 -6.1002791725801066e-02 0.0000000000000000e+00
3633 9.6941007471882862e-02 -6.2480585875732596e-02 0.0000000000000000e+00
3634 8.9145093502924072e-02 -6.3790179941517339e-02 0.0000000000000000e+00
3635 8.2375963411817146e-02 -6.7111242414759006e-02 0.0000000000000000e+00
3636 7.8861695758645170e-02 -6.8982404273535677e-02 0.0000000000000000e+00
3637 9.9459975629540870e-02 -6.7963158212022118e-02 0.0000000000000000e+00
3638 1.0569359638435781e-01 -6.8931730701631624e-02 0.0000000000000000e+00
3639 1.1235575805234163e-01 -6.9494037844611528e-02 0.0000000000000000e+00
3640 1.1938363005395984e-01 -6.9831740641380535e-02 0.0000000000000000e+00
3641 1.2664692165442853e-01 -6.9991494222837042e-02 0.0000000000000000e+00
3642 1.3413911393928887e-01 -6.9955848643195900e-02 0.0000000000000000e+00
3643 1.4184732013054649e-01 -6.9700582859440668e-02 0.0000000000000000e+00
3644 1.4978572320191152e-01 -6.9204314351638152e-02 0.0000000000000000e+00
3645 1.5463829762232628e-01 -6.2723696143469079e-02 0.0000000000000000e+00
3646 1.5920948259150267e-01 -5.5936591522525482e-02 0.0000000000000000e+00
3647 1.6348111636584306e-01 -4.8855030735272378e-02 0.0000000000000000e+00
3648 1.6743571904334123e-01 -4.1491307823039648e-02 0.0000000000000000e+00
3649 1.7105582970726163e-01 -3.3860631665526941e-02 0.0000000000000000e+00
3650 1.7432479216391414e-01 -2.5979379571288732e-02 0.0000000000000000e+00
3651 1.7722692268790177e-01 -1.7864287511107694e-02 0.0000000000000000e+00
3652 1.7974742431991825e-01 -9.5322321811441603e-03 0.0000000000000000e+00
3653 1.5500000000000000e-02 -7.1342467318306860e-02 0.0000000000000000e+00
3654 4.7199969966710872e-02 -7.2414939150520954e-02 0.0000000000000000e+00
3655 4.6062374746537779e-02 -6.9378168864139486e-02 0.0000000000000000e+00
3656 4.5706463736679366e-02 -7.3903223157635936e-02 0.0000000000000000e+00
3657 2.3872268194042867e-02 -6.5865683786075269e-02 0.0000000000000000e+00
3658 2.4999999999999998e-02 -6.5424528955301042e-02 0.0000000000000000e+00
3659 2.2549359667034863e-02 -6.7258944758170666e-02 0.0000000000000000e+00
3660 2.3517753954122648e-02 -6.6915709632679093e-02 0.0000000000000000e+00
3661 2.2403486393885490e-02 -6.8254633693153932e-02 0.0000000000000000e+00
3662 2.1349897195278977e-02 -6.8547636281048333e-02 0.0000000000000000e+00
3663 2.0811311241165184e-02 -6.9293817834322480e-02 0.0000000000000000e+00
3664 1.8109716896337065e-02 -7.0592278269951375e-02 0.0000000000000000e+00
3665 1.9788072976495832e-02 -6.9879706272007264e-02 0.0000000000000000e+00
3666 1.9040920656300576e-02 -7.0623680854358481e-02 0.0000000000000000e+00
3667 2.7714632645487312e-02 -6.5453809012309683e-02 0.0000000000000000e+00
3668 4.2072714584155520e-02 -6.4784858692882863e-02 0.0000000000000000e+00
3669 4.3863002836290917e-02 -6.7042899746408008e-02 0.0000000000000000e+00
3670 3.3270861301405275e-02 -6.3887045409975529e-02 0.0000000000000000e+00
3671 3.5914423261734933e-02 -6.4401756464717561e-02 0.0000000000000000e+00
3672 3.9015057931542252e-02 -6.4686193505500950e-02 0.0000000000000000e+00
3673 2.9385677010803645e-02 -6.5928463744501273e-02 0.0000000000000000e+00
3674 3.1596694230785365e-02 -6.5466967509734006e-02 0.0000000000000000e+00
3675 2.6464468534184837e-02 -6.6385544487563161e-02 0.0000000000000000e+00
3676 4.3176394674485419e-02 -6.9345437897747761e-02 0.0000000000000000e+00
3677 1.7388264212224221e-02 -7.1412654430183353e-02 0.0000000000000000e+00
3678 1.6534287700623988e-02 -7.2064072076845093e-02 0.0000000000000000e+00
3679 1.3101137558378592e-02 -6.9552437039472892e-02 0.0000000000000000e+00
3680 1.3710105208464444e-02 -7.0336497637066592e-02 0.0000000000000000e+00
3681 1.4462904861162380e-02 -7.2019434496475243e-02 0.0000000000000000e+00
3682 1.3437331482242940e-02 -7.1382113887168697e-02 0.0000000000000000e+00
3683 1.1818412055599217e-02 -6.5164496340160805e-02 0.0000000000000000e+00
3684 1.1771060864006493e-02 -6.6356631437577737e-02 0.0000000000000000e+00
3685 1.1498212199194087e-02 -6.7564679998919089e-02 0.0000000000000000e+00
3686 1.2184880222380411e-02 -6.9524362116708038e-02 0.0000000000000000e+00
3687 1.1535888572231468e-02 -6.8744313859201669e-02 0.0000000000000000e+00
3688 7.6126232887956590e-03 -5.7164411027932571e-02 0.0000000000000000e+00
3689 6.0000000000000001e-03 -5.3963728580261466e-02 0.0000000000000000e+00
3690 6.0000000000000001e-03 -5.6014923263657063e-02 0.0000000000000000e+00
3691 4.0928424696301613e-03 -5.1093500491718478e-02 0.0000000000000000e+00
3692 4.5200937387751871e-03 -5.3055346623559714e-02 0.0000000000000000e+00
3693 2.1800115749157733e-03 -5.0302032589997069e-02 0.0000000000000000e+00
3694 0.0000000000000000e+00 -4.8886033736911486e-02 0.0000000000000000e+00
3695 1.0654948501718315e-02 -6.2254519565186288e-02 0.0000000000000000e+00
3696 1.1115227260430065e-02 -6.4339521724733797e-02 0.0000000000000000e+00
3697 1.0756464523276124e-02 -6.3323793763736896e-02 0.0000000000000000e+00
3698 9.3795238229859093e-03 -6.0596084549891814e-02 0.0000000000000000e+00
3699 9.7550022654791201e-03 -6.1716121639845363e-02 0.0000000000000000e+00
3700 8.0158181882491637e-03 -5.9330708955306857e-02 0.0000000000000000e+00
3701 4.8022041590304321e-02 -7.7340550112120224e-02 0.0000000000000000e+00
3702 4.7241371581822504e-02 -7.6164263716851657e-02 0.0000000000000000e+00
3703 4.5659660208079773e-02 -7.5562449966413578e-02 0.0000000000000000e+00
3704 5.7437430510502124e-02 -7.8324726228361646e-02 0.0000000000000000e+00
3705 5.2575252681768894e-02 -7.9086816090722559e-02 0.0000000000000000e+00
3706 5.5664083115591213e-02 -7.9261971598200226e-02 0.0000000000000000e+00
3707 5.4113407927126177e-02 -7.9970909503528018e-02 0.0000000000000000e+00
3708 5.6929966529712987e-02 -8.0199598322358623e-02 0.0000000000000000e+00
3709 5.1000000000000004e-02 -8.0000000000000002e-02 0.0000000000000000e+00
3710 4.8721060172734081e-02 -7.8804803836005882e-02 0.0000000000000000e+00
3711 4.9490607152866135e-02 -8.0000000000000002e-02 0.0000000000000000e+00
3712 6.5282518143682564e-02 -7.5710515492994609e-02 0.0000000000000000e+00
3713 5.9997296764101579e-02 -7.8290303563631133e-02 0.0000000000000000e+00
3714 6.2327572065912294e-02 -7.8144988465777832e-02 0.0000000000000000e+00
3715 6.4274111144333498e-02 -7.7510250760579574e-02 0.0000000000000000e+00
3716 6.8256024409724420e-02 -7.6159557644802617e-02 0.0000000000000000e+00
3717 6.9493973935967485e-02 -7.3141591229503852e-02 0.0000000000000000e+00
3718 7.2807074135293595e-02 -7.2114976778842474e-02 0.0000000000000000e+00
3719 7.5891860376772327e-02 -7.0665464462655939e-02 0.0000000000000000e+00
3720 8.7056196557365587e-02 -6.7006119630898267e-02 0.0000000000000000e+00
3721 9.2943792170106121e-02 -6.6782761039572189e-02 0.0000000000000000e+00
3722 7.9480828922039407e-02 -7.2471970583034923e-02 0.0000000000000000e+00
3723 8.4994024673212876e-02 -7.0170586140028232e-02 0.0000000000000000e+00
3724 8.2012074601948565e-02 -7.0422936590834609e-02 0.0000000000000000e+00
3725 9.6310946038424342e-02 -7.2199698063048073e-02 0.0000000000000000e+00
3726 1.0213895506801095e-01 -7.4119686772775681e-02 0.0000000000000000e+00
3727 1.0860566176777142e-01 -7.4961755212851894e-02 0.0000000000000000e+00
3728 1.1586883678539764e-01 -7.5516124534092843e-02 0.0000000000000000e+00
3729 1.2312156862326218e-01 -7.5971091282666270e-02 0.0000000000000000e+00
3730 1.3063272124640637e-01 -7.6256138461264680e-02 0.0000000000000000e+00
3731 1.3836785557438883e-01 -7.6348118645681196e-02 0.0000000000000000e+00
3732 1.4633717791624357e-01 -7.6226178964379873e-02 0.0000000000000000e+00
3733 1.5149129865340383e-01 -6.9983223839888031e-02 0.0000000000000000e+00
3734 1.5637900500927329e-01 -6.3420568249155429e-02 0.0000000000000000e+00
3735 1.6098137794705408e-01 -5.6549849487266886e-02 0.0000000000000000e+00
3736 1.6528018620496979e-01 -4.9383284420692834e-02 0.0000000000000000e+00
3737 1.6925789097680224e-01 -4.1933348169865936e-02 0.0000000000000000e+00
3738 1.7289697530458853e-01 -3.4215454599158056e-02 0.0000000000000000e+00
3739 1.7618073803975295e-01 -2.6246189892569591e-02 0.0000000000000000e+00
3740 1.7909346280856389e-01 -1.8042493708950752e-02 0.0000000000000000e+00
3741 1.5500000000000000e-02 -7.2608348152347693e-02 0.0000000000000000e+00
3742 4.4226065959809921e-02 -7.1672361205152926e-02 0.0000000000000000e+00
3743 4.3779959348009809e-02 -7.4472983331172207e-02 0.0000000000000000e+00
3744 2.4999999999999998e-02 -6.7210289534312975e-02 0.0000000000000000e+00
3745 2.3661491190883607e-02 -6.7876833511106280e-02 0.0000000000000000e+00
3746 2.3255748404452350e-02 -6.8915848823047812e-02 0.0000000000000000e+00
3747 2.2359312896222974e-02 -6.9144948133183837e-02 0.0000000000000000e+00
3748 2.1686053814640022e-02 -6.9799910753008260e-02 0.0000000000000000e+00
3749 2.0763757219081306e-02 -7.0629280961150703e-02 0.0000000000000000e+00
3750 1.8679501902866432e-02 -7.1734970802147621e-02 0.0000000000000000e+00
3751 1.9886792685020149e-02 -7.1181725718767228e-02 0.0000000000000000e+00
3752 2.8111293740527465e-02 -6.7242535763678182e-02 0.0000000000000000e+00
3753 4.0714045211559580e-02 -6.7658663218957901e-02 0.0000000000000000e+00
3754 3.4143538073593362e-02 -6.6265002552637134e-02 0.0000000000000000e+00
3755 3.7075580763413302e-02 -6.6935405863206301e-02 0.0000000000000000e+00
3756 3.0264532016720021e-02 -6.7499094125887296e-02 0.0000000000000000e+00
3757 3.2361656593799228e-02 -6.7849383817860889e-02 0.0000000000000000e+00
3758 2.6656903042193113e-02 -6.8275082386551930e-02 0.0000000000000000e+00
3759 4.1016484618228891e-02 -7.0975096454080497e-02 0.0000000000000000e+00
3760 1.7662526640454364e-02 -7.2680921535088844e-02 0.0000000000000000e+00
3761 1.6651432845541801e-02 -7.3497930226352648e-02 0.0000000000000000e+00
3762 1.8838842165141683e-02 -7.3054922362970495e-02 0.0000000000000000e+00
3763 1.4273551390316318e-02 -7.3384721448218893e-02 0.0000000000000000e+00
3764 1.2412721500114389e-02 -7.0537306798710786e-02 0.0000000000000000e+00
3765 1.3190692686523073e-02 -7.2641167631898096e-02 0.0000000000000000e+00
3766 1.2153870458004081e-02 -7.1856539186266583e-02 0.0000000000000000e+00
3767 1.0468953462084866e-02 -6.5388782279463889e-02 0.0000000000000000e+00
3768 1.0420912253775966e-02 -6.6793318689565617e-02 0.0000000000000000e+00
3769 1.0420059274974431e-02 -6.8054149971320047e-02 0.0000000000000000e+00
3770 1.1253976080565836e-02 -6.9957228926839768e-02 0.0000000000000000e+00
3771 1.0502056008041431e-02 -6.9084713347814450e-02 0.0000000000000000e+00
3772 6.0000000000000001e-03 -5.8155586221111680e-02 0.0000000000000000e+00
3773 4.1255096599749543e-03 -5.5135268351325671e-02 0.0000000000000000e+00
3774 4.5812419485422298e-03 -5.7122310909134444e-02 0.0000000000000000e+00
3775 2.3821165642708198e-03 -5.3084235694492964e-02 0.0000000000000000e+00
3776 2.3856016402293242e-03 -5.5167006339706552e-02 0.0000000000000000e+00
3777 0.0000000000000000e+00 -5.1957362368072010e-02 0.0000000000000000e+00
3778 9.3944798413036698e-03 -6.2879771996290232e-02 0.0000000000000000e+00
3779 9.7808460182478608e-03 -6.4081482714249738e-02 0.0000000000000000e+00
3780 8.0802918013252994e-03 -6.1646179297046702e-02 0.0000000000000000e+00
3781 6.0000000000000001e-03 -6.0286045925778069e-02 0.0000000000000000e+00
3782 9.1815110197983000e-03 -6.4924369096826820e-02 0.0000000000000000e+00
3783 4.7087960105672039e-02 -7.8650551706941546e-02 0.0000000000000000e+00
3784 4.6309941195297528e-02 -7.7244598639727685e-02 0.0000000000000000e+00
3785 4.4275595104938656e-02 -7.6713795147628355e-02 0.0000000000000000e+00
3786 5.9181133740459892e-02 -8.0338873191260401e-02 0.0000000000000000e+00
3787 5.2571321589245788e-02 -8.0614230390517641e-02 0.0000000000000000e+00
3788 5.5696490690744768e-02 -8.1087351084208295e-02 0.0000000000000000e+00
3789 5.4085948129544904e-02 -8.1679146092799942e-02 0.0000000000000000e+00
3790 5.7438429491231673e-02 -8.1854628535473220e-02 0.0000000000000000e+00
3791 5.0274733566308974e-02 -8.1121810590763052e-02 0.0000000000000000e+00
3792 5.1497486164933527e-02 -8.1355129113638458e-02 0.0000000000000000e+00
3793 4.8000000000000001e-02 -8.0000000000000002e-02 0.0000000000000000e+00
3794 4.9127092368239179e-02 -8.1044960254846907e-02 0.0000000000000000e+00
3795 4.9483205862480520e-02 -8.2064557276161493e-02 0.0000000000000000e+00
3796 6.6614674767468463e-02 -7.8170983069997521e-02 0.0000000000000000e+00
3797 6.1804505487844781e-02 -8.0148703656620163e-02 0.0000000000000000e+00
3798 6.4492979978079054e-02 -7.9895151606862475e-02 0.0000000000000000e+00
3799 6.1045144193627908e-02 -8.1942658585492448e-02 0.0000000000000000e+00
3800 6.9847036355949091e-02 -7.9013690769322645e-02 0.0000000000000000e+00
3801 7.2577966483570802e-02 -7.6253727068798613e-02 0.0000000000000000e+00
3802 7.6324877268849720e-02 -7.4381510559947350e-02 0.0000000000000000e+00
3803 7.9813676469216277e-02 -7.5905520013021463e-02 0.0000000000000000e+00
3804 8.9663812009618885e-02 -7.2075611439089721e-02 0.0000000000000000e+00
3805 8.3862076785314196e-02 -7.4237020624559558e-02 0.0000000000000000e+00
3806 9.8445391658549972e-02 -7.6999153739041176e-02 0.0000000000000000e+00
3807 9.3685783644569323e-02 -7.6689272030195196e-02 0.0000000000000000e+00
3808 1.0358927506681516e-01 -8.0629327814813842e-02 0.0000000000000000e+00
3809 1.1163091404925410e-01 -8.1055648512193407e-02 0.0000000000000000e+00
3810 1.1924720218291243e-01 -8.1811765215089580e-02 0.0000000000000000e+00
3811 1.2681251946422806e-01 -8.2403120982524572e-02 0.0000000000000000e+00
3812 1.3456826269422942e-01 -8.2831721092302579e-02 0.0000000000000000e+00
3813 1.4255974174419139e-01 -8.3076591371032210e-02 0.0000000000000000e+00
3814 1.4800375813251745e-01 -7.7085360485182330e-02 0.0000000000000000e+00
3815 1.5319687410489610e-01 -7.0762133328137924e-02 0.0000000000000000e+00
3816 1.5811971239622039e-01 -6.4117440354841779e-02 0.0000000000000000e+00
3817 1.6275327330260558e-01 -5.7163107452008276e-02 0.0000000000000000e+00
3818 1.6707925604409646e-01 -4.9911538106113269e-02 0.0000000000000000e+00
3819 1.7108006291026315e-01 -4.2375388516692244e-02 0.0000000000000000e+00
3820 1.7473812090191543e-01 -3.4570277532789163e-02 0.0000000000000000e+00
3821 1.7803668391559183e-01 -2.6513000213850467e-02 0.0000000000000000e+00
3822 1.5500000000000000e-02 -7.4071068893023784e-02 0.0000000000000000e+00
3823 4.1525739468526467e-02 -7.3466648388882907e-02 0.0000000000000000e+00
3824 4.2110681958834016e-02 -7.6024961344195841e-02 0.0000000000000000e+00
3825 2.4999999999999998e-02 -6.9168312990445319e-02 0.0000000000000000e+00
3826 2.3114053676311922e-02 -7.0248328416659220e-02 0.0000000000000000e+00
3827 2.1717990659779786e-02 -7.0935452891685125e-02 0.0000000000000000e+00
3828 2.0921461387781538e-02 -7.1990820796640292e-02 0.0000000000000000e+00
3829 1.9828296003696774e-02 -7.2599201577687913e-02 0.0000000000000000e+00
3830 2.8635008597039619e-02 -6.9049286089803111e-02 0.0000000000000000e+00
3831 3.7823546279230326e-02 -6.9830801398580319e-02 0.0000000000000000e+00
3832 3.4842873915067490e-02 -6.8770017969700337e-02 0.0000000000000000e+00
3833 3.0696153034887576e-02 -6.9683518241161452e-02 0.0000000000000000e+00
3834 3.2763173003101047e-02 -6.9900807255724548e-02 0.0000000000000000e+00
3835 2.6924579425777417e-02 -7.0287981969759467e-02 0.0000000000000000e+00
3836 3.8484301307215960e-02 -7.2751024902126996e-02 0.0000000000000000e+00
3837 1.8181544557106827e-02 -7.4177330121368165e-02 0.0000000000000000e+00
3838 1.6818072404823609e-02 -7.5014233058033758e-02 0.0000000000000000e+00
3839 1.9842341721584014e-02 -7.4082187778559988e-02 0.0000000000000000e+00
3840 1.4062743587281453e-02 -7.4952598202231213e-02 0.0000000000000000e+00
3841 1.2899692459794734e-02 -7.4045607152390336e-02 0.0000000000000000e+00
3842 1.1047749490764407e-02 -7.1151968797453044e-02 0.0000000000000000e+00
3843 1.1865317759225833e-02 -7.3149229677002478e-02 0.0000000000000000e+00
3844 1.0968937993490300e-02 -7.2277137567261243e-02 0.0000000000000000e+00
3845 9.1896301936539044e-03 -6.6058277810524341e-02 0.0000000000000000e+00
3846 9.1510713086133105e-03 -6.7314597449153829e-02 0.0000000000000000e+00
3847 9.2723133338983854e-03 -6.8683214302396323e-02 0.0000000000000000e+00
3848 9.6453015704861741e-03 -7.0145496924906944e-02 0.0000000000000000e+00
3849 4.0210732533070906e-03 -5.8977938603305059e-02 0.0000000000000000e+00
3850 4.2240826018598810e-03 -6.1244935993445784e-02 0.0000000000000000e+00
3851 2.4034283854471555e-03 -5.7067077960227364e-02 0.0000000000000000e+00
3852 0.0000000000000000e+00 -5.5184981501422030e-02 0.0000000000000000e+00
3853 2.3134739566749336e-03 -5.8838558213499620e-02 0.0000000000000000e+00
3854 8.1664088690040198e-03 -6.3743615623919544e-02 0.0000000000000000e+00
3855 6.0000000000000001e-03 -6.2472678705509502e-02 0.0000000000000000e+00
3856 8.2523720743514981e-03 -6.5267982809527600e-02 0.0000000000000000e+00
3857 4.6265187690595552e-02 -8.0000000000000002e-02 0.0000000000000000e+00
3858 4.5209529985100791e-02 -7.8513357653795468e-02 0.0000000000000000e+00
3859 4.3070107183133470e-02 -7.8187610472915184e-02 0.0000000000000000e+00
3860 5.9353109136073064e-02 -8.2920108004448073e-02 0.0000000000000000e+00
3861 5.2586826679995223e-02 -8.2282619082225950e-02 0.0000000000000000e+00
3862 5.5658734807010057e-02 -8.2786750893758254e-02 0.0000000000000000e+00
3863 5.3992902148470426e-02 -8.3344431913884645e-02 0.0000000000000000e+00
3864 5.7382964768501604e-02 -8.3975068732275865e-02 0.0000000000000000e+00
3865 5.0849687123637966e-02 -8.2685046109758326e-02 0.0000000000000000e+00
3866 4.5657433162445610e-02 -8.1203419869984556e-02 0.0000000000000000e+00
3867 4.6821974546110562e-02 -8.1191746317537603e-02 0.0000000000000000e+00
3868 4.8000000000000001e-02 -8.2000000000000003e-02 0.0000000000000000e+00
3869 4.9164516254216514e-02 -8.3470969425439190e-02 0.0000000000000000e+00
3870 6.7535377404546182e-02 -8.0736731207134815e-02 0.0000000000000000e+00
3871 6.3257125767470293e-02 -8.2218568243566756e-02 0.0000000000000000e+00
3872 6.5637493208977937e-02 -8.2335835844360730e-02 0.0000000000000000e+00
3873 6.1623504568751195e-02 -8.4076415281714570e-02 0.0000000000000000e+00
3874 7.0835020558893028e-02 -8.2167142571380788e-02 0.0000000000000000e+00
3875 7.2956862767210973e-02 -8.0054263823660210e-02 0.0000000000000000e+00
3876 7.6967439579155070e-02 -7.8932710698550068e-02 0.0000000000000000e+00
3877 8.2434337774836081e-02 -7.9512314970281661e-02 0.0000000000000000e+00
3878 8.8635783037034885e-02 -7.9100204822615622e-02 0.0000000000000000e+00
3879 9.5372985479218519e-02 -8.3071692087181390e-02 0.0000000000000000e+00
3880 1.0182380650788968e-01 -8.6554126363950087e-02 0.0000000000000000e+00
3881 1.0822309716398490e-01 -8.6662359175036702e-02 0.0000000000000000e+00
3882 1.1523691114580316e-01 -8.7530282257454753e-02 0.0000000000000000e+00
3883 1.2272884566676799e-01 -8.8389956362279226e-02 0.0000000000000000e+00
3884 1.3046622349677189e-01 -8.9139135238704120e-02 0.0000000000000000e+00
3885 1.3846179561488731e-01 -8.9740354106172177e-02 0.0000000000000000e+00
3886 1.4418355214506198e-01 -8.4014097314377686e-02 0.0000000000000000e+00
3887 1.4967033834879137e-01 -7.7944542005984843e-02 0.0000000000000000e+00
3888 1.5490244955638841e-01 -7.1541042816387831e-02 0.0000000000000000e+00
3889 1.5986041978316742e-01 -6.4814312460528115e-02 0.0000000000000000e+00
3890 1.6452516865815711e-01 -5.7776365416749687e-02 0.0000000000000000e+00
3891 1.6887832588322318e-01 -5.0439791791533725e-02 0.0000000000000000e+00
3892 1.7290223484372405e-01 -4.2817428863518525e-02 0.0000000000000000e+00
3893 1.7657926649924233e-01 -3.4925100466420299e-02 0.0000000000000000e+00
3894 1.3786204194559034e-02 -7.6711195625137438e-02 0.0000000000000000e+00
3895 1.5500000000000000e-02 -7.5766883874832505e-02 0.0000000000000000e+00
3896 3.9421356361643040e-02 -7.5435176373863655e-02 0.0000000000000000e+00
3897 4.0591334286752677e-02 -7.7873554350712804e-02 0.0000000000000000e+00
3898 2.4999999999999998e-02 -7.1331449374624600e-02 0.0000000000000000e+00
3899 2.2781157616184836e-02 -7.2443228433745899e-02 0.0000000000000000e+00
3900 2.1181616795171051e-02 -7.3678603992833921e-02 0.0000000000000000e+00
3901 2.9156590322132137e-02 -7.1307504051780282e-02 0.0000000000000000e+00
3902 3.4889748777267700e-02 -7.1838706930192855e-02 0.0000000000000000e+00
3903 3.1697031459782705e-02 -7.2134442360534817e-02 0.0000000000000000e+00
3904 2.7226779972285689e-02 -7.2665988742977097e-02 0.0000000000000000e+00
3905 3.6228932338399342e-02 -7.4959719867161781e-02 0.0000000000000000e+00
3906 1.7038037468859138e-02 -7.6811325181266113e-02 0.0000000000000000e+00
3907 1.9325903321333226e-02 -7.5275493774614496e-02 0.0000000000000000e+00
3908 1.8111463354800506e-02 -7.5731985268973429e-02 0.0000000000000000e+00
3909 2.0785036073017807e-02 -7.5633444007919465e-02 0.0000000000000000e+00
3910 1.2432171995528424e-02 -7.5638151618408145e-02 0.0000000000000000e+00
3911 1.1565777625277373e-02 -7.4389088300070669e-02 0.0000000000000000e+00
3912 9.6317560513812447e-03 -7.1768834632509118e-02 0.0000000000000000e+00
3913 1.0145996208075938e-02 -7.3459115543074979e-02 0.0000000000000000e+00
3914 7.6397819626083429e-03 -6.6634130436037886e-02 0.0000000000000000e+00
3915 8.2038022345276365e-03 -6.8009864057833533e-02 0.0000000000000000e+00
3916 7.6310597888462469e-03 -6.9436275064136480e-02 0.0000000000000000e+00
3917 8.1775307339504444e-03 -7.0935821433211255e-02 0.0000000000000000e+00
3918 4.3420064379824461e-03 -6.2975140974137686e-02 0.0000000000000000e+00
3919 2.1237244775655262e-03 -6.0555170895791044e-02 0.0000000000000000e+00
3920 2.7724757946257822e-03 -6.2275999592305016e-02 0.0000000000000000e+00
3921 0.0000000000000000e+00 -5.8623192549805532e-02 0.0000000000000000e+00
3922 6.0000000000000001e-03 -6.4856102448065209e-02 0.0000000000000000e+00
3923 4.4267280275640176e-02 -8.0000000000000002e-02 0.0000000000000000e+00
3924 4.1966233005776732e-02 -8.0000000000000002e-02 0.0000000000000000e+00
3925 5.9447478053866146e-02 -8.5333003700471907e-02 0.0000000000000000e+00
3926 5.2274122173479959e-02 -8.4000998548927522e-02 0.0000000000000000e+00
3927 5.5351928914454306e-02 -8.4723377596719412e-02 0.0000000000000000e+00
3928 5.3620698653133375e-02 -8.4910692322612738e-02 0.0000000000000000e+00
3929 5.7048103450484174e-02 -8.6232535692379361e-02 0.0000000000000000e+00
3930 4.4550930001259093e-02 -8.1917668556727566e-02 0.0000000000000000e+00
3931 5.0754114057364491e-02 -8.4668377832849750e-02 0.0000000000000000e+00
3932 4.6187251877511659e-02 -8.2755311717703464e-02 0.0000000000000000e+00
3933 4.7568330540737593e-02 -8.4029056272164268e-02 0.0000000000000000e+00
3934 4.9149244996424944e-02 -8.5366692886691437e-02 0.0000000000000000e+00
3935 6.8103369510434039e-02 -8.3848489153262845e-02 0.0000000000000000e+00
3936 6.4770891895124305e-02 -8.4968623954874811e-02 0.0000000000000000e+00
3937 6.1998411104849507e-02 -8.6880550384666189e-02 0.0000000000000000e+00
3938 7.1531828055984237e-02 -8.5226853119409432e-02 0.0000000000000000e+00
3939 7.4733356961129746e-02 -8.2997240197390507e-02 0.0000000000000000e+00
3940 7.9484710183801807e-02 -8.4194169849290540e-02 0.0000000000000000e+00
3941 8.6948830910217961e-02 -8.5134928935980098e-02 0.0000000000000000e+00
3942 9.2046345851795788e-02 -8.9233939569899071e-02 0.0000000000000000e+00
3943 9.7735583520875358e-02 -9.0384713573922693e-02 0.0000000000000000e+00
3944 1.0424082617277879e-01 -9.1930620234773566e-02 0.0000000000000000e+00
3945 1.1112868231535618e-01 -9.3066895132847452e-02 0.0000000000000000e+00
3946 1.1843723332874895e-01 -9.4193592985437807e-02 0.0000000000000000e+00
3947 1.2608903368141294e-01 -9.5255966185919944e-02 0.0000000000000000e+00
3948 1.3405257439397489e-01 -9.6202428754932373e-02 0.0000000000000000e+00
3949 1.4003915723329877e-01 -9.0754061786933279e-02 0.0000000000000000e+00
3950 1.4580736254593246e-01 -8.4951603257723177e-02 0.0000000000000000e+00
3951 1.5133691856506523e-01 -7.8803723526787342e-02 0.0000000000000000e+00
3952 1.5660802500788074e-01 -7.2319952304637711e-02 0.0000000000000000e+00
3953 1.6160112717011452e-01 -6.5511184566214478e-02 0.0000000000000000e+00
3954 1.6629706401370856e-01 -5.8389623381491083e-02 0.0000000000000000e+00
3955 1.7067739572234986e-01 -5.0968045476954174e-02 0.0000000000000000e+00
3956 1.7472440677718504e-01 -4.3259469210344820e-02 0.0000000000000000e+00
3957 1.1908400468637398e-02 -7.7201427288870916e-02 0.0000000000000000e+00
3958 1.3532815418609815e-02 -7.8487955769632078e-02 0.0000000000000000e+00
3959 1.5500000000000000e-02 -7.7729577951659454e-02 0.0000000000000000e+00
3960 1.7099255075599656e-02 -7.8411209280315572e-02 0.0000000000000000e+00
3961 3.9315932373945255e-02 -8.0000000000000002e-02 0.0000000000000000e+00
3962 3.7663729038907912e-02 -7.7593596478835875e-02 0.0000000000000000e+00
3963 2.4999999999999998e-02 -7.3820963157140512e-02 0.0000000000000000e+00
3964 2.2938216730905341e-02 -7.5328852093849707e-02 0.0000000000000000e+00
3965 2.9783734370592254e-02 -7.3824248251418673e-02 0.0000000000000000e+00
3966 3.2875701577738191e-02 -7.4518812140358895e-02 0.0000000000000000e+00
3967 2.7509104530838456e-02 -7.5205820376623544e-02 0.0000000000000000e+00
3968 3.4348294883105812e-02 -7.7346648673880913e-02 0.0000000000000000e+00
3969 1.9193728346441629e-02 -7.7377044115291727e-02 0.0000000000000000e+00
3970 2.1509354496036366e-02 -7.7234916005551671e-02 0.0000000000000000e+00
3971 1.0443813831827461e-02 -7.5534283505845484e-02 0.0000000000000000e+00
3972 1.0185551186919049e-02 -7.7311631169868750e-02 0.0000000000000000e+00
3973 7.8046217685843076e-03 -7.2643205902906932e-02 0.0000000000000000e+00
3974 8.7406803778539346e-03 -7.4451345619700376e-02 0.0000000000000000e+00
3975 6.0000000000000001e-03 -6.7539902164729326e-02 0.0000000000000000e+00
3976 6.0000000000000001e-03 -7.0582407191740401e-02 0.0000000000000000e+00
3977 2.7464872173288478e-03 -6.4505795930254697e-02 0.0000000000000000e+00
3978 0.0000000000000000e+00 -6.2465747848653948e-02 0.0000000000000000e+00
3979 3.5167769083530569e-03 -6.6740639394902782e-02 0.0000000000000000e+00
3980 4.2841529493146784e-02 -8.1828880915450930e-02 0.0000000000000000e+00
3981 4.0435062469450236e-02 -8.2045302874239084e-02 0.0000000000000000e+00
3982 5.9259685087908111e-02 -8.7867071820028231e-02 0.0000000000000000e+00
3983 5.2320550015887882e-02 -8.5901444256699794e-02 0.0000000000000000e+00
3984 5.4305140608577059e-02 -8.6720859622053850e-02 0.0000000000000000e+00
3985 5.6571091399952290e-02 -8.8566986452795676e-02 0.0000000000000000e+00
3986 4.4137140609187317e-02 -8.3609524746171948e-02 0.0000000000000000e+00
3987 5.0776719778828854e-02 -8.6625696257325580e-02 0.0000000000000000e+00
3988 4.5757361881573984e-02 -8.4959434989892169e-02 0.0000000000000000e+00
3989 4.7485204097859592e-02 -8.6241050885734680e-02 0.0000000000000000e+00
3990 4.9221062459144607e-02 -8.7314990561606007e-02 0.0000000000000000e+00
3991 6.7983765093306850e-02 -8.6940012962426108e-02 0.0000000000000000e+00
3992 6.1722050046374953e-02 -8.9679619142363776e-02 0.0000000000000000e+00
3993 6.4795898247094669e-02 -8.8480124594599308e-02 0.0000000000000000e+00
3994 7.0819055223366831e-02 -8.8547130263190527e-02 0.0000000000000000e+00
3995 7.5099931176369913e-02 -8.8102176754166331e-02 0.0000000000000000e+00
3996 8.1381485448492510e-02 -8.9999140911914258e-02 0.0000000000000000e+00
3997 8.6970768318227296e-02 -9.2606943183159193e-02 0.0000000000000000e+00
3998 9.3145125915160040e-02 -9.4745152553778300e-02 0.0000000000000000e+00
3999 9.9833860894722709e-02 -9.6639245672272084e-02 0.0000000000000000e+00
4000 1.0669992663384396e-01 -9.8276381490612394e-02 0.0000000000000000e+00
4001 1.1390098805229031e-01 -9.9761855546200498e-02 0.0000000000000000e+00
4002 1.2144866389867623e-01 -1.0115865133164006e-01 0.0000000000000000e+00
4003 1.2934207596607453e-01 -1.0244816926029575e-01 0.0000000000000000e+00
4004 1.3557991377411768e-01 -9.7290042150472683e-02 0.0000000000000000e+00
4005 1.4161651885171025e-01 -9.1767769467694396e-02 0.0000000000000000e+00
4006 1.4743117294680302e-01 -8.5889109201068681e-02 0.0000000000000000e+00
4007 1.5300349878133912e-01 -7.9662905047589785e-02 0.0000000000000000e+00
4008 1.5831360045937312e-01 -7.3098861792887590e-02 0.0000000000000000e+00
4009 1.6334183455706161e-01 -6.6208056671900814e-02 0.0000000000000000e+00
4010 1.6806895936926000e-01 -5.9002881346232494e-02 0.0000000000000000e+00
4011 1.7247646556147656e-01 -5.1496299162374609e-02 0.0000000000000000e+00
4012 3.9144474405100001e-02 -8.3739706140314049e-02 0.0000000000000000e+00
4013 1.1122816468823668e-02 -7.9170836967467462e-02 0.0000000000000000e+00
4014 1.3181599677477533e-02 -8.0338354083150224e-02 0.0000000000000000e+00
4015 1.5500000000000000e-02 -8.0000000000000002e-02 0.0000000000000000e+00
4016 1.8237672821486417e-02 -8.0000000000000002e-02 0.0000000000000000e+00
4017 3.7590766643095706e-02 -8.2128746470988320e-02 0.0000000000000000e+00
4018 3.6263275536982470e-02 -8.0000000000000002e-02 0.0000000000000000e+00
4019 2.4999999999999998e-02 -7.6690997415415588e-02 0.0000000000000000e+00
4020 2.3213059970134772e-02 -7.7835239810697385e-02 0.0000000000000000e+00
4021 3.0307647404962765e-02 -7.7007763556928885e-02 0.0000000000000000e+00
4022 2.7256519420774127e-02 -7.7684841768719620e-02 0.0000000000000000e+00
4023 3.2750483401644173e-02 -8.0000000000000002e-02 0.0000000000000000e+00
4024 2.1416731359682292e-02 -8.0000000000000002e-02 0.0000000000000000e+00
4025 8.1212409724566760e-03 -7.6282228076766559e-02 0.0000000000000000e+00
4026 9.0179790716289395e-03 -7.8314405640228360e-02 0.0000000000000000e+00
4027 8.4596983472954111e-03 -8.0741706683343267e-02 0.0000000000000000e+00
4028 6.0000000000000001e-03 -7.3967280472666347e-02 0.0000000000000000e+00
4029 3.0540005311776065e-03 -6.9387411309701691e-02 0.0000000000000000e+00
4030 3.8126892774949747e-03 -7.2062363425213591e-02 0.0000000000000000e+00
4031 0.0000000000000000e+00 -6.6817477680949464e-02 0.0000000000000000e+00
4032 4.1789378901098996e-02 -8.4587758791208750e-02 0.0000000000000000e+00
4033 5.8731278468195001e-02 -9.0469120123486291e-02 0.0000000000000000e+00
4034 5.2477725051526217e-02 -8.7880922692368413e-02 0.0000000000000000e+00
4035 5.4346353032066558e-02 -8.9301843460888986e-02 0.0000000000000000e+00
4036 5.6060828760712188e-02 -9.1025857944680946e-02 0.0000000000000000e+00
4037 4.3689007395667431e-02 -8.6106856057512615e-02 0.0000000000000000e+00
4038 5.0797107063640302e-02 -8.8610800151402061e-02 0.0000000000000000e+00
4039 4.9207254881549839e-02 -8.9164186537495152e-02 0.0000000000000000e+00
4040 4.5619464189973029e-02 -8.7463180576942370e-02 0.0000000000000000e+00
4041 4.7545209169402122e-02 -8.8544865668543832e-02 0.0000000000000000e+00
4042 6.0941828448370365e-02 -9.2546986482171856e-02 0.0000000000000000e+00
4043 6.7881548406397471e-02 -9.0568856902727091e-02 0.0000000000000000e+00
4044 6.4457123500423028e-02 -9.1843092357074066e-02 0.0000000000000000e+00
4045 7.2052482673471308e-02 -9.2219886814817187e-02 0.0000000000000000e+00
4046 7.7058942850301931e-02 -9.3657653843654681e-02 0.0000000000000000e+00
4047 8.2725261072002523e-02 -9.6299280273636143e-02 0.0000000000000000e+00
4048 8.8652739348182713e-02 -9.8721263573202628e-02 0.0000000000000000e+00
4049 9.5094862323575030e-02 -1.0112595880923141e-01 0.0000000000000000e+00
4050 1.0195690855880896e-01 -1.0315916476935980e-01 0.0000000000000000e+00
4051 1.0908525885244102e-01 -1.0505391998815372e-01 0.0000000000000000e+00
4052 1.1654057353350356e-01 -1.0681878623817624e-01 0.0000000000000000e+00
4053 1.2434082311978499e-01 -1.0846363310296378e-01 0.0000000000000000e+00
4054 1.3081593396867897e-01 -1.0360722354263474e-01 0.0000000000000000e+00
4055 1.3710725315426053e-01 -9.8377655546013035e-02 0.0000000000000000e+00
4056 1.4319388047012180e-01 -9.2781477148455527e-02 0.0000000000000000e+00
4057 1.4905498334767356e-01 -8.6826615144414185e-02 0.0000000000000000e+00
4058 1.5467007899761301e-01 -8.0522086568392284e-02 0.0000000000000000e+00
4059 1.6001917591086542e-01 -7.3877771281137511e-02 0.0000000000000000e+00
4060 1.6508254194400865e-01 -6.6904928777587164e-02 0.0000000000000000e+00
4061 1.6984085472481153e-01 -5.9616139310973884e-02 0.0000000000000000e+00
4062 3.6625804946337472e-02 -8.4439330776485494e-02 0.0000000000000000e+00
4063 3.9100747475802361e-02 -8.5708021885082336e-02 0.0000000000000000e+00
4064 1.1573671111197524e-02 -8.1800378137178609e-02 0.0000000000000000e+00
4065 1.4139086738352966e-02 -8.2098176167836781e-02 0.0000000000000000e+00
4066 1.6619592569621221e-02 -8.2052481683052014e-02 0.0000000000000000e+00
4067 1.9383703670290669e-02 -8.1934024088366378e-02 0.0000000000000000e+00
4068 3.3918187910400778e-02 -8.2601043837106744e-02 0.0000000000000000e+00
4069 2.5000000000000001e-02 -8.0000000000000002e-02 0.0000000000000000e+00
4070 2.8785898478750158e-02 -8.0000000000000002e-02 0.0000000000000000e+00
4071 3.0632609989651928e-02 -8.2179764938923233e-02 0.0000000000000000e+00
4072 2.2743389903560850e-02 -8.2143578428189881e-02 0.0000000000000000e+00
4073 3.4098292833816560e-02 -8.5096398868873713e-02 0.0000000000000000e+00
4074 9.2622709992114388e-03 -8.3822720981811177e-02 0.0000000000000000e+00
4075 6.0000000000000001e-03 -7.7771864284133810e-02 0.0000000000000000e+00
4076 6.0000000000000001e-03 -8.2069662616783584e-02 0.0000000000000000e+00
4077 3.2280739748801399e-03 -7.5510570376547501e-02 0.0000000000000000e+00
4078 0.0000000000000000e+00 -7.1831364367279868e-02 0.0000000000000000e+00
4079 4.1422307963585529e-02 -8.7474625799344952e-02 0.0000000000000000e+00
4080 5.7832187065852081e-02 -9.3128198898877204e-02 0.0000000000000000e+00
4081 5.2364351437209571e-02 -9.0100240033118145e-02 0.0000000000000000e+00
4082 5.4038907088903049e-02 -9.1288030545946003e-02 0.0000000000000000e+00
4083 5.4955862067265375e-02 -9.3327752336645975e-02 0.0000000000000000e+00
4084 4.3638567972616345e-02 -8.8900277703041514e-02 0.0000000000000000e+00
4085 5.0333304852571342e-02 -9.0733368926862915e-02 0.0000000000000000e+00
4086 4.8139512211483798e-02 -9.0617134080534345e-02 0.0000000000000000e+00
4087 4.5886997113973670e-02 -9.0036782259450984e-02 0.0000000000000000e+00
4088 5.9841603226007907e-02 -9.5581095822300788e-02 0.0000000000000000e+00
4089 6.3007782711486868e-02 -9.4664998608161119e-02 0.0000000000000000e+00
4090 6.7180965700722087e-02 -9.5382894424255418e-02 0.0000000000000000e+00
4091 7.2730018638784630e-02 -9.7564645116416229e-02 0.0000000000000000e+00
4092 7.8204419163621017e-02 -1.0007300662610970e-01 0.0000000000000000e+00
4093 8.4083211303189742e-02 -1.0273767350377641e-01 0.0000000000000000e+00
4094 9.0342381568187496e-02 -1.0532649994350338e-01 0.0000000000000000e+00
4095 9.7002241175893539e-02 -1.0778376445125631e-01 0.0000000000000000e+00
4096 1.0401873617282847e-01 -1.1007220429033877e-01 0.0000000000000000e+00
4097 1.1136710897476242e-01 -1.1221994949614517e-01 0.0000000000000000e+00
4098 1.1906004304613978e-01 -1.1423531043355790e-01 0.0000000000000000e+00
4099 1.2575786097603883e-01 -1.0969150277572072e-01 0.0000000000000000e+00
4100 1.3228979197128332e-01 -1.0476627782497369e-01 0.0000000000000000e+00
4101 1.3863459253440327e-01 -9.9465268941553359e-02 0.0000000000000000e+00
4102 1.4477124208853329e-01 -9.3795184829216643e-02 0.0000000000000000e+00
4103 1.5067879374854418e-01 -8.7764121087759661e-02 0.0000000000000000e+00
4104 1.5633665921388692e-01 -8.1381268089194769e-02 0.0000000000000000e+00
4105 1.6172475136235775e-01 -7.4656680769387404e-02 0.0000000000000000e+00
4106 1.6682324933095571e-01 -6.7601800883273513e-02 0.0000000000000000e+00
4107 3.6000000000000004e-02 -8.7000000000000008e-02 0.0000000000000000e+00
4108 3.8954823726953469e-02 -8.8998348785906622e-02 0.0000000000000000e+00
4109 1.2779121500868237e-02 -8.4324578453561602e-02 0.0000000000000000e+00
4110 1.5228437064783671e-02 -8.3776085981719872e-02 0.0000000000000000e+00
4111 1.7746770582908224e-02 -8.4321406138849170e-02 0.0000000000000000e+00
4112 2.0148532774227648e-02 -8.4053929756114365e-02 0.0000000000000000e+00
4113 3.0987189635589760e-02 -8.4815867205465828e-02 0.0000000000000000e+00
4114 2.6721290521874747e-02 -8.3481913652043563e-02 0.0000000000000000e+00
4115 2.2641360312750835e-02 -8.4723323532941444e-02 0.0000000000000000e+00
4116 3.2539872865087582e-02 -8.6999999999999994e-02 0.0000000000000000e+00
4117 1.0761135035907454e-02 -8.6999999999999994e-02 0.0000000000000000e+00
4118 6.0000000000000001e-03 -8.7000000000000008e-02 0.0000000000000000e+00
4119 3.3994801955024409e-03 -8.0105295011819844e-02 0.0000000000000000e+00
4120 3.5690195081333029e-03 -8.3923204430929696e-02 0.0000000000000000e+00
4121 0.0000000000000000e+00 -7.7518698016545096e-02 0.0000000000000000e+00
4122 4.1370642189171303e-02 -9.0624352428351623e-02 0.0000000000000000e+00
4123 5.6320736613497319e-02 -9.5852758068304303e-02 0.0000000000000000e+00
4124 5.2192632883042968e-02 -9.2786701122713922e-02 0.0000000000000000e+00
4125 5.3629615178075844e-02 -9.5183208704802430e-02 0.0000000000000000e+00
4126 4.3865679172599335e-02 -9.1923244255114195e-02 0.0000000000000000e+00
4127 4.9298970638501576e-02 -9.3121151635913862e-02 0.0000000000000000e+00
4128 4.6515248001397828e-02 -9.2779969319047750e-02 0.0000000000000000e+00
4129 5.7821975514332928e-02 -9.8708266284966734e-02 0.0000000000000000e+00
4130 6.2908711544871460e-02 -9.8873258416965565e-02 0.0000000000000000e+00
4131 6.7887775712434761e-02 -1.0115887105059813e-01 0.0000000000000000e+00
4132 7.3417585117605655e-02 -1.0380890780808846e-01 0.0000000000000000e+00
4133 7.9216416855551683e-02 -1.0659224373491419e-01 0.0000000000000000e+00
4134 8.5357581631559515e-02 -1.0941405423969373e-01 0.0000000000000000e+00
4135 9.1860945214064377e-02 -1.1217774961640128e-01 0.0000000000000000e+00
4136 9.8726121856966984e-02 -1.1483350870180119e-01 0.0000000000000000e+00
4137 1.0594223885607142e-01 -1.1735848759538164e-01 0.0000000000000000e+00
4138 1.1351163646509495e-01 -1.1975019159490363e-01 0.0000000000000000e+00
4139 1.2041705052733583e-01 -1.1552921425940328e-01 0.0000000000000000e+00
4140 1.2717489883229269e-01 -1.1091937244847767e-01 0.0000000000000000e+00
4141 1.3376364997388773e-01 -1.0592533210731270e-01 0.0000000000000000e+00
4142 1.4016193191454610e-01 -1.0055288233709374e-01 0.0000000000000000e+00
4143 1.4634860370694483e-01 -9.4808892509977774e-02 0.0000000000000000e+00
4144 1.5230260414941463e-01 -8.8701627031105193e-02 0.0000000000000000e+00
4145 1.5800323943016084e-01 -8.2240449609997240e-02 0.0000000000000000e+00
4146 1.6343032681385009e-01 -7.5435590257637297e-02 0.0000000000000000e+00
4147 3.3224103870206821e-02 -9.0348339459060567e-02 0.0000000000000000e+00
4148 3.6355597735803373e-02 -9.1205528437423328e-02 0.0000000000000000e+00
4149 3.4217745482164504e-02 -9.2984080578555325e-02 0.0000000000000000e+00
4150 3.8885775393029232e-02 -9.2474803784577425e-02 0.0000000000000000e+00
4151 1.5206232591437949e-02 -8.6999999999999994e-02 0.0000000000000000e+00
4152 1.9650424107421523e-02 -8.6999999999999994e-02 0.0000000000000000e+00
4153 2.8588821353360338e-02 -8.6999999999999994e-02 0.0000000000000000e+00
4154 2.4171179879047364e-02 -8.6999999999999980e-02 0.0000000000000000e+00
4155 3.0124520906310376e-02 -9.0209989506622651e-02 0.0000000000000000e+00
4156 1.2904737942913941e-02 -9.0386004967064601e-02 0.0000000000000000e+00
4157 8.5064627210055099e-03 -9.0442572353492720e-02 0.0000000000000000e+00
4158 4.7407642165387511e-03 -9.0086449632750268e-02 0.0000000000000000e+00
4159 3.4245118729402816e-03 -8.7256616397149198e-02 0.0000000000000000e+00
4160 0.0000000000000000e+00 -8.3776576174661846e-02 0.0000000000000000e+00
4161 4.1458396939874298e-02 -9.3982792288643174e-02 0.0000000000000000e+00
4162 5.3697102793502802e-02 -9.8317166727037733e-02 0.0000000000000000e+00
4163 5.1033926008731571e-02 -9.5929789100381260e-02 0.0000000000000000e+00
4164 4.4324222818562575e-02 -9.5215291532150165e-02 0.0000000000000000e+00
4165 4.7569521476714886e-02 -9.5965915786751718e-02 0.0000000000000000e+00
4166 5.2737705925237945e-02 -1.0157762069997792e-01 0.0000000000000000e+00
4167 5.5306045054210121e-02 -1.0105977078284173e-01 0.0000000000000000e+00
4168 5.8857653853907899e-02 -1.0256554789235030e-01 0.0000000000000000e+00
4169 6.3244742578888749e-02 -1.0459902253546619e-01 0.0000000000000000e+00
4170 6.8366350935628359e-02 -1.0723988556188689e-01 0.0000000000000000e+00
4171 7.4100529399613549e-02 -1.1022479475860555e-01 0.0000000000000000e+00
4172 8.0131195865319346e-02 -1.1329876824239694e-01 0.0000000000000000e+00
4173 8.6499028241500395e-02 -1.1635536867030005e-01 0.0000000000000000e+00
4174 9.3214584023876529e-02 -1.1934456514896531e-01 0.0000000000000000e+00
4175 1.0028131714412883e-01 -1.2223101652520232e-01 0.0000000000000000e+00
4176 1.0770805841279352e-01 -1.2499589654443163e-01 0.0000000000000000e+00
4177 1.1480553969716238e-01 -1.2110719832054391e-01 0.0000000000000000e+00
4178 1.2177405800853193e-01 -1.1682311808524871e-01 0.0000000000000000e+00
4179 1.2859193668854657e-01 -1.1214724212123461e-01 0.0000000000000000e+00
4180 1.3523750797649217e-01 -1.0708438638965170e-01 0.0000000000000000e+00
4181 1.4168927129468895e-01 -1.0164049573263409e-01 0.0000000000000000e+00
4182 1.4792596532535632e-01 -9.5822600190738905e-02 0.0000000000000000e+00
4183 1.5392641455028522e-01 -8.9639132974450669e-02 0.0000000000000000e+00
4184 1.5966981964643476e-01 -8.3099631130799753e-02 0.0000000000000000e+00
4185 3.1592304296110270e-02 -9.3308913958379036e-02 0.0000000000000000e+00
4186 3.6294404599553985e-02 -9.4272876614878612e-02 0.0000000000000000e+00
4187 3.3622316909148076e-02 -9.5784744423035029e-02 0.0000000000000000e+00
4188 3.8761428479409749e-02 -9.6083167856627127e-02 0.0000000000000000e+00
4189 1.7311601125663243e-02 -9.0611635786081654e-02 0.0000000000000000e+00
4190 2.1627993862027527e-02 -9.0595624483989987e-02 0.0000000000000000e+00
4191 2.5968309644517535e-02 -9.0461407033829974e-02 0.0000000000000000e+00
4192 2.8081314453586720e-02 -9.4003244499081609e-02 0.0000000000000000e+00
4193 1.4834440911470773e-02 -9.4062676795290678e-02 0.0000000000000000e+00
4194 1.0944965810851449e-02 -9.3337786600396697e-02 0.0000000000000000e+00
4195 5.6871733198214629e-03 -9.4845192920744836e-02 0.0000000000000000e+00
4196 0.0000000000000000e+00 -9.0936502105185557e-02 0.0000000000000000e+00
4197 4.1622181231665459e-02 -9.7748933088505852e-02 0.0000000000000000e+00
4198 4.9481950349583401e-02 -9.9863261343310167e-02 0.0000000000000000e+00
4199 4.5074345956365398e-02 -9.9125412435079177e-02 0.0000000000000000e+00
4200 5.0466040959339854e-02 -1.0435403451467871e-01 0.0000000000000000e+00
4201 5.4737390469553615e-02 -1.0429387013202127e-01 0.0000000000000000e+00
4202 5.8290628072434819e-02 -1.0744491796341708e-01 0.0000000000000000e+00
4203 6.3107196593350207e-02 -1.1028708786252349e-01 0.0000000000000000e+00
4204 6.8764088931237657e-02 -1.1354388383029106e-01 0.0000000000000000e+00
4205 7.4681538923060412e-02 -1.1693133673441809e-01 0.0000000000000000e+00
4206 8.0915971778002097e-02 -1.2028972897002110e-01 0.0000000000000000e+00
4207 8.7483704009759536e-02 -1.2360003987283613e-01 0.0000000000000000e+00
4208 9.4394233558461618e-02 -1.2683111296561481e-01 0.0000000000000000e+00
4209 1.0166239436232845e-01 -1.2996060007755583e-01 0.0000000000000000e+00
4210 1.0893592627463332e-01 -1.2641293217263594e-01 0.0000000000000000e+00
4211 1.1609944292922982e-01 -1.2246420504618420e-01 0.0000000000000000e+00
4212 1.2313106548972805e-01 -1.1811702191109415e-01 0.0000000000000000e+00
4213 1.3000897454480045e-01 -1.1337511179399157e-01 0.0000000000000000e+00
4214 1.3671136597909658e-01 -1.0824344067199067e-01 0.0000000000000000e+00
4215 1.4321661067483174e-01 -1.0272810912817446e-01 0.0000000000000000e+00
4216 1.4950332694376792e-01 -9.6836307871499994e-02 0.0000000000000000e+00
4217 1.5555022495115578e-01 -9.0576638917796187e-02 0.0000000000000000e+00
4218 3.0095863084971714e-02 -9.7246620167201495e-02 0.0000000000000000e+00
4219 3.5862846675643344e-02 -9.7963637409693619e-02 0.0000000000000000e+00
4220 3.2857045618807833e-02 -9.8916612020557695e-02 0.0000000000000000e+00
4221 3.8447061862359640e-02 -1.0005730615209331e-01 0.0000000000000000e+00
4222 1.9529756738019224e-02 -9.4638645147479508e-02 0.0000000000000000e+00
4223 2.3788560655457203e-02 -9.4810128630957044e-02 0.0000000000000000e+00
4224 2.6358614623615224e-02 -9.8402861696298582e-02 0.0000000000000000e+00
4225 1.6768785374377922e-02 -9.7517378734866864e-02 0.0000000000000000e+00
4226 1.1546798476998866e-02 -9.7884609535854705e-02 0.0000000000000000e+00
4227 7.2027238055622786e-03 -1.0013101486402093e-01 0.0000000000000000e+00
4228 0.0000000000000000e+00 -9.8939590777026645e-02 0.0000000000000000e+00
4229 4.1773051779099651e-02 -1.0212682195751431e-01 0.0000000000000000e+00
4230 4.6026106420475450e-02 -1.0408635871568228e-01 0.0000000000000000e+00
4231 4.8539170814650687e-02 -1.0748039810606173e-01 0.0000000000000000e+00
4232 5.2750803837146990e-02 -1.0876299104734770e-01 0.0000000000000000e+00
4233 5.7586182931706226e-02 -1.1280213518998890e-01 0.0000000000000000e+00
4234 6.3219593055817966e-02 -1.1657711633348862e-01 0.0000000000000000e+00
4235 6.9038267963918654e-02 -1.2028606556274485e-01 0.0000000000000000e+00
4236 7.5126800468428637e-02 -1.2395529289522794e-01 0.0000000000000000e+00
4237 8.1540480899555165e-02 -1.2758500628662608e-01 0.0000000000000000e+00
4238 8.8288887592023357e-02 -1.3115010023661791e-01 0.0000000000000000e+00
4239 9.5388222437105069e-02 -1.3463315720983954e-01 0.0000000000000000e+00
4240 1.0282144575806101e-01 -1.3143445426555428e-01 0.0000000000000000e+00
4241 1.1016379413647318e-01 -1.2782996780084030e-01 0.0000000000000000e+00
4242 1.1739334616129721e-01 -1.2382121177182451e-01 0.0000000000000000e+00
4243 1.2448807297092414e-01 -1.1941092573693958e-01 0.0000000000000000e+00
4244 1.3142601240105439e-01 -1.1460298146674849e-01 0.0000000000000000e+00
4245 1.3818522398170094e-01 -1.0940249495432966e-01 0.0000000000000000e+00
4246 1.4474395005497454e-01 -1.0381572252371479e-01 0.0000000000000000e+00
4247 1.5108068856217938e-01 -9.7850015552261124e-02 0.0000000000000000e+00
4248 3.0010659494170568e-02 -1.0182083162184297e-01 0.0000000000000000e+00
4249 3.4693541930105445e-02 -1.0176722648101531e-01 0.0000000000000000e+00
4250 3.7980404734163822e-02 -1.0466010471868259e-01 0.0000000000000000e+00
4251 2.1041020080133171e-02 -9.9469746607061260e-02 0.0000000000000000e+00
4252 2.4898467327219721e-02 -1.0336081943467314e-01 0.0000000000000000e+00
4253 1.5982480952357714e-02 -1.0199475857210369e-01 0.0000000000000000e+00
4254 1.1076495499824349e-02 -1.0250177133644177e-01 0.0000000000000000e+00
4255 5.5291641466502150e-03 -1.0544344481327989e-01 0.0000000000000000e+00
4256 0.0000000000000000e+00 -1.0724436985000552e-01 0.0000000000000000e+00
4257 4.1494131743444670e-02 -1.0708692990423324e-01 0.0000000000000000e+00
4258 4.5380238258465488e-02 -1.0857426545007252e-01 0.0000000000000000e+00
4259 4.8137555458298779e-02 -1.1166870891834084e-01 0.0000000000000000e+00
4260 5.2480096570176986e-02 -1.1525159411440909e-01 0.0000000000000000e+00
4261 5.7607720311171964e-02 -1.1922105925322528e-01 0.0000000000000000e+00
4262 6.3214101603523032e-02 -1.2332246630215815e-01 0.0000000000000000e+00
4263 6.9149059060354470e-02 -1.2733092479858793e-01 0.0000000000000000e+00
4264 7.5399341474911175e-02 -1.3128349365194089e-01 0.0000000000000000e+00
4265 8.1977383442016091e-02 -1.3517688919437482e-01 0.0000000000000000e+00
4266 8.8899543660741931e-02 -1.3900313355069316e-01 0.0000000000000000e+00
4267 9.6475832019955118e-02 -1.3616049108483852e-01 0.0000000000000000e+00
4268 1.0398049715379364e-01 -1.3290830845355273e-01 0.0000000000000000e+00
4269 1.1139166199831298e-01 -1.2924700342904460e-01 0.0000000000000000e+00
4270 1.1868724939336468e-01 -1.2517821849746480e-01 0.0000000000000000e+00
4271 1.2584508045212026e-01 -1.2070482956278500e-01 0.0000000000000000e+00
4272 1.3284305025730822e-01 -1.1583085113950546e-01 0.0000000000000000e+00
4273 1.3965908198430538e-01 -1.1056154923666865e-01 0.0000000000000000e+00
4274 1.4627128943511741e-01 -1.0490333591925517e-01 0.0000000000000000e+00
4275 2.8052760768802528e-02 -1.0718135188967877e-01 0.0000000000000000e+00
4276 3.3003311818221311e-02 -1.0718492088521279e-01 0.0000000000000000e+00
4277 3.7942359573745046e-02 -1.0970700355535865e-01 0.0000000000000000e+00
4278 1.9960105224573730e-02 -1.0556402168890593e-01 0.0000000000000000e+00
4279 2.3967643772023102e-02 -1.0772610310425119e-01 0.0000000000000000e+00
4280 1.3014958866129241e-02 -1.0814924730884053e-01 0.0000000000000000e+00
4281 2.5850725942908055e-02 -1.1108535729788345e-01 0.0000000000000000e+00
4282 5.6293426168998297e-03 -1.1223967557807439e-01 0.0000000000000000e+00
4283 0.0000000000000000e+00 -1.1554914892298436e-01 0.0000000000000000e+00
4284 4.2714983811215634e-02 -1.1255890163704933e-01 0.0000000000000000e+00
4285 4.6968868337431580e-02 -1.1739605533240983e-01 0.0000000000000000e+00
4286 5.1872060885573210e-02 -1.2175153074450801e-01 0.0000000000000000e+00
4287 5.7252794981877513e-02 -1.2609314281999531e-01 0.0000000000000000e+00
4288 6.3003644717333204e-02 -1.3041523742521322e-01 0.0000000000000000e+00
4289 6.9078082243200972e-02 -1.3468555477570127e-01 0.0000000000000000e+00
4290 7.5474860486953288e-02 -1.3890064023737206e-01 0.0000000000000000e+00
4291 8.2211064574085363e-02 -1.4306061953450211e-01 0.0000000000000000e+00
4292 8.9913246758634227e-02 -1.4058048788061367e-01 0.0000000000000000e+00
4293 9.7563441602805223e-02 -1.3768782495983758e-01 0.0000000000000000e+00
4294 1.0513954854952627e-01 -1.3438216264155126e-01 0.0000000000000000e+00
4295 1.1261952986015289e-01 -1.3066403905724899e-01 0.0000000000000000e+00
4296 1.1998115262543212e-01 -1.2653522522310515e-01 0.0000000000000000e+00
4297 1.2720208793331639e-01 -1.2199873338863039e-01 0.0000000000000000e+00
4298 1.3426008811356216e-01 -1.1705872081226243e-01 0.0000000000000000e+00
4299 1.4113293998690982e-01 -1.1172060351900766e-01 0.0000000000000000e+00
4300 3.0129816842034571e-02 -1.1244289139330829e-01 0.0000000000000000e+00
4301 3.4416957974263668e-02 -1.1241994763912176e-01 0.0000000000000000e+00
4302 3.8046329437504557e-02 -1.1433281011770870e-01 0.0000000000000000e+00
4303 2.0580452612660637e-02 -1.1193232695234073e-01 0.0000000000000000e+00
4304 1.3138091086449300e-02 -1.1586545548502104e-01 0.0000000000000000e+00
4305 2.5836314810781663e-02 -1.1627640567645459e-01 0.0000000000000000e+00
4306 6.2383608806183656e-03 -1.1985941169512357e-01 0.0000000000000000e+00
4307 0.0000000000000000e+00 -1.2385392799596319e-01 0.0000000000000000e+00
4308 4.1039872691668859e-02 -1.1915195676798229e-01 0.0000000000000000e+00
4309 4.5817357862619472e-02 -1.2393807439354620e-01 0.0000000000000000e+00
4310 5.1105527250161736e-02 -1.2860925855346231e-01 0.0000000000000000e+00
4311 5.6700238867383131e-02 -1.3322024371964877e-01 0.0000000000000000e+00
4312 6.2593176641279821e-02 -1.3778892562216052e-01 0.0000000000000000e+00
4313 6.8797981063582356e-02 -1.4231315339164541e-01 0.0000000000000000e+00
4314 7.5337885509764169e-02 -1.4679646796472201e-01 0.0000000000000000e+00
4315 8.3148565326348095e-02 -1.4468442078226945e-01 0.0000000000000000e+00
4316 9.0926949856526565e-02 -1.4215784221053421e-01 0.0000000000000000e+00
4317 9.8651051185655342e-02 -1.3921515883483662e-01 0.0000000000000000e+00
4318 1.0629859994525888e-01 -1.3585601682954968e-01 0.0000000000000000e+00
4319 1.1384739772199269e-01 -1.3208107468545335e-01 0.0000000000000000e+00
4320 1.2127505585749952e-01 -1.2789223194874541e-01 0.0000000000000000e+00
4321 1.2855909541451249e-01 -1.2329263721447585e-01 0.0000000000000000e+00
4322 1.3567712596981599e-01 -1.1828659048501938e-01 0.0000000000000000e+00
4323 3.3090070617602704e-02 -1.1851114481008682e-01 0.0000000000000000e+00
4324 1.9321280360961212e-02 -1.1984191325349622e-01 0.0000000000000000e+00
4325 1.3050095390551361e-02 -1.2396923721691262e-01 0.0000000000000000e+00
4326 2.6045542488522776e-02 -1.2384480035161209e-01 0.0000000000000000e+00
4327 6.5154843115492770e-03 -1.2798747321245249e-01 0.0000000000000000e+00
4328 0.0000000000000000e+00 -1.3215870706894206e-01 0.0000000000000000e+00
4329 3.9128296349597733e-02 -1.2578404333086984e-01 0.0000000000000000e+00
4330 4.4718577640990922e-02 -1.3086096361145902e-01 0.0000000000000000e+00
4331 5.0245468347805890e-02 -1.3575731024436283e-01 0.0000000000000000e+00
4332 5.5964120077410001e-02 -1.4059744855706868e-01 0.0000000000000000e+00
4333 6.1965251226941950e-02 -1.4540979122137104e-01 0.0000000000000000e+00
4334 6.8295253009942491e-02 -1.5020239151327769e-01 0.0000000000000000e+00
4335 7.6197061400719981e-02 -1.4846303709275294e-01 0.0000000000000000e+00
4336 8.4086066078610869e-02 -1.4630822203003679e-01 0.0000000000000000e+00
4337 9.1940652954418903e-02 -1.4373519654045475e-01 0.0000000000000000e+00
4338 9.9738660768505447e-02 -1.4074249270983569e-01 0.0000000000000000e+00
4339 1.0745765134099153e-01 -1.3732987101754821e-01 0.0000000000000000e+00
4340 1.1507526558383253e-01 -1.3349811031365769e-01 0.0000000000000000e+00
4341 1.2256895908956696e-01 -1.2924923867438570e-01 0.0000000000000000e+00
4342 1.2991610289570857e-01 -1.2458654104032127e-01 0.0000000000000000e+00
4343 3.2382087323322727e-02 -1.2802247486061094e-01 0.0000000000000000e+00
4344 1.3347202102502983e-02 -1.3213015239986345e-01 0.0000000000000000e+00
4345 1.9740153601227037e-02 -1.2813101725551901e-01 0.0000000000000000e+00
4346 2.6416492519258143e-02 -1.3161316992722702e-01 0.0000000000000000e+00
4347 6.7015740592979382e-03 -1.3613822763589636e-01 0.0000000000000000e+00
4348 0.0000000000000000e+00 -1.4046348614192092e-01 0.0000000000000000e+00
4349 3.8275272972492148e-02 -1.3297654420926905e-01 0.0000000000000000e+00
4350 4.3719455340762332e-02 -1.3807313579588509e-01 0.0000000000000000e+00
4351 4.9233894782204309e-02 -1.4312561342176705e-01 0.0000000000000000e+00
4352 5.5001150380449455e-02 -1.4819071995856500e-01 0.0000000000000000e+00
4353 6.1099031854650293e-02 -1.5327070270088941e-01 0.0000000000000000e+00
4354 6.9074156604342879e-02 -1.5190795388249462e-01 0.0000000000000000e+00
4355 7.7056237291675864e-02 -1.5012960622078395e-01 0.0000000000000000e+00
4356 8.5023566830873587e-02 -1.4793202327780414e-01 0.0000000000000000e+00
4357 9.2954356052311227e-02 -1.4531255087037526e-01 0.0000000000000000e+00
4358 1.0082627035135557e-01 -1.4226982658483472e-01 0.0000000000000000e+00
4359 1.0861670273672419e-01 -1.3880372520554671e-01 0.0000000000000000e+00
4360 1.1630313344567234e-01 -1.3491514594186207e-01 0.0000000000000000e+00
4361 1.2386286232163445e-01 -1.3060624540002605e-01 0.0000000000000000e+00
4362 1.3459789898493616e-02 -1.3975697373241386e-01 0.0000000000000000e+00
4363 3.2257038749546961e-02 -1.3546961736117383e-01 0.0000000000000000e+00
4364 2.0653827271722849e-02 -1.3665772829318387e-01 0.0000000000000000e+00
4365 2.7183128358240473e-02 -1.3784627869072427e-01 0.0000000000000000e+00
4366 6.6457331038164268e-03 -1.4421766840025185e-01 0.0000000000000000e+00
4367 0.0000000000000000e+00 -1.4876826521489978e-01 0.0000000000000000e+00
4368 0.0000000000000000e+00 -1.5707264737949087e-01 0.0000000000000000e+00
4369 3.7330565244676935e-02 -1.4028447119375614e-01 0.0000000000000000e+00
4370 4.2493313447359266e-02 -1.4539665096263266e-01 0.0000000000000000e+00
4371 4.7942710524785805e-02 -1.5066112088192138e-01 0.0000000000000000e+00
4372 5.3765639904265229e-02 -1.5599441004627343e-01 0.0000000000000000e+00
4373 6.1795897979023517e-02 -1.5501139496588351e-01 0.0000000000000000e+00
4374 6.9853060198743308e-02 -1.5361351625171152e-01 0.0000000000000000e+00
4375 7.7915413182631718e-02 -1.5179617534881495e-01 0.0000000000000000e+00
4376 8.5961067583136402e-02 -1.4955582452557151e-01 0.0000000000000000e+00
4377 9.3968059150203592e-02 -1.4688990520029580e-01 0.0000000000000000e+00
4378 1.0191387993420566e-01 -1.4379716045983379e-01 0.0000000000000000e+00
4379 1.0977575413245677e-01 -1.4027757939354515e-01 0.0000000000000000e+00
4380 1.1753100130751222e-01 -1.3633218157006641e-01 0.0000000000000000e+00
4381 1.3018229896608306e-02 -1.4742944257870777e-01 0.0000000000000000e+00
4382 1.8415840730481282e-02 -1.4343893963012880e-01 0.0000000000000000e+00
4383 3.1241371834426837e-02 -1.4207186319746001e-01 0.0000000000000000e+00
4384 2.4368521343731263e-02 -1.4329390470391329e-01 0.0000000000000000e+00
4385 6.8303136477578944e-03 -1.5277072414570611e-01 0.0000000000000000e+00
4386 5.2480208814709110e-03 -1.5972175760061902e-01 0.0000000000000000e+00
4387 0.0000000000000000e+00 -1.6500000000000001e-01 0.0000000000000000e+00
4388 3.5889232537191049e-02 -1.4737727635755118e-01 0.0000000000000000e+00
4389 4.0823916460296684e-02 -1.5281333835782479e-01 0.0000000000000000e+00
4390 4.6311323734340798e-02 -1.5836748812168827e-01 0.0000000000000000e+00
4391 5.4378891981948729e-02 -1.5776628820673744e-01 0.0000000000000000e+00
4392 6.2492764103396783e-02 -1.5675208723087766e-01 0.0000000000000000e+00
4393 7.0631963793143737e-02 -1.5531907862092842e-01 0.0000000000000000e+00
4394 7.8774589073587559e-02 -1.5346274447684591e-01 0.0000000000000000e+00
4395 8.6898568335399176e-02 -1.5117962577333882e-01 0.0000000000000000e+00
4396 9.4981762248095944e-02 -1.4846725953021633e-01 0.0000000000000000e+00
4397 1.0300148951705577e-01 -1.4532449433483277e-01 0.0000000000000000e+00
4398 1.1093480552818943e-01 -1.4175143358154366e-01 0.0000000000000000e+00
4399 1.4205199450461458e-02 -1.5349996395225862e-01 0.0000000000000000e+00
4400 2.0578835241850380e-02 -1.5005664884242526e-01 0.0000000000000000e+00
4401 2.8600958666807681e-02 -1.4907702998452710e-01 0.0000000000000000e+00
4402 1.1408635373027529e-02 -1.5881935522518481e-01 0.0000000000000000e+00
4403 7.8198405837659052e-03 -1.6481459308339322e-01 0.0000000000000000e+00
4404 -3.0654440191157179e-17 -1.6687499999999997e-01 0.0000000000000000e+00
4405 3.3529703906451880e-02 -1.5464773330310355e-01 0.0000000000000000e+00
4406 3.8751843381496204e-02 -1.6038483293172079e-01 0.0000000000000000e+00
4407 4.6839571813763040e-02 -1.6016653867119576e-01 0.0000000000000000e+00
4408 5.4992144059632257e-02 -1.5953816636720161e-01 0.0000000000000000e+00
4409 6.3189630227770049e-02 -1.5849277949587179e-01 0.0000000000000000e+00
4410 7.1410867387544180e-02 -1.5702464099014535e-01 0.0000000000000000e+00
4411 7.9633764964543413e-02 -1.5512931360487689e-01 0.0000000000000000e+00
4412 8.7836069087661936e-02 -1.5280342702110622e-01 0.0000000000000000e+00
4413 9.5995465345988268e-02 -1.5004461386013687e-01 0.0000000000000000e+00
4414 1.0408909909990589e-01 -1.4685182820983186e-01 0.0000000000000000e+00
4415 1.8678606271098793e-02 -1.5768521049536055e-01 0.0000000000000000e+00
4416 2.5980362702814754e-02 -1.5614034704818050e-01 0.0000000000000000e+00
4417 1.5621618849942381e-02 -1.6425883545339995e-01 0.0000000000000000e+00
4418 7.9090462102672527e-03 -1.6668746987186439e-01 0.0000000000000000e+00
4419 -3.0998872103417379e-17 -1.6874999999999998e-01 0.0000000000000000e+00
4420 3.1105026836967264e-02 -1.6204159128282941e-01 0.0000000000000000e+00
4421 3.9193878591545321e-02 -1.6220698347153412e-01 0.0000000000000000e+00
4422 4.7367819893185288e-02 -1.6196558922070323e-01 0.0000000000000000e+00
4423 5.5605396137315799e-02 -1.6131004452766567e-01 0.0000000000000000e+00
4424 6.3886496352143315e-02 -1.6023347176086589e-01 0.0000000000000000e+00
4425 7.2189770981944609e-02 -1.5873020335936230e-01 0.0000000000000000e+00
4426 8.0492940855499281e-02 -1.5679588273290790e-01 0.0000000000000000e+00
4427 8.8773569839924710e-02 -1.5442722826887351e-01 0.0000000000000000e+00
4428 9.7009168443880647e-02 -1.5162196819005744e-01 0.0000000000000000e+00
4429 2.3389045293712510e-02 -1.6333386838083724e-01 0.0000000000000000e+00
4430 1.5799822432979185e-02 -1.6612534795462897e-01 0.0000000000000000e+00
4431 7.9982518367686314e-03 -1.6856034666033556e-01 0.0000000000000000e+00
4432 -3.1343304015677566e-17 -1.7062499999999997e-01 0.0000000000000000e+00
4433 3.1459845287473753e-02 -1.6388271338772298e-01 0.0000000000000000e+00
4434 3.9635913801594508e-02 -1.6402913401134747e-01 0.0000000000000000e+00
4435 4.7896067972607544e-02 -1.6376463977021077e-01 0.0000000000000000e+00
4436 5.6218648214999320e-02 -1.6308192268812977e-01 0.0000000000000000e+00
4437 6.4583362476516581e-02 -1.6197416402586007e-01 0.0000000000000000e+00
4438 7.2968674576345038e-02 -1.6043576572857915e-01 0.0000000000000000e+00
4439 8.1352116746455136e-02 -1.5846245186093885e-01 0.0000000000000000e+00
4440 8.9711070592187511e-02 -1.5605102951664090e-01 0.0000000000000000e+00
4441 2.3655851972248832e-02 -1.6518978868449005e-01 0.0000000000000000e+00
4442 1.5978026016016021e-02 -1.6799186045585807e-01 0.0000000000000000e+00
4443 8.0874574632700119e-03 -1.7043322344880674e-01 0.0000000000000000e+00
4444 -3.1687735927937765e-17 -1.7249999999999999e-01 0.0000000000000000e+00
4445 3.1814663737980281e-02 -1.6572383549261663e-01 0.0000000000000000e+00
4446 4.0077949011643653e-02 -1.6585128455116077e-01 0.0000000000000000e+00
4447 4.8424316052029813e-02 -1.6556369031971827e-01 0.0000000000000000e+00
4448 5.6831900292682862e-02 -1.6485380084859388e-01 0.0000000000000000e+00
4449 6.5280228600889861e-02 -1.6371485629085422e-01 0.0000000000000000e+00
4450 7.3747578170745440e-02 -1.6214132809779611e-01 0.0000000000000000e+00
4451 8.2211292637411032e-02 -1.6012902098896989e-01 0.0000000000000000e+00
4452 2.3922658650785186e-02 -1.6704570898814292e-01 0.0000000000000000e+00
4453 1.6156229599052861e-02 -1.6985837295708708e-01 0.0000000000000000e+00
4454 8.1766630897713941e-03 -1.7230610023727785e-01 0.0000000000000000e+00
4455 -3.2032167840197952e-17 -1.7437499999999997e-01 0.0000000000000000e+00
4456 3.2169482188486816e-02 -1.6756495759751022e-01 0.0000000000000000e+00
4457 4.0519984221692826e-02 -1.6767343509097407e-01 0.0000000000000000e+00
4458 4.8952564131452075e-02 -1.6736274086922576e-01 0.0000000000000000e+00
4459 5.7445152370366424e-02 -1.6662567900905795e-01 0.0000000000000000e+00
4460 6.5977094725263113e-02 -1.6545554855584832e-01 0.0000000000000000e+00
4461 7.4526481765145924e-02 -1.6384689046701303e-01 0.0000000000000000e+00
4462 2.4189465329321549e-02 -1.6890162929179578e-01 0.0000000000000000e+00
4463 1.6334433182089700e-02 -1.7172488545831613e-01 0.0000000000000000e+00
4464 8.2658687162727729e-03 -1.7417897702574905e-01 0.0000000000000000e+00
4465 -3.2376599752458145e-17 -1.7624999999999996e-01 0.0000000000000000e+00
4466 3.2524300638993350e-02 -1.6940607970240382e-01 0.0000000000000000e+00
4467 4.0962019431742006e-02 -1.6949558563078743e-01 0.0000000000000000e+00
4468 4.9480812210874345e-02 -1.6916179141873333e-01 0.0000000000000000e+00
4469 5.8058404448049931e-02 -1.6839755716952204e-01 0.0000000000000000e+00
4470 6.6673960849636421e-02 -1.6719624082084245e-01 0.0000000000000000e+00
4471 2.4456272007857910e-02 -1.7075754959544856e-01 0.0000000000000000e+00
4472 1.6512636765126539e-02 -1.7359139795954526e-01 0.0000000000000000e+00
4473 8.3550743427741499e-03 -1.7605185381422028e-01 0.0000000000000000e+00
4474 -3.2721031664718338e-17 -1.7812499999999998e-01 0.0000000000000000e+00
4475 3.2879119089499878e-02 -1.7124720180729744e-01 0.0000000000000000e+00
4476 4.1404054641791178e-02 -1.7131773617060075e-01 0.0000000000000000e+00
4477 5.0009060290296593e-02 -1.7096084196824077e-01 0.0000000000000000e+00
4478 5.8671656525733501e-02 -1.7016943532998616e-01 0.0000000000000000e+00
4479 2.4723078686394260e-02 -1.7261346989910142e-01 0.0000000000000000e+00
4480 1.6690840348163382e-02 -1.7545791046077427e-01 0.0000000000000000e+00
4481 8.4442799692755269e-03 -1.7792473060269143e-01 0.0000000000000000e+00
4482 0.0000000000000000e+00 -1.7999999999999999e-01 0.0000000000000000e+00
4483 3.3233937540006406e-02 -1.7308832391219109e-01 0.0000000000000000e+00
4484 4.1846089851840344e-02 -1.7313988671041405e-01 0.0000000000000000e+00
4485 5.0537308369718897e-02 -1.7275989251774829e-01 0.0000000000000000e+00
4486 2.4989885364930620e-02 -1.7446939020275426e-01 0.0000000000000000e+00
4487 1.6869043931200218e-02 -1.7732442296200335e-01 0.0000000000000000e+00
4488 8.5334855957769438e-03 -1.7979760739116263e-01 0.0000000000000000e+00
4489 3.3588755990512954e-02 -1.7492944601708468e-01 0.0000000000000000e+00
4490 4.2288125061889538e-02 -1.7496203725022744e-01 0.0000000000000000e+00
4491 2.5256692043466974e-02 -1.7632531050640715e-01 0.0000000000000000e+00
4492 1.7047247514237085e-02 -1.7919093546323245e-01 0.0000000000000000e+00
4493 3.3943574441019510e-02 -1.7677056812197831e-01 0.0000000000000000e+00
4494 2.5523498722003369e-02 -1.7818123081006002e-01 0.0000000000000000e+00
4495 1.7896111527914843e-01 4.2595683720135329e-03 0.0000000000000000e+00
4496 1.7855583175485162e-01 1.2768788449924851e-02 0.0000000000000000e+00
4497 1.7774614876028444e-01 2.1249236499018935e-02 0.0000000000000000e+00
4498 1.7653374122990889e-01 2.9682592380178868e-02 0.0000000000000000e+00
4499 1.7492121383681927e-01 3.8049748125081370e-02 0.0000000000000000e+00
4500 1.7708717689926207e-01 4.2149655618353710e-03 0.0000000000000000e+00
4501 1.7668613718150239e-01 1.2635083858826153e-02 0.0000000000000000e+00
4502 1.7588493254289922e-01 2.1026731404788366e-02 0.0000000000000000e+00
4503 1.7291227112020491e-01 4.6331002905213511e-02 0.0000000000000000e+00
4504 1.7051173468498718e-01 5.4506594151978151e-02 0.0000000000000000e+00
4505 1.7468522037933387e-01 2.9371779894522540e-02 0.0000000000000000e+00
4506 1.7308957808983685e-01 3.7651321443143343e-02 0.0000000000000000e+00
4507 1.6772509237027070e-01 6.2558086686856473e-02 0.0000000000000000e+00
4508 1.6455847567971693e-01 7.0467921982833331e-02 0.0000000000000000e+00
4509 1.6101905533810984e-01 7.8218182652052159e-02 0.0000000000000000e+00
4510 1.5711491897497429e-01 8.5791159631762079e-02 0.0000000000000000e+00
4511 1.7521323851937567e-01 4.1703627516572195e-03 0.0000000000000000e+00
4512 1.7481644260815316e-01 1.2501379267727467e-02 0.0000000000000000e+00
4513 1.7402371632551406e-01 2.0804226310557804e-02 0.0000000000000000e+00
4514 1.5285486798141312e-01 9.3169789305103390e-02 0.0000000000000000e+00
4515 1.4824850569785780e-01 1.0033743392523509e-01 0.0000000000000000e+00
4516 1.4330632860074310e-01 1.0727775516303367e-01 0.0000000000000000e+00
4517 1.3803954273738328e-01 1.1397501973367859e-01 0.0000000000000000e+00
4518 1.3246003345185758e-01 1.2041411812785754e-01 0.0000000000000000e+00
4519 1.2658044944480756e-01 1.2658044944480748e-01 0.0000000000000000e+00
4520 1.2041411812785761e-01 1.3246003345185753e-01 0.0000000000000000e+00
4521 1.1397501973367863e-01 1.3803954273738325e-01 0.0000000000000000e+00
4522 1.0727775516303371e-01 1.4330632860074305e-01 0.0000000000000000e+00
4523 1.0033743392523514e-01 1.4824850569785775e-01 0.0000000000000000e+00
4524 9.3169789305103445e-02 1.5285486798141310e-01 0.0000000000000000e+00
4525 8.5791159631762107e-02 1.5711491897497426e-01 0.0000000000000000e+00
4526 7.8218182652052215e-02 1.6101905533810976e-01 0.0000000000000000e+00
4527 1.7110167142261112e-01 4.5845861513535875e-02 0.0000000000000000e+00
4528 1.6872627149456845e-01 5.3935844474994082e-02 0.0000000000000000e+00
4529 1.7283669952875894e-01 2.9060967408866226e-02 0.0000000000000000e+00
4530 1.7125794234285444e-01 3.7252894761205330e-02 0.0000000000000000e+00
4531 1.6596880868052960e-01 6.1903028187517653e-02 0.0000000000000000e+00
4532 1.6283535027992929e-01 6.9730037983013082e-02 0.0000000000000000e+00
4533 1.5933299193142803e-01 7.7399144090250560e-02 0.0000000000000000e+00
4534 1.5546973657733057e-01 8.4892822881691254e-02 0.0000000000000000e+00
4535 1.7333930013948928e-01 4.1257599414790680e-03 0.0000000000000000e+00
4536 1.7294674803480392e-01 1.2367674676628778e-02 0.0000000000000000e+00
4537 1.7216250010812895e-01 2.0581721216327245e-02 0.0000000000000000e+00
4538 1.5125429344757635e-01 9.2194189417091815e-02 0.0000000000000000e+00
4539 1.4669616532405824e-01 9.9286780166855659e-02 0.0000000000000000e+00
4540 1.4180573877246305e-01 1.0615442788383961e-01 0.0000000000000000e+00
4541 1.3659410249929552e-01 1.1278156402966100e-01 0.0000000000000000e+00
4542 1.3107301739477006e-01 1.1915323730976479e-01 0.0000000000000000e+00
4543 1.2525499971240120e-01 1.2525499971240112e-01 0.0000000000000000e+00
4544 1.1915323730976488e-01 1.3107301739477001e-01 0.0000000000000000e+00
4545 1.1278156402966105e-01 1.3659410249929549e-01 0.0000000000000000e+00
4546 1.0615442788383964e-01 1.4180573877246302e-01 0.0000000000000000e+00
4547 9.9286780166855715e-02 1.4669616532405816e-01 0.0000000000000000e+00
4548 9.2194189417091885e-02 1.5125429344757629e-01 0.0000000000000000e+00
4549 8.4892822881691296e-02 1.5546973657733057e-01 0.0000000000000000e+00
4550 7.0467921982833401e-02 1.6455847567971688e-01 0.0000000000000000e+00
4551 7.7399144090250629e-02 1.5933299193142800e-01 0.0000000000000000e+00
4552 6.2558086686856529e-02 1.6772509237027061e-01 0.0000000000000000e+00
4553 5.4506594151978220e-02 1.7051173468498715e-01 0.0000000000000000e+00
4554 1.6929107172501737e-01 4.5360720121858260e-02 0.0000000000000000e+00
4555 1.6694080830414973e-01 5.3365094798010021e-02 0.0000000000000000e+00
4556 1.7098817867818397e-01 2.8750154923209908e-02 0.0000000000000000e+00
4557 1.6942630659587199e-01 3.6854468079267309e-02 0.0000000000000000e+00
4558 1.6421252499078856e-01 6.1247969688178847e-02 0.0000000000000000e+00
4559 1.6111222488014171e-01 6.8992153983192861e-02 0.0000000000000000e+00
4560 1.5764692852474627e-01 7.6580105528448975e-02 0.0000000000000000e+00
4561 1.5382455417968688e-01 8.3994486131620444e-02 0.0000000000000000e+00
4562 1.7146536175960292e-01 4.0811571313009165e-03 0.0000000000000000e+00
4563 1.7107705346145469e-01 1.2233970085530094e-02 0.0000000000000000e+00
4564 1.7030128389074373e-01 2.0359216122096686e-02 0.0000000000000000e+00
4565 1.4965371891373955e-01 9.1218589529080268e-02 0.0000000000000000e+00
4566 1.4514382495025865e-01 9.8236126408476218e-02 0.0000000000000000e+00
4567 1.4030514894418306e-01 1.0503110060464556e-01 0.0000000000000000e+00
4568 1.3514866226120775e-01 1.1158810832564343e-01 0.0000000000000000e+00
4569 1.2968600133768254e-01 1.1789235649167205e-01 0.0000000000000000e+00
4570 1.2392954997999484e-01 1.2392954997999478e-01 0.0000000000000000e+00
4571 1.1789235649167212e-01 1.2968600133768252e-01 0.0000000000000000e+00
4572 1.1158810832564348e-01 1.3514866226120770e-01 0.0000000000000000e+00
4573 1.0503110060464557e-01 1.4030514894418300e-01 0.0000000000000000e+00
4574 9.8236126408476260e-02 1.4514382495025865e-01 0.0000000000000000e+00
4575 9.1218589529080310e-02 1.4965371891373952e-01 0.0000000000000000e+00
4576 8.3994486131620485e-02 1.5382455417968685e-01 0.0000000000000000e+00
4577 6.9730037983013166e-02 1.6283535027992929e-01 0.0000000000000000e+00
4578 7.6580105528449030e-02 1.5764692852474627e-01 0.0000000000000000e+00
4579 6.1903028187517709e-02 1.6596880868052954e-01 0.0000000000000000e+00
4580 4.6331002905213581e-02 1.7291227112020494e-01 0.0000000000000000e+00
4581 5.3935844474994152e-02 1.6872627149456842e-01 0.0000000000000000e+00
4582 3.8049748125081440e-02 1.7492121383681924e-01 0.0000000000000000e+00
4583 2.9682592380178934e-02 1.7653374122990886e-01 0.0000000000000000e+00
4584 1.6748047202742361e-01 4.4875578730180637e-02 0.0000000000000000e+00
4585 1.6515534511373101e-01 5.2794345121025966e-02 0.0000000000000000e+00
4586 1.6913965782760901e-01 2.8439342437553590e-02 0.0000000000000000e+00
4587 1.6759467084888963e-01 3.6456041397329289e-02 0.0000000000000000e+00
4588 1.6245624130104749e-01 6.0592911188840040e-02 0.0000000000000000e+00
4589 1.5938909948035410e-01 6.8254269983372626e-02 0.0000000000000000e+00
4590 1.5596086511806445e-01 7.5761066966647389e-02 0.0000000000000000e+00
4591 1.5217937178204310e-01 8.3096149381549647e-02 0.0000000000000000e+00
4592 1.6959142337971661e-01 4.0365543211227650e-03 0.0000000000000000e+00
4593 1.6920735888810548e-01 1.2100265494431408e-02 0.0000000000000000e+00
4594 1.6844006767335851e-01 2.0136711027866131e-02 0.0000000000000000e+00
4595 1.4805314437990275e-01 9.0242989641068722e-02 0.0000000000000000e+00
4596 1.4359148457645909e-01 9.7185472650096805e-02 0.0000000000000000e+00
4597 1.3880455911590300e-01 1.0390777332545148e-01 0.0000000000000000e+00
4598 1.3370322202311996e-01 1.1039465262162586e-01 0.0000000000000000e+00
4599 1.2829898528059502e-01 1.1663147567357930e-01 0.0000000000000000e+00
4600 1.2260410024758847e-01 1.2260410024758842e-01 0.0000000000000000e+00
4601 1.1663147567357936e-01 1.2829898528059497e-01 0.0000000000000000e+00
4602 1.1039465262162589e-01 1.3370322202311991e-01 0.0000000000000000e+00
4603 1.0390777332545148e-01 1.3880455911590298e-01 0.0000000000000000e+00
4604 9.7185472650096832e-02 1.4359148457645909e-01 0.0000000000000000e+00
4605 9.0242989641068749e-02 1.4805314437990272e-01 0.0000000000000000e+00
4606 8.3096149381549661e-02 1.5217937178204316e-01 0.0000000000000000e+00
4607 6.8992153983192916e-02 1.6111222488014168e-01 0.0000000000000000e+00
4608 7.5761066966647417e-02 1.5596086511806445e-01 0.0000000000000000e+00
4609 6.1247969688178888e-02 1.6421252499078851e-01 0.0000000000000000e+00
4610 4.5845861513535952e-02 1.7110167142261115e-01 0.0000000000000000e+00
4611 5.3365094798010076e-02 1.6694080830414967e-01 0.0000000000000000e+00
4612 3.7651321443143412e-02 1.7308957808983683e-01 0.0000000000000000e+00
4613 2.1249236499018991e-02 1.7774614876028441e-01 0.0000000000000000e+00
4614 2.9371779894522613e-02 1.7468522037933387e-01 0.0000000000000000e+00
4615 1.2768788449924897e-02 1.7855583175485162e-01 0.0000000000000000e+00
4616 1.6566987232982983e-01 4.4390437338503008e-02 0.0000000000000000e+00
4617 1.6336988192331225e-01 5.2223595444041905e-02 0.0000000000000000e+00
4618 1.6729113697703407e-01 2.8128529951897283e-02 0.0000000000000000e+00
4619 1.6576303510190724e-01 3.6057614715391276e-02 0.0000000000000000e+00
4620 1.6069995761130640e-01 5.9937852689501248e-02 0.0000000000000000e+00
4621 1.5766597408056643e-01 6.7516385983552391e-02 0.0000000000000000e+00
4622 1.5427480171138264e-01 7.4942028404845817e-02 0.0000000000000000e+00
4623 1.5053418938439941e-01 8.2197812631478837e-02 0.0000000000000000e+00
4624 1.6771748499983019e-01 3.9919515109446135e-03 0.0000000000000000e+00
4625 1.6733766431475625e-01 1.1966560903332722e-02 0.0000000000000000e+00
4626 1.6657885145597334e-01 1.9914205933635569e-02 0.0000000000000000e+00
4627 1.4645256984606594e-01 8.9267389753057175e-02 0.0000000000000000e+00
4628 1.4203914420265953e-01 9.6134818891717405e-02 0.0000000000000000e+00
4629 1.3730396928762295e-01 1.0278444604625742e-01 0.0000000000000000e+00
4630 1.3225778178503217e-01 1.0920119691760828e-01 0.0000000000000000e+00
4631 1.2691196922350750e-01 1.1537059485548656e-01 0.0000000000000000e+00
4632 1.2127865051518208e-01 1.2127865051518208e-01 0.0000000000000000e+00
4633 1.1537059485548659e-01 1.2691196922350748e-01 0.0000000000000000e+00
4634 1.0920119691760831e-01 1.3225778178503214e-01 0.0000000000000000e+00
4635 1.0278444604625742e-01 1.3730396928762295e-01 0.0000000000000000e+00
4636 9.6134818891717405e-02 1.4203914420265953e-01 0.0000000000000000e+00
4637 8.9267389753057175e-02 1.4645256984606594e-01 0.0000000000000000e+00
4638 8.2197812631478850e-02 1.5053418938439944e-01 0.0000000000000000e+00
4639 6.8254269983372653e-02 1.5938909948035407e-01 0.0000000000000000e+00
4640 7.4942028404845817e-02 1.5427480171138269e-01 0.0000000000000000e+00
4641 6.0592911188840068e-02 1.6245624130104747e-01 0.0000000000000000e+00
4642 4.5360720121858322e-02 1.6929107172501737e-01 0.0000000000000000e+00
4643 5.2794345121026008e-02 1.6515534511373101e-01 0.0000000000000000e+00
4644 3.7252894761205385e-02 1.7125794234285444e-01 0.0000000000000000e+00
4645 2.1026731404788432e-02 1.7588493254289922e-01 0.0000000000000000e+00
4646 2.9060967408866288e-02 1.7283669952875891e-01 0.0000000000000000e+00
4647 1.2635083858826215e-02 1.7668613718150236e-01 0.0000000000000000e+00
4648 4.2595683720135866e-03 1.7896111527914843e-01 0.0000000000000000e+00
4649 1.6385927263223604e-01 4.3905295946825393e-02 0.0000000000000000e+00
4650 1.6158441873289356e-01 5.1652845767057851e-02 0.0000000000000000e+00
4651 1.6544261612645905e-01 2.7817717466240961e-02 0.0000000000000000e+00
4652 1.6393139935492482e-01 3.5659188033453249e-02 0.0000000000000000e+00
4653 1.5894367392156536e-01 5.9282794190162448e-02 0.0000000000000000e+00
4654 1.5594284868077884e-01 6.6778501983732155e-02 0.0000000000000000e+00
4655 1.5258873830470088e-01 7.4122989843044218e-02 0.0000000000000000e+00
4656 1.4888900698675570e-01 8.1299475881408040e-02 0.0000000000000000e+00
4657 1.6584354661994383e-01 3.9473487007664707e-03 0.0000000000000000e+00
4658 1.6546796974140698e-01 1.1832856312234047e-02 0.0000000000000000e+00
4659 1.6471763523858818e-01 1.9691700839405017e-02 0.0000000000000000e+00
4660 1.4485199531222917e-01 8.8291789865045614e-02 0.0000000000000000e+00
4661 1.4048680382885997e-01 9.5084165133337992e-02 0.0000000000000000e+00
4662 1.3580337945934295e-01 1.0166111876706337e-01 0.0000000000000000e+00
4663 1.3081234154694438e-01 1.0800774121359072e-01 0.0000000000000000e+00
4664 1.2552495316641998e-01 1.1410971403739383e-01 0.0000000000000000e+00
4665 1.1995320078277573e-01 1.1995320078277572e-01 0.0000000000000000e+00
4666 1.1410971403739384e-01 1.2552495316641998e-01 0.0000000000000000e+00
4667 1.0800774121359072e-01 1.3081234154694435e-01 0.0000000000000000e+00
4668 1.0166111876706332e-01 1.3580337945934293e-01 0.0000000000000000e+00
4669 9.5084165133337964e-02 1.4048680382886003e-01 0.0000000000000000e+00
4670 8.8291789865045614e-02 1.4485199531222917e-01 0.0000000000000000e+00
4671 8.1299475881408040e-02 1.4888900698675572e-01 0.0000000000000000e+00
4672 6.7516385983552391e-02 1.5766597408056643e-01 0.0000000000000000e+00
4673 7.4122989843044218e-02 1.5258873830470093e-01 0.0000000000000000e+00
4674 5.9937852689501254e-02 1.6069995761130640e-01 0.0000000000000000e+00
4675 4.4875578730180679e-02 1.6748047202742361e-01 0.0000000000000000e+00
4676 5.2223595444041933e-02 1.6336988192331228e-01 0.0000000000000000e+00
4677 3.6854468079267351e-02 1.6942630659587202e-01 0.0000000000000000e+00
4678 2.0804226310557866e-02 1.7402371632551406e-01 0.0000000000000000e+00
4679 2.8750154923209963e-02 1.7098817867818394e-01 0.0000000000000000e+00
4680 1.2501379267727522e-02 1.7481644260815313e-01 0.0000000000000000e+00
4681 4.2149655618354473e-03 1.7708717689926204e-01 0.0000000000000000e+00
4682 1.6204867293464228e-01 4.3420154555147777e-02 0.0000000000000000e+00
4683 1.5979895554247486e-01 5.1082096090073803e-02 0.0000000000000000e+00
4684 1.6359409527588412e-01 2.7506904980584654e-02 0.0000000000000000e+00
4685 1.6209976360794243e-01 3.5260761351515242e-02 0.0000000000000000e+00
4686 1.5718739023182432e-01 5.8627735690823649e-02 0.0000000000000000e+00
4687 1.5421972328099123e-01 6.6040617983911920e-02 0.0000000000000000e+00
4688 1.5090267489801912e-01 7.3303951281242646e-02 0.0000000000000000e+00
4689 1.4724382458911200e-01 8.0401139131337229e-02 0.0000000000000000e+00
4690 1.6473973581495233e-01 3.9210716322441545e-03 0.0000000000000000e+00
4691 1.6436614828641699e-01 1.1754055827598142e-02 0.0000000000000000e+00
4692 1.6362017902340675e-01 1.9560494026712727e-02 0.0000000000000000e+00
4693 1.4325142077839240e-01 8.7316189977034067e-02 0.0000000000000000e+00
4694 1.3893446345506044e-01 9.4033511374958550e-02 0.0000000000000000e+00
4695 1.3430278963106290e-01 1.0053779148786929e-01 0.0000000000000000e+00
4696 1.2936690130885659e-01 1.0681428550957314e-01 0.0000000000000000e+00
4697 1.2413793710933248e-01 1.1284883321930107e-01 0.0000000000000000e+00
4698 1.1862775105036935e-01 1.1862775105036936e-01 0.0000000000000000e+00
4699 1.1284883321930111e-01 1.2413793710933246e-01 0.0000000000000000e+00
4700 1.0681428550957313e-01 1.2936690130885659e-01 0.0000000000000000e+00
4701 1.0053779148786926e-01 1.3430278963106290e-01 0.0000000000000000e+00
4702 9.4033511374958537e-02 1.3893446345506044e-01 0.0000000000000000e+00
4703 8.7316189977034053e-02 1.4325142077839240e-01 0.0000000000000000e+00
4704 8.0401139131337229e-02 1.4724382458911200e-01 0.0000000000000000e+00
4705 6.6778501983732141e-02 1.5594284868077884e-01 0.0000000000000000e+00
4706 7.3303951281242619e-02 1.5090267489801912e-01 0.0000000000000000e+00
4707 5.9282794190162434e-02 1.5894367392156533e-01 0.0000000000000000e+00
4708 4.4390437338503029e-02 1.6566987232982983e-01 0.0000000000000000e+00
4709 5.1652845767057851e-02 1.6158441873289353e-01 0.0000000000000000e+00
4710 3.6456041397329310e-02 1.6759467084888963e-01 0.0000000000000000e+00
4711 2.0581721216327297e-02 1.7216250010812889e-01 0.0000000000000000e+00
4712 2.8439342437553632e-02 1.6913965782760901e-01 0.0000000000000000e+00
4713 1.2367674676628830e-02 1.7294674803480389e-01 0.0000000000000000e+00
4714 4.1703627516572932e-03 1.7521323851937570e-01 0.0000000000000000e+00
4715 1.6023807323704853e-01 4.2935013163470162e-02 0.0000000000000000e+00
4716 1.5801349235205614e-01 5.0511346413089755e-02 0.0000000000000000e+00
4717 1.6250330269500154e-01 2.7323485092899759e-02 0.0000000000000000e+00
4718 1.6101790974010205e-01 3.5025417960688095e-02 0.0000000000000000e+00
4719 1.5543110654208325e-01 5.7972677191484849e-02 0.0000000000000000e+00
4720 1.5249659788120362e-01 6.5302733984091685e-02 0.0000000000000000e+00
4721 1.4921661149133736e-01 7.2484912719441061e-02 0.0000000000000000e+00
4722 1.4559864219146829e-01 7.9502802381266446e-02 0.0000000000000000e+00
4723 1.4165084624455559e-01 8.6340590089022534e-02 0.0000000000000000e+00
4724 1.3738212308126085e-01 9.2982857616579137e-02 0.0000000000000000e+00
4725 1.3280219980278285e-01 9.9414464208675224e-02 0.0000000000000000e+00
4726 1.2792146107076879e-01 1.0562082980555557e-01 0.0000000000000000e+00
4727 1.2275092105224494e-01 1.1158795240120833e-01 0.0000000000000000e+00
4728 1.1730230131796297e-01 1.1730230131796301e-01 0.0000000000000000e+00
4729 1.1158795240120833e-01 1.2275092105224500e-01 0.0000000000000000e+00
4730 1.0562082980555557e-01 1.2792146107076882e-01 0.0000000000000000e+00
4731 9.9414464208675168e-02 1.3280219980278291e-01 0.0000000000000000e+00
4732 9.2982857616579095e-02 1.3738212308126088e-01 0.0000000000000000e+00
4733 8.6340590089022479e-02 1.4165084624455562e-01 0.0000000000000000e+00
4734 7.9502802381266405e-02 1.4559864219146831e-01 0.0000000000000000e+00
4735 6.6040617983911892e-02 1.5421972328099123e-01 0.0000000000000000e+00
4736 7.2484912719441019e-02 1.4921661149133736e-01 0.0000000000000000e+00
4737 5.8627735690823607e-02 1.5718739023182429e-01 0.0000000000000000e+00
4738 4.3905295946825393e-02 1.6385927263223607e-01 0.0000000000000000e+00
4739 5.1082096090073768e-02 1.5979895554247484e-01 0.0000000000000000e+00
4740 3.6057614715391283e-02 1.6576303510190726e-01 0.0000000000000000e+00
4741 2.0359216122096728e-02 1.7030128389074373e-01 0.0000000000000000e+00
4742 2.8128529951897296e-02 1.6729113697703407e-01 0.0000000000000000e+00
4743 1.2233970085530135e-02 1.7107705346145469e-01 0.0000000000000000e+00
4744 4.1257599414791382e-03 1.7333930013948931e-01 0.0000000000000000e+00
4745 1.5916766398681856e-01 4.2648190494098251e-02 0.0000000000000000e+00
4746 1.5695710412003791e-01 5.0173646506318406e-02 0.0000000000000000e+00
4747 1.5439131457197763e-01 5.7584847703580869e-02 0.0000000000000000e+00
4748 1.5147592559108378e-01 6.4865651122621534e-02 0.0000000000000000e+00
4749 1.4821750856022009e-01 7.1999573909626288e-02 0.0000000000000000e+00
4750 1.4462348084917037e-01 7.8970320741819561e-02 0.0000000000000000e+00
4751 1.4070192236546059e-01 8.5762188703466968e-02 0.0000000000000000e+00
4752 1.3646165498914237e-01 9.2359865158755647e-02 0.0000000000000000e+00
4753 1.3191232447654699e-01 9.8748310633551634e-02 0.0000000000000000e+00
4754 1.2706423127806218e-01 1.0491304050195598e-01 0.0000000000000000e+00
4755 1.2192830520075247e-01 1.1084014468208959e-01 0.0000000000000000e+00
4756 1.1651618529802052e-01 1.1651618520953322e-01 0.0000000000000000e+00
4757 1.1084014158094070e-01 1.2192830181287467e-01 0.0000000000000000e+00
4758 1.0491304833752851e-01 1.2706424139305508e-01 0.0000000000000000e+00
4759 9.8748350711748312e-02 1.3191237954798207e-01 0.0000000000000000e+00
4760 9.2359957444181282e-02 1.3646179389132831e-01 0.0000000000000000e+00
4761 8.5762340546827728e-02 1.4070217457086792e-01 0.0000000000000000e+00
4762 7.8970508804688755e-02 1.4462382684277472e-01 0.0000000000000000e+00
4763 6.5302733984091643e-02 1.5249659788120362e-01 0.0000000000000000e+00
4764 7.1999722978976749e-02 1.4821781059296374e-01 0.0000000000000000e+00
4765 5.7972677191484780e-02 1.5543110654208328e-01 0.0000000000000000e+00
4766 4.3420154555147764e-02 1.6204867293464231e-01 0.0000000000000000e+00
4767 5.0511346413089700e-02 1.5801349235205617e-01 0.0000000000000000e+00
4768 3.5659188033453249e-02 1.6393139935492484e-01 0.0000000000000000e+00
4769 2.0136711027866155e-02 1.6844006767335853e-01 0.0000000000000000e+00
4770 2.7817717466240965e-02 1.6544261612645908e-01 0.0000000000000000e+00
4771 1.2100265494431443e-02 1.6920735888810545e-01 0.0000000000000000e+00
4772 4.0811571313009842e-03 1.7146536175960295e-01 0.0000000000000000e+00
4773 6.4865635123877136e-02 1.5147586975018745e-01 0.0000000000000000e+00
4774 5.7584523972492370e-02 1.5439040563971573e-01 0.0000000000000000e+00
4775 4.2935013163470113e-02 1.6023807323704858e-01 0.0000000000000000e+00
4776 5.0172953253823552e-02 1.5695487540781219e-01 0.0000000000000000e+00
4777 3.5260761351515207e-02 1.6209976360794243e-01 0.0000000000000000e+00
4778 1.9914205933635583e-02 1.6657885145597331e-01 0.0000000000000000e+00
4779 2.7506904980584626e-02 1.6359409527588412e-01 0.0000000000000000e+00
4780 1.1966560903332750e-02 1.6733766431475619e-01 0.0000000000000000e+00
4781 4.0365543211228309e-03 1.6959142337971655e-01 0.0000000000000000e+00
4782 4.2647326849361983e-02 1.5916441700815259e-01 0.0000000000000000e+00
4783 3.5024917087109371e-02 1.6101576582181071e-01 0.0000000000000000e+00
4784 1.9691700839405007e-02 1.6471763523858815e-01 0.0000000000000000e+00
4785 2.7323793721108616e-02 1.6250558074117660e-01 0.0000000000000000e+00
4786 1.1832856312234045e-02 1.6546796974140698e-01 0.0000000000000000e+00
4787 3.9919515109446786e-03 1.6771748499983019e-01 0.0000000000000000e+00
4788 1.9561398279572272e-02 1.6362830307699841e-01 0.0000000000000000e+00
4789 1.1754897069571946e-02 1.6437832506248665e-01 0.0000000000000000e+00
4790 3.9473487007665124e-03 1.6584354661994385e-01 0.0000000000000000e+00
4791 3.9213915188348793e-03 1.6475298151353876e-01 0.0000000000000000e+00
4792 7.8154822018787984e-02 6.2181366341847394e-03 0.0000000000000000e+00
4793 8.0218136634184742e-02 4.1548220187879745e-03 0.0000000000000000e+00
4794 7.7746151000546548e-02 5.6065166373796844e-03 0.0000000000000000e+00
4795 7.5458977415514272e-02 7.3347920309110269e-03 0.0000000000000000e+00
4796 7.9606516637379693e-02 3.7461510005465360e-03 0.0000000000000000e+00
4797 8.1334792030911027e-02 1.4589774155142621e-03 0.0000000000000000e+00
4798 7.5315471440217788e-02 6.6133370770509268e-03 0.0000000000000000e+00
4799 7.2541022584485748e-02 7.3347920309110269e-03 0.0000000000000000e+00
4800 8.0613337077050928e-02 1.3154714402177775e-03 0.0000000000000000e+00
4801 7.2684528559782233e-02 6.6133370770509259e-03 0.0000000000000000e+00
4802 6.9845177981212037e-02 6.2181366341847403e-03 0.0000000000000000e+00
4803 1.9009667043553325e-02 -5.4337500000000011e-02 0.0000000000000000e+00
4804 1.8900000000000000e-02 -5.4337500000000004e-02 0.0000000000000000e+00
4805 7.0253848999453472e-02 5.6065166373796826e-03 0.0000000000000000e+00
4806 6.7781863365815265e-02 4.1548220187879745e-03 0.0000000000000000e+00
4807 1.8900000000000000e-02 -5.4812500000000007e-02 0.0000000000000000e+00
4808 1.9009917742675100e-02 -5.4812500000000007e-02 0.0000000000000000e+00
4809 1.9030934539370645e-02 -5.4337489177556410e-02 0.0000000000000000e+00
4810 1.9009327351310754e-02 -5.3862500000000008e-02 0.0000000000000000e+00
4811 1.8700000000000001e-02 -5.4337499999999997e-02 0.0000000000000000e+00
4812 1.8900000000000000e-02 -5.3862500000000001e-02 0.0000000000000000e+00
4813 6.8393483362620328e-02 3.7461510005465338e-03 0.0000000000000000e+00
4814 6.6665207969088980e-02 1.4589774155142625e-03 0.0000000000000000e+00
4815 1.9010086162790190e-02 -5.5287500000000003e-02 0.0000000000000000e+00
4816 1.8700000000000001e-02 -5.4812500000000000e-02 0.0000000000000000e+00
4817 1.8900000000000000e-02 -5.5287500000000003e-02 0.0000000000000000e+00
4818 1.9031736776560320e-02 -5.4812489770867251e-02 0.0000000000000000e+00
4819 1.9032275720928606e-02 -5.5287492985009401e-02 0.0000000000000000e+00
4820 1.9056455534351424e-02 -5.4337451251851507e-02 0.0000000000000000e+00
4821 1.9029847524194413e-02 -5.3862524770718796e-02 0.0000000000000000e+00
4822 1.9010339633225404e-02 -5.3387500000000004e-02 0.0000000000000000e+00
4823 1.8700000000000001e-02 -5.3862499999999994e-02 0.0000000000000000e+00
4824 1.8499999999999999e-02 -5.4337499999999997e-02 0.0000000000000000e+00
4825 1.8900000000000000e-02 -5.3387499999999997e-02 0.0000000000000000e+00
4826 6.7386662922949078e-02 1.3154714402177777e-03 0.0000000000000000e+00
4827 6.4875781250000014e-02 -1.2285937499999999e-03 0.0000000000000000e+00
4828 6.1877343750000008e-02 -3.6857812500000007e-03 0.0000000000000000e+00
4829 5.8878906250000002e-02 -6.1429687500000017e-03 0.0000000000000000e+00
4830 5.5880468749999995e-02 -8.6001562500000010e-03 0.0000000000000000e+00
4831 5.2882031250000003e-02 -1.1057343750000004e-02 0.0000000000000000e+00
4832 1.9010191719925493e-02 -5.5762500000000000e-02 0.0000000000000000e+00
4833 1.9032613503761581e-02 -5.5762495941996698e-02 0.0000000000000000e+00
4834 1.8499999999999999e-02 -5.4812500000000000e-02 0.0000000000000000e+00
4835 1.8349999999999998e-02 -5.4812500000000000e-02 0.0000000000000000e+00
4836 1.8700000000000001e-02 -5.5287499999999989e-02 0.0000000000000000e+00
4837 1.8900000000000000e-02 -5.5762499999999993e-02 0.0000000000000000e+00
4838 1.9057919617222582e-02 -5.4812452793485018e-02 0.0000000000000000e+00
4839 1.9058903190694705e-02 -5.5287467468697830e-02 0.0000000000000000e+00
4840 1.9059519644364885e-02 -5.5762481214390237e-02 0.0000000000000000e+00
4841 1.9087080728328362e-02 -5.4337373428382955e-02 0.0000000000000000e+00
4842 1.9054471731654803e-02 -5.3862612975696507e-02 0.0000000000000000e+00
4843 1.9033086826321283e-02 -5.3387694165490447e-02 0.0000000000000000e+00
4844 1.9014093722340079e-02 -5.2912500000000008e-02 0.0000000000000000e+00
4845 1.8700000000000001e-02 -5.3387499999999997e-02 0.0000000000000000e+00
4846 1.8499999999999999e-02 -5.3862499999999994e-02 0.0000000000000000e+00
4847 1.8349999999999995e-02 -5.4337499999999997e-02 0.0000000000000000e+00
4848 1.8900000000000000e-02 -5.2912500000000001e-02 0.0000000000000000e+00
4849 4.9883593750000003e-02 -1.3514531250000003e-02 0.0000000000000000e+00
4850 1.8249999999999999e-02 -5.4812500000000000e-02 0.0000000000000000e+00
4851 4.4285156249999999e-02 -1.8724218750000000e-02 0.0000000000000000e+00
4852 4.7330468750000007e-02 -1.6227656250000000e-02 0.0000000000000000e+00
4853 6.5602343750000014e-02 -1.2482812499999994e-03 0.0000000000000000e+00
4854 5.0375781250000001e-02 -1.3731093749999999e-02 0.0000000000000000e+00
4855 6.2557031250000006e-02 -3.7448437499999999e-03 0.0000000000000000e+00
4856 5.9511718750000005e-02 -6.2414062499999996e-03 0.0000000000000000e+00
4857 5.6466406250000004e-02 -8.7379687500000001e-03 0.0000000000000000e+00
4858 5.3421093750000009e-02 -1.1234531250000002e-02 0.0000000000000000e+00
4859 1.9010246840945599e-02 -5.6237500000000003e-02 0.0000000000000000e+00
4860 1.9032789891025921e-02 -5.6237499683131173e-02 0.0000000000000000e+00
4861 1.8499999999999999e-02 -5.5287499999999989e-02 0.0000000000000000e+00
4862 1.8349999999999998e-02 -5.5287499999999989e-02 0.0000000000000000e+00
4863 1.8700000000000001e-02 -5.5762499999999993e-02 0.0000000000000000e+00
4864 1.8900000000000000e-02 -5.6237499999999996e-02 0.0000000000000000e+00
4865 1.9089339026017296e-02 -5.4812373534990723e-02 0.0000000000000000e+00
4866 1.9090856154414027e-02 -5.5287412298157951e-02 0.0000000000000000e+00
4867 1.9059841551122305e-02 -5.6237498635556167e-02 0.0000000000000000e+00
4868 1.9091807013088845e-02 -5.5762449468604876e-02 0.0000000000000000e+00
4869 1.9123830961100687e-02 -5.4337239737600553e-02 0.0000000000000000e+00
4870 1.9084020780607273e-02 -5.3862798300723103e-02 0.0000000000000000e+00
4871 1.9060383458036342e-02 -5.3388316701387648e-02 0.0000000000000000e+00
4872 1.9045099911488249e-02 -5.2913782761387924e-02 0.0000000000000000e+00
4873 1.9025184510943181e-02 -5.2444484776224452e-02 0.0000000000000000e+00
4874 1.9119479639350234e-02 -5.3863136236455625e-02 0.0000000000000000e+00
4875 1.8250000000000002e-02 -5.5287499999999989e-02 0.0000000000000000e+00
4876 1.8700000000000001e-02 -5.2912500000000001e-02 0.0000000000000000e+00
4877 1.8499999999999999e-02 -5.3387499999999997e-02 0.0000000000000000e+00
4878 1.8349999999999998e-02 -5.3862499999999994e-02 0.0000000000000000e+00
4879 1.8249999999999995e-02 -5.4337499999999997e-02 0.0000000000000000e+00
4880 1.8900000000000004e-02 -5.2437499999999998e-02 0.0000000000000000e+00
4881 4.1239843749999998e-02 -2.1220781250000001e-02 0.0000000000000000e+00
4882 4.6885156250000004e-02 -1.5971718750000002e-02 0.0000000000000000e+00
4883 4.3886718750000005e-02 -1.8428906250000005e-02 0.0000000000000000e+00
4884 1.7999999999999999e-02 -5.5287500000000003e-02 0.0000000000000000e+00
4885 1.8000000000000002e-02 -5.4812500000000014e-02 0.0000000000000000e+00
4886 1.9010213116115119e-02 -5.6712499999999999e-02 0.0000000000000000e+00
4887 1.9032681971568377e-02 -5.6712505662729021e-02 0.0000000000000000e+00
4888 1.9059644598112283e-02 -5.6712526301988239e-02 0.0000000000000000e+00
4889 1.8500000000000003e-02 -5.5762499999999993e-02 0.0000000000000000e+00
4890 1.8349999999999998e-02 -5.5762499999999993e-02 0.0000000000000000e+00
4891 1.8700000000000001e-02 -5.6237499999999996e-02 0.0000000000000000e+00
4892 1.8900000000000000e-02 -5.6712499999999999e-02 0.0000000000000000e+00
4893 1.9127042316570954e-02 -5.4812229648890945e-02 0.0000000000000000e+00
4894 1.9129199710877211e-02 -5.5287310938055841e-02 0.0000000000000000e+00
4895 1.9092303543237963e-02 -5.6237496691892416e-02 0.0000000000000000e+00
4896 1.9130551855557603e-02 -5.5762391335371933e-02 0.0000000000000000e+00
4897 1.9167931240427476e-02 -5.4337017901845391e-02 0.0000000000000000e+00
4898 1.9081312818887551e-02 -5.2459225541624008e-02 0.0000000000000000e+00
4899 1.9093139416094411e-02 -5.3389458790719664e-02 0.0000000000000000e+00
4900 1.9082307338466054e-02 -5.2916950878043406e-02 0.0000000000000000e+00
4901 1.9132446565764093e-02 -5.3391309752070841e-02 0.0000000000000000e+00
4902 1.9162030269841791e-02 -5.3863623526658161e-02 0.0000000000000000e+00
4903 1.8250000000000002e-02 -5.5762499999999993e-02 0.0000000000000000e+00
4904 1.8000000000000002e-02 -5.5762500000000000e-02 0.0000000000000000e+00
4905 1.8700000000000005e-02 -5.2437499999999991e-02 0.0000000000000000e+00
4906 1.7999999999999999e-02 -5.4337500000000011e-02 0.0000000000000000e+00
4907 1.8499999999999999e-02 -5.2912500000000001e-02 0.0000000000000000e+00
4908 1.8349999999999998e-02 -5.3387499999999997e-02 0.0000000000000000e+00
4909 1.8249999999999999e-02 -5.3862499999999994e-02 0.0000000000000000e+00
4910 1.8700000000000005e-02 -5.1974999999999993e-02 0.0000000000000000e+00
4911 3.8194531249999997e-02 -2.3717343750000001e-02 0.0000000000000000e+00
4912 4.0888281249999998e-02 -2.0886093750000004e-02 0.0000000000000000e+00
4913 3.7889843749999999e-02 -2.3343281250000004e-02 0.0000000000000000e+00
4914 1.7789566119900398e-02 -5.5287500000000003e-02 0.0000000000000000e+00
4915 1.7789827072962238e-02 -5.4337500000000011e-02 0.0000000000000000e+00
4916 1.7789674041607247e-02 -5.4812500000000014e-02 0.0000000000000000e+00
4917 1.7789546497206599e-02 -5.5762500000000007e-02 0.0000000000000000e+00
4918 1.7789620434342474e-02 -5.6237500000000003e-02 0.0000000000000000e+00
4919 1.9091999749964970e-02 -5.6712571053070732e-02 0.0000000000000000e+00
4920 1.9010032091654153e-02 -5.7187500000000002e-02 0.0000000000000000e+00
4921 1.9032102693293283e-02 -5.7187512705201546e-02 0.0000000000000000e+00
4922 1.9058587415260238e-02 -5.7187558602065064e-02 0.0000000000000000e+00
4923 1.8499999999999999e-02 -5.6237499999999996e-02 0.0000000000000000e+00
4924 1.8349999999999998e-02 -5.6237499999999996e-02 0.0000000000000000e+00
4925 1.8700000000000001e-02 -5.6712499999999999e-02 0.0000000000000000e+00
4926 1.8900000000000000e-02 -5.7187500000000002e-02 0.0000000000000000e+00
4927 1.9172286265235348e-02 -5.4811987706267926e-02 0.0000000000000000e+00
4928 1.9175211978633030e-02 -5.5287138938741237e-02 0.0000000000000000e+00
4929 1.9131257933776760e-02 -5.6237493800738496e-02 0.0000000000000000e+00
4930 1.9177045666520110e-02 -5.5762293145856873e-02 0.0000000000000000e+00
4931 1.9130825932188199e-02 -5.6712653528814286e-02 0.0000000000000000e+00
4932 1.9213091026431657e-02 -5.3864208240539141e-02 0.0000000000000000e+00
4933 1.9220851575619625e-02 -5.4336654679723477e-02 0.0000000000000000e+00
4934 1.9126956250839416e-02 -5.2920704088523021e-02 0.0000000000000000e+00
4935 1.9179615145367711e-02 -5.3393392432618855e-02 0.0000000000000000e+00
4936 1.8250000000000002e-02 -5.6237499999999996e-02 0.0000000000000000e+00
4937 1.7999999999999999e-02 -5.6237499999999996e-02 0.0000000000000000e+00
4938 1.8500000000000003e-02 -5.2437499999999991e-02 0.0000000000000000e+00
4939 1.7999999999999999e-02 -5.3862499999999994e-02 0.0000000000000000e+00
4940 1.8349999999999998e-02 -5.2912499999999994e-02 0.0000000000000000e+00
4941 1.8249999999999999e-02 -5.3387499999999997e-02 0.0000000000000000e+00
4942 1.7790043588123611e-02 -5.3862500000000008e-02 0.0000000000000000e+00
4943 1.8700000000000001e-02 -5.1525000000000008e-02 0.0000000000000000e+00
4944 1.8500000000000003e-02 -5.1975000000000000e-02 0.0000000000000000e+00
4945 3.5149218750000003e-02 -2.6213906250000002e-02 0.0000000000000000e+00
4946 3.4891406250000000e-02 -2.5800468750000007e-02 0.0000000000000000e+00
4947 1.7789744741943114e-02 -5.6712499999999999e-02 0.0000000000000000e+00
4948 1.7766611583681282e-02 -5.5287496782733293e-02 0.0000000000000000e+00
4949 1.7767446633479164e-02 -5.4337494794850949e-02 0.0000000000000000e+00
4950 1.7766956933143199e-02 -5.4812493662983623e-02 0.0000000000000000e+00
4951 1.7766548791061123e-02 -5.5762501341191976e-02 0.0000000000000000e+00
4952 1.7766785389895928e-02 -5.6237505021576054e-02 0.0000000000000000e+00
4953 1.7767183174217979e-02 -5.6712507030181498e-02 0.0000000000000000e+00
4954 1.9090369081620585e-02 -5.7187656885330729e-02 0.0000000000000000e+00
4955 1.9009691585984256e-02 -5.7662500000000005e-02 0.0000000000000000e+00
4956 1.9031013075149615e-02 -5.7662514835397173e-02 0.0000000000000000e+00
4957 1.9056598862148048e-02 -5.7662567311189392e-02 0.0000000000000000e+00
4958 1.8499999999999999e-02 -5.6712499999999999e-02 0.0000000000000000e+00
4959 1.8349999999999998e-02 -5.6712499999999999e-02 0.0000000000000000e+00
4960 1.8700000000000001e-02 -5.7187499999999995e-02 0.0000000000000000e+00
4961 1.8900000000000000e-02 -5.7662499999999998e-02 0.0000000000000000e+00
4962 1.9226579003632616e-02 -5.4811598288365938e-02 0.0000000000000000e+00
4963 1.9230426699940018e-02 -5.5286860443131795e-02 0.0000000000000000e+00
4964 1.9178003202423310e-02 -5.6237490176517385e-02 0.0000000000000000e+00
4965 1.9232838239675122e-02 -5.5762135084391824e-02 0.0000000000000000e+00
4966 1.9128507081253004e-02 -5.7187835198425546e-02 0.0000000000000000e+00
4967 1.9177417350856069e-02 -5.6712793999939073e-02 0.0000000000000000e+00
4968 1.9274363934339497e-02 -5.3863961740245721e-02 0.0000000000000000e+00
4969 1.9284355977850200e-02 -5.4335899980186605e-02 0.0000000000000000e+00
4970 1.8250000000000002e-02 -5.6712499999999999e-02 0.0000000000000000e+00
4971 1.8000000000000002e-02 -5.6712499999999999e-02 0.0000000000000000e+00
4972 1.7768139481995564e-02 -5.3862539603678428e-02 0.0000000000000000e+00
4973 1.8350000000000002e-02 -5.2437499999999991e-02 0.0000000000000000e+00
4974 1.7999999999999999e-02 -5.3387500000000004e-02 0.0000000000000000e+00
4975 1.8249999999999999e-02 -5.2912500000000001e-02 0.0000000000000000e+00
4976 1.7788746377219892e-02 -5.3387500000000018e-02 0.0000000000000000e+00
4977 1.8500000000000003e-02 -5.1525000000000008e-02 0.0000000000000000e+00
4978 1.8350000000000002e-02 -5.1974999999999993e-02 0.0000000000000000e+00
4979 3.2103906250000008e-02 -2.8710468750000002e-02 0.0000000000000000e+00
4980 3.1892968750000000e-02 -2.8257656250000006e-02 0.0000000000000000e+00
4981 1.7789892941778726e-02 -5.7187500000000002e-02 0.0000000000000000e+00
4982 1.7767657413691931e-02 -5.7187508671617676e-02 0.0000000000000000e+00
4983 1.7739066140218342e-02 -5.5287485176373767e-02 0.0000000000000000e+00
4984 1.7740590106099473e-02 -5.4337478030963372e-02 0.0000000000000000e+00
4985 1.7739696402986341e-02 -5.4812470984407946e-02 0.0000000000000000e+00
4986 1.7738951543686550e-02 -5.5762506187309532e-02 0.0000000000000000e+00
4987 1.7739383336560065e-02 -5.6237523219741722e-02 0.0000000000000000e+00
4988 1.7740109292947812e-02 -5.6712532563873992e-02 0.0000000000000000e+00
4989 1.7740974779987775e-02 -5.7187539953202006e-02 0.0000000000000000e+00
4990 1.9087301806546164e-02 -5.7662676453263367e-02 0.0000000000000000e+00
4991 1.9124145339823907e-02 -5.7662867430323138e-02 0.0000000000000000e+00
4992 1.9009275200936402e-02 -5.8137500000000002e-02 0.0000000000000000e+00
4993 1.9029680642996479e-02 -5.8137479857799497e-02 0.0000000000000000e+00
4994 1.9054167173468570e-02 -5.8137408347237372e-02 0.0000000000000000e+00
4995 1.8499999999999999e-02 -5.7187500000000002e-02 0.0000000000000000e+00
4996 1.8349999999999998e-02 -5.7187499999999995e-02 0.0000000000000000e+00
4997 1.8700000000000001e-02 -5.7662499999999992e-02 0.0000000000000000e+00
4998 1.8900000000000000e-02 -5.8137500000000002e-02 0.0000000000000000e+00
4999 1.9291730289709336e-02 -5.4810955553066538e-02 0.0000000000000000e+00
5000 1.9296684365508396e-02 -5.5286417225579032e-02 0.0000000000000000e+00
5001 1.9234097524799168e-02 -5.6237486646472004e-02 0.0000000000000000e+00
5002 1.9299789327461132e-02 -5.5761887563082119e-02 0.0000000000000000e+00
5003 1.9174272680811906e-02 -5.7188134543112112e-02 0.0000000000000000e+00
5004 1.9168357579757198e-02 -5.7663185660529630e-02 0.0000000000000000e+00
5005 1.9233327053257514e-02 -5.6713022416249426e-02 0.0000000000000000e+00
5006 1.8250000000000002e-02 -5.7187500000000002e-02 0.0000000000000000e+00
5007 1.8000000000000002e-02 -5.7187500000000002e-02 0.0000000000000000e+00
5008 1.7741854554641907e-02 -5.3862679874767103e-02 0.0000000000000000e+00
5009 1.7763988407103661e-02 -5.3387750687556773e-02 0.0000000000000000e+00
5010 1.8250000000000002e-02 -5.2437499999999991e-02 0.0000000000000000e+00
5011 1.7999999999999999e-02 -5.2912500000000008e-02 0.0000000000000000e+00
5012 1.7784265275418671e-02 -5.2912500000000015e-02 0.0000000000000000e+00
5013 1.8250000000000002e-02 -5.1975000000000000e-02 0.0000000000000000e+00
5014 1.8349999999999998e-02 -5.1525000000000008e-02 0.0000000000000000e+00
5015 2.9058593750000007e-02 -3.1207031250000003e-02 0.0000000000000000e+00
5016 2.0700000000000000e-02 -4.4200000000000003e-02 0.0000000000000000e+00
5017 1.8349999999999998e-02 -4.5350000000000001e-02 0.0000000000000000e+00
5018 1.9166666666666665e-02 -4.4400000000000002e-02 0.0000000000000000e+00
5019 2.8894531250000001e-02 -3.0714843750000005e-02 0.0000000000000000e+00
5020 1.7790095268384060e-02 -5.7662499999999998e-02 0.0000000000000000e+00
5021 1.7768304858829003e-02 -5.7662507819430310e-02 0.0000000000000000e+00
5022 1.7742156367362930e-02 -5.7662534327219475e-02 0.0000000000000000e+00
5023 1.7706011608062813e-02 -5.5287460386389889e-02 0.0000000000000000e+00
5024 1.7708362273243849e-02 -5.4337447245372789e-02 0.0000000000000000e+00
5025 1.7706983766798110e-02 -5.4812423088574418e-02 0.0000000000000000e+00
5026 1.7705834846837066e-02 -5.5762516574450888e-02 0.0000000000000000e+00
5027 1.7710778177603644e-02 -5.7662586734101941e-02 0.0000000000000000e+00
5028 1.7706500872557034e-02 -5.6237562370426257e-02 0.0000000000000000e+00
5029 1.7707620635423610e-02 -5.6712587654089514e-02 0.0000000000000000e+00
5030 1.7708955619542787e-02 -5.7187606797035294e-02 0.0000000000000000e+00
5031 1.9083551010035078e-02 -5.8137258817274703e-02 0.0000000000000000e+00
5032 1.9118811613914891e-02 -5.8136986480406758e-02 0.0000000000000000e+00
5033 1.9010188548092232e-02 -5.8612499999999998e-02 0.0000000000000000e+00
5034 1.9032603353895141e-02 -5.8612318346971781e-02 0.0000000000000000e+00
5035 1.9059501120858632e-02 -5.8611736685298829e-02 0.0000000000000000e+00
5036 1.8499999999999999e-02 -5.7662499999999992e-02 0.0000000000000000e+00
5037 1.8349999999999998e-02 -5.7662499999999992e-02 0.0000000000000000e+00
5038 1.8700000000000001e-02 -5.8137499999999995e-02 0.0000000000000000e+00
5039 1.8900000000000000e-02 -5.8612500000000005e-02 0.0000000000000000e+00
5040 1.9301410711650199e-02 -5.6237486317096158e-02 0.0000000000000000e+00
5041 1.9161124338570666e-02 -5.8136608157476059e-02 0.0000000000000000e+00
5042 1.9229191400282585e-02 -5.7188615031576351e-02 0.0000000000000000e+00
5043 1.9221412267677145e-02 -5.7663702997353149e-02 0.0000000000000000e+00
5044 1.9211899608157595e-02 -5.8136193518421843e-02 0.0000000000000000e+00
5045 1.9300418696139250e-02 -5.6713388795969849e-02 0.0000000000000000e+00
5046 2.0700000000000000e-02 -4.4400000000000009e-02 0.0000000000000000e+00
5047 2.2233333333333334e-02 -4.4199999999999996e-02 0.0000000000000000e+00
5048 2.3750000000000000e-02 -4.3699999999999989e-02 0.0000000000000000e+00
5049 2.5249999999999998e-02 -4.2699999999999988e-02 0.0000000000000000e+00
5050 1.8250000000000002e-02 -5.7662499999999992e-02 0.0000000000000000e+00
5051 1.8000000000000002e-02 -5.7662499999999998e-02 0.0000000000000000e+00
5052 1.7710312641817515e-02 -5.3862974646085762e-02 0.0000000000000000e+00
5053 1.7734278842964184e-02 -5.3388564188212542e-02 0.0000000000000000e+00
5054 1.7749648881339751e-02 -5.2914102904477636e-02 0.0000000000000000e+00
5055 1.8000000000000002e-02 -5.2437499999999998e-02 0.0000000000000000e+00
5056 1.7771532940794060e-02 -5.2445402263290128e-02 0.0000000000000000e+00
5057 1.8349999999999998e-02 -4.7050000000000008e-02 0.0000000000000000e+00
5058 1.8250000000000002e-02 -5.1525000000000008e-02 0.0000000000000000e+00
5059 1.8349999999999998e-02 -5.0450000000000002e-02 0.0000000000000000e+00
5060 1.8349999999999998e-02 -4.8750000000000009e-02 0.0000000000000000e+00
5061 1.8249999999999999e-02 -4.5350000000000001e-02 0.0000000000000000e+00
5062 2.6013281250000006e-02 -3.3703593749999997e-02 0.0000000000000000e+00
5063 1.9166666666666665e-02 -4.4199999999999996e-02 0.0000000000000000e+00
5064 1.8349999999999998e-02 -4.4399999999999995e-02 0.0000000000000000e+00
5065 2.5896093750000005e-02 -3.3172031250000004e-02 0.0000000000000000e+00
5066 2.2897656250000009e-02 -3.5629218750000011e-02 0.0000000000000000e+00
5067 1.7790360319042180e-02 -5.8137500000000002e-02 0.0000000000000000e+00
5068 1.7769153020934982e-02 -5.8137466659657286e-02 0.0000000000000000e+00
5069 1.7743704263206345e-02 -5.8137348678365383e-02 0.0000000000000000e+00
5070 1.7713165753931982e-02 -5.8137100974334104e-02 0.0000000000000000e+00
5071 1.7666346169476176e-02 -5.5287415543173707e-02 0.0000000000000000e+00
5072 1.7669688873817098e-02 -5.4337402206867350e-02 0.0000000000000000e+00
5073 1.7667728603372231e-02 -5.4812337917391693e-02 0.0000000000000000e+00
5074 1.7676519542802742e-02 -5.8136649502066914e-02 0.0000000000000000e+00
5075 1.7666094810617684e-02 -5.5762535496920604e-02 0.0000000000000000e+00
5076 1.7673124349892502e-02 -5.7662672671169882e-02 0.0000000000000000e+00
5077 1.7667041915753391e-02 -5.6237633918886164e-02 0.0000000000000000e+00
5078 1.7668634246394574e-02 -5.6712688606055196e-02 0.0000000000000000e+00
5079 1.7670532627008802e-02 -5.7187727596596696e-02 0.0000000000000000e+00
5080 1.7672462346428247e-02 -5.3863511822332011e-02 0.0000000000000000e+00
5081 6.5125000000000016e-02 -4.4200000000000003e-02 0.0000000000000000e+00
5082 6.3375000000000015e-02 -4.4200000000000003e-02 0.0000000000000000e+00
5083 6.1625000000000006e-02 -4.4200000000000003e-02 0.0000000000000000e+00
5084 5.9875000000000005e-02 -4.4200000000000003e-02 0.0000000000000000e+00
5085 1.9091778441214822e-02 -5.8610672755548460e-02 0.0000000000000000e+00
5086 1.9130511225642247e-02 -5.8608953362630369e-02 0.0000000000000000e+00
5087 1.9013755517020389e-02 -5.9087500000000001e-02 0.0000000000000000e+00
5088 1.9044017654465239e-02 -5.9086272051614958e-02 0.0000000000000000e+00
5089 1.9080332219399063e-02 -5.9083236617145603e-02 0.0000000000000000e+00
5090 1.8499999999999999e-02 -5.8137500000000002e-02 0.0000000000000000e+00
5091 1.8349999999999998e-02 -5.8137499999999995e-02 0.0000000000000000e+00
5092 1.8700000000000001e-02 -5.8612499999999998e-02 0.0000000000000000e+00
5093 1.8900000000000000e-02 -5.9087500000000001e-02 0.0000000000000000e+00
5094 1.9176990566955161e-02 -5.8607054043837571e-02 0.0000000000000000e+00
5095 1.9295093863647403e-02 -5.7189397311071678e-02 0.0000000000000000e+00
5096 1.9285077893181082e-02 -5.7664692141543086e-02 0.0000000000000000e+00
5097 1.9272829931661913e-02 -5.8136674155015056e-02 0.0000000000000000e+00
5098 2.2233333333333334e-02 -4.4399999999999995e-02 0.0000000000000000e+00
5099 2.3750000000000000e-02 -4.3900000000000002e-02 0.0000000000000000e+00
5100 2.5249999999999998e-02 -4.2900000000000001e-02 0.0000000000000000e+00
5101 2.6749999999999996e-02 -4.2699999999999988e-02 0.0000000000000000e+00
5102 1.8250000000000002e-02 -5.8137500000000002e-02 0.0000000000000000e+00
5103 1.8000000000000002e-02 -5.8137499999999995e-02 0.0000000000000000e+00
5104 1.7698627365996807e-02 -5.3390068028657034e-02 0.0000000000000000e+00
5105 1.7708109208445046e-02 -5.2918086946363747e-02 0.0000000000000000e+00
5106 1.7708062502708323e-02 -5.2462145683769765e-02 0.0000000000000000e+00
5107 1.8249999999999999e-02 -4.7050000000000008e-02 0.0000000000000000e+00
5108 1.8250000000000002e-02 -5.0450000000000002e-02 0.0000000000000000e+00
5109 1.8249999999999999e-02 -4.8750000000000009e-02 0.0000000000000000e+00
5110 1.8249999999999999e-02 -4.4399999999999995e-02 0.0000000000000000e+00
5111 2.2967968750000012e-02 -3.6200156250000004e-02 0.0000000000000000e+00
5112 1.8349999999999998e-02 -4.4199999999999996e-02 0.0000000000000000e+00
5113 1.9899218750000003e-02 -3.8086406250000003e-02 0.0000000000000000e+00
5114 1.7789173711690698e-02 -5.8612499999999998e-02 0.0000000000000000e+00
5115 1.7765355877410238e-02 -5.8612275663786004e-02 0.0000000000000000e+00
5116 1.7736774476273684e-02 -5.8611548555540460e-02 0.0000000000000000e+00
5117 1.7702476794909820e-02 -5.8610205718502506e-02 0.0000000000000000e+00
5118 1.7618747643172214e-02 -5.5287340725682775e-02 0.0000000000000000e+00
5119 1.7623280794504995e-02 -5.4337331498359176e-02 0.0000000000000000e+00
5120 1.7620622407261175e-02 -5.4812197343638278e-02 0.0000000000000000e+00
5121 1.7661319577273186e-02 -5.8608026171893673e-02 0.0000000000000000e+00
5122 1.7632544089447658e-02 -5.8135981664264418e-02 0.0000000000000000e+00
5123 1.7618406767154423e-02 -5.5762567351819552e-02 0.0000000000000000e+00
5124 1.7627939756639129e-02 -5.7662813262212391e-02 0.0000000000000000e+00
5125 1.7619691167589026e-02 -5.6237754531326747e-02 0.0000000000000000e+00
5126 1.7621850579559721e-02 -5.6712859427190031e-02 0.0000000000000000e+00
5127 1.7624425035968023e-02 -5.7187930010166720e-02 0.0000000000000000e+00
5128 1.7627041991961127e-02 -5.3864314718196686e-02 0.0000000000000000e+00
5129 1.7655845593635960e-02 -5.3392509186194925e-02 0.0000000000000000e+00
5130 6.5125000000000002e-02 -4.4400000000000002e-02 0.0000000000000000e+00
5131 6.3375000000000001e-02 -4.4400000000000009e-02 0.0000000000000000e+00
5132 6.1625000000000006e-02 -4.4400000000000009e-02 0.0000000000000000e+00
5133 5.8249999999999996e-02 -4.4700000000000004e-02 0.0000000000000000e+00
5134 5.9875000000000012e-02 -4.4400000000000002e-02 0.0000000000000000e+00
5135 1.9123909697319651e-02 -5.9079646462142692e-02 0.0000000000000000e+00
5136 1.9024712762522780e-02 -5.9555618964433260e-02 0.0000000000000000e+00
5137 1.9079789844958221e-02 -5.9541119157771591e-02 0.0000000000000000e+00
5138 1.8349999999999998e-02 -5.8612500000000005e-02 0.0000000000000000e+00
5139 1.8499999999999999e-02 -5.8612499999999998e-02 0.0000000000000000e+00
5140 1.8900000000000004e-02 -5.9562500000000004e-02 0.0000000000000000e+00
5141 1.8699999999999998e-02 -5.9087499999999994e-02 0.0000000000000000e+00
5142 2.6749999999999996e-02 -4.2900000000000001e-02 0.0000000000000000e+00
5143 2.8250000000000001e-02 -4.3699999999999989e-02 0.0000000000000000e+00
5144 5.0750000000000003e-02 -4.2700000000000002e-02 0.0000000000000000e+00
5145 5.2249999999999998e-02 -4.3699999999999996e-02 0.0000000000000000e+00
5146 5.3749999999999999e-02 -4.4699999999999997e-02 0.0000000000000000e+00
5147 5.5250000000000000e-02 -4.5700000000000005e-02 0.0000000000000000e+00
5148 5.6750000000000002e-02 -4.5700000000000005e-02 0.0000000000000000e+00
5149 1.8250000000000002e-02 -5.8612499999999998e-02 0.0000000000000000e+00
5150 1.8000000000000002e-02 -5.8612499999999998e-02 0.0000000000000000e+00
5151 1.7658261600971399e-02 -5.2922881028831734e-02 0.0000000000000000e+00
5152 1.8249999999999999e-02 -4.4199999999999996e-02 0.0000000000000000e+00
5153 1.9922656250000004e-02 -3.8696718749999998e-02 0.0000000000000000e+00
5154 1.8349999999999998e-02 -4.3139999999999998e-02 0.0000000000000000e+00
5155 1.8349999999999998e-02 -3.9315000000000003e-02 0.0000000000000000e+00
5156 1.7785006298238617e-02 -5.9087500000000001e-02 0.0000000000000000e+00
5157 1.7752020154363585e-02 -5.9086034856864630e-02 0.0000000000000000e+00
5158 1.7712436781713539e-02 -5.9082401835416722e-02 0.0000000000000000e+00
5159 1.7664936734533489e-02 -5.9078053117455828e-02 0.0000000000000000e+00
5160 1.7572537566600578e-02 -5.3865358328202564e-02 0.0000000000000000e+00
5161 1.7561629411607462e-02 -5.5287221763665219e-02 0.0000000000000000e+00
5162 1.7567591099330468e-02 -5.4337210568316453e-02 0.0000000000000000e+00
5163 1.7564094971927909e-02 -5.4811974591005543e-02 0.0000000000000000e+00
5164 1.7611930916109225e-02 -5.8605521194356559e-02 0.0000000000000000e+00
5165 1.7579773545421555e-02 -5.8135132309604653e-02 0.0000000000000000e+00
5166 1.7561181114998509e-02 -5.5762618481166870e-02 0.0000000000000000e+00
5167 1.7573718244735081e-02 -5.7663046384670062e-02 0.0000000000000000e+00
5168 1.7562870269791784e-02 -5.6237948343591207e-02 0.0000000000000000e+00
5169 1.7565710179357905e-02 -5.6713135170033839e-02 0.0000000000000000e+00
5170 1.7569095926719083e-02 -5.7188255071988540e-02 0.0000000000000000e+00
5171 1.7604507466802942e-02 -5.3395345952122711e-02 0.0000000000000000e+00
5172 5.8249999999999996e-02 -4.4899999999999995e-02 0.0000000000000000e+00
5173 1.8349999999999998e-02 -5.9087499999999994e-02 0.0000000000000000e+00
5174 1.8499999999999999e-02 -5.9087499999999994e-02 0.0000000000000000e+00
5175 1.8700000000000005e-02 -5.9562500000000004e-02 0.0000000000000000e+00
5176 2.8250000000000001e-02 -4.3900000000000002e-02 0.0000000000000000e+00
5177 2.9749999999999999e-02 -4.4699999999999990e-02 0.0000000000000000e+00
5178 4.9250000000000002e-02 -4.2700000000000002e-02 0.0000000000000000e+00
5179 5.0750000000000003e-02 -4.2900000000000008e-02 0.0000000000000000e+00
5180 5.2249999999999998e-02 -4.3900000000000002e-02 0.0000000000000000e+00
5181 5.3749999999999999e-02 -4.4899999999999995e-02 0.0000000000000000e+00
5182 5.5249999999999994e-02 -4.5900000000000010e-02 0.0000000000000000e+00
5183 5.6749999999999995e-02 -4.5900000000000010e-02 0.0000000000000000e+00
5184 3.7249999999999998e-02 -4.2700000000000002e-02 0.0000000000000000e+00
5185 3.5750000000000004e-02 -4.3699999999999996e-02 0.0000000000000000e+00
5186 3.4250000000000003e-02 -4.4699999999999997e-02 0.0000000000000000e+00
5187 1.8000000000000002e-02 -5.9087499999999994e-02 0.0000000000000000e+00
5188 1.8250000000000002e-02 -5.9087499999999994e-02 0.0000000000000000e+00
5189 1.8249999999999999e-02 -4.3139999999999998e-02 0.0000000000000000e+00
5190 1.8349999999999998e-02 -3.9945000000000001e-02 0.0000000000000000e+00
5191 1.8349999999999998e-02 -4.1220000000000000e-02 0.0000000000000000e+00
5192 1.8250000000000002e-02 -3.9315000000000003e-02 0.0000000000000000e+00
5193 1.7772878034409391e-02 -5.9554957545186790e-02 0.0000000000000000e+00
5194 1.7712410312463518e-02 -5.9539016911127715e-02 0.0000000000000000e+00
5195 1.7507132256167922e-02 -5.3865612671167989e-02 0.0000000000000000e+00
5196 1.7493087533729759e-02 -5.5287031247234428e-02 0.0000000000000000e+00
5197 1.7500763465121041e-02 -5.4336797210862139e-02 0.0000000000000000e+00
5198 1.7496262049527995e-02 -5.4811590156341065e-02 0.0000000000000000e+00
5199 1.7516448892590231e-02 -5.8135077530265172e-02 0.0000000000000000e+00
5200 1.7492510332411417e-02 -5.5762696615733409e-02 0.0000000000000000e+00
5201 1.7508652430450227e-02 -5.7663616344064431e-02 0.0000000000000000e+00
5202 1.7494685192435095e-02 -5.6238251291923835e-02 0.0000000000000000e+00
5203 1.7498341699115721e-02 -5.6713573302022702e-02 0.0000000000000000e+00
5204 1.7502700995620356e-02 -5.7188799893125405e-02 0.0000000000000000e+00
5205 1.8350000000000002e-02 -5.9562500000000004e-02 0.0000000000000000e+00
5206 1.8499999999999999e-02 -5.9562500000000004e-02 0.0000000000000000e+00
5207 1.8700000000000005e-02 -6.0024999999999995e-02 0.0000000000000000e+00
5208 3.1250000000000000e-02 -4.5700000000000005e-02 0.0000000000000000e+00
5209 3.2750000000000001e-02 -4.5699999999999998e-02 0.0000000000000000e+00
5210 2.9749999999999999e-02 -4.4899999999999995e-02 0.0000000000000000e+00
5211 4.7750000000000001e-02 -4.3699999999999996e-02 0.0000000000000000e+00
5212 4.9250000000000002e-02 -4.2900000000000001e-02 0.0000000000000000e+00
5213 4.6250000000000006e-02 -4.4699999999999990e-02 0.0000000000000000e+00
5214 3.8750000000000000e-02 -4.2700000000000002e-02 0.0000000000000000e+00
5215 3.7249999999999998e-02 -4.2900000000000008e-02 0.0000000000000000e+00
5216 4.0249999999999994e-02 -4.3699999999999996e-02 0.0000000000000000e+00
5217 4.1750000000000002e-02 -4.4699999999999997e-02 0.0000000000000000e+00
5218 3.5749999999999997e-02 -4.3900000000000002e-02 0.0000000000000000e+00
5219 3.4250000000000003e-02 -4.4899999999999995e-02 0.0000000000000000e+00
5220 1.8000000000000002e-02 -5.9562500000000004e-02 0.0000000000000000e+00
5221 1.8250000000000002e-02 -5.9562500000000004e-02 0.0000000000000000e+00
5222 1.8249999999999999e-02 -3.9945000000000001e-02 0.0000000000000000e+00
5223 1.8250000000000002e-02 -4.1220000000000000e-02 0.0000000000000000e+00
5224 1.6881053600768539e-02 -3.8264762276440663e-02 0.0000000000000000e+00
5225 1.8700000000000001e-02 -6.0474999999999994e-02 0.0000000000000000e+00
5226 1.8350000000000002e-02 -6.0024999999999988e-02 0.0000000000000000e+00
5227 1.8500000000000003e-02 -6.0024999999999995e-02 0.0000000000000000e+00
5228 3.1249999999999997e-02 -4.5899999999999996e-02 0.0000000000000000e+00
5229 3.2750000000000001e-02 -4.5899999999999996e-02 0.0000000000000000e+00
5230 4.7750000000000001e-02 -4.3900000000000002e-02 0.0000000000000000e+00
5231 4.3249999999999997e-02 -4.5700000000000005e-02 0.0000000000000000e+00
5232 4.4749999999999998e-02 -4.5699999999999991e-02 0.0000000000000000e+00
5233 4.6249999999999999e-02 -4.4899999999999995e-02 0.0000000000000000e+00
5234 3.8750000000000000e-02 -4.2900000000000008e-02 0.0000000000000000e+00
5235 4.0250000000000001e-02 -4.3900000000000002e-02 0.0000000000000000e+00
5236 4.1750000000000009e-02 -4.4899999999999995e-02 0.0000000000000000e+00
5237 1.8250000000000002e-02 -6.0024999999999988e-02 0.0000000000000000e+00
5238 1.6885457958760605e-02 -3.8881243680238618e-02 0.0000000000000000e+00
5239 1.4160242342061003e-02 -3.6278157364898089e-02 0.0000000000000000e+00
5240 1.8350000000000002e-02 -6.0474999999999994e-02 0.0000000000000000e+00
5241 1.8500000000000003e-02 -6.0475000000000001e-02 0.0000000000000000e+00
5242 4.3250000000000004e-02 -4.5899999999999996e-02 0.0000000000000000e+00
5243 4.4749999999999998e-02 -4.5899999999999996e-02 0.0000000000000000e+00
5244 1.8250000000000002e-02 -6.0474999999999994e-02 0.0000000000000000e+00
5245 1.4172190384838333e-02 -3.6867467589258719e-02 0.0000000000000000e+00
5246 1.1270062258671647e-02 -3.4550563430290129e-02 0.0000000000000000e+00
5247 1.6581755584912169e-01 -4.9315897415357851e-03 0.0000000000000000e+00
5248 1.8349999999999998e-02 -6.1524999999999996e-02 0.0000000000000000e+00
5249 1.8349999999999998e-02 -6.3174999999999995e-02 0.0000000000000000e+00
5250 1.8249999999999999e-02 -6.1525000000000003e-02 0.0000000000000000e+00
5251 1.8249999999999999e-02 -6.3174999999999995e-02 0.0000000000000000e+00
5252 8.2102511116719616e-03 -3.3150695836069707e-02 0.0000000000000000e+00
5253 1.1286489503708533e-02 -3.5113114549758073e-02 0.0000000000000000e+00
5254 4.9988161705283507e-03 -3.2155334445499353e-02 0.0000000000000000e+00
5255 1.6539751907473563e-01 -1.2784563354099703e-02 0.0000000000000000e+00
5256 1.6769152483728589e-01 -4.9761932547406230e-03 0.0000000000000000e+00
5257 8.2270967558580304e-03 -3.3688770420652402e-02 0.0000000000000000e+00
5258 5.0115204786752030e-03 -3.2674079966944797e-02 0.0000000000000000e+00
5259 1.6794385762355711e-03 -3.1635556951262342e-02 0.0000000000000000e+00
5260 1.6460575087519949e-01 -2.0608935014685897e-02 0.0000000000000000e+00
5261 1.6726724234000301e-01 -1.2918269966226071e-02 0.0000000000000000e+00
5262 1.6956549382545008e-01 -5.0207967679454617e-03 0.0000000000000000e+00
5263 1.6841808004479757e-03 -3.2143450187030374e-02 0.0000000000000000e+00
5264 1.6344388218304562e-01 -2.8387925634215425e-02 0.0000000000000000e+00
5265 1.6646699387344993e-01 -2.0831443274247859e-02 0.0000000000000000e+00
5266 1.6913696560527036e-01 -1.3051976578352435e-02 0.0000000000000000e+00
5267 1.7143946281361433e-01 -5.0654002811503021e-03 0.0000000000000000e+00
5268 1.6191439589775936e-01 -3.6104047536667266e-02 0.0000000000000000e+00
5269 1.6529242791962850e-01 -2.8698742261671413e-02 0.0000000000000000e+00
5270 1.6832823687170040e-01 -2.1053951533809821e-02 0.0000000000000000e+00
5271 1.7100668887053777e-01 -1.3185683190478801e-02 0.0000000000000000e+00
5272 1.7331343180177852e-01 -5.1100037943551408e-03 0.0000000000000000e+00
5273 1.6002077952212723e-01 -4.3739281565434468e-02 0.0000000000000000e+00
5274 1.6374605466315323e-01 -3.6502479176895967e-02 0.0000000000000000e+00
5275 1.6714097365621133e-01 -2.9009558889127405e-02 0.0000000000000000e+00
5276 1.7018947986995078e-01 -2.1276459793371779e-02 0.0000000000000000e+00
5277 1.7287641213580518e-01 -1.3319389802605171e-02 0.0000000000000000e+00
5278 1.7518740078994277e-01 -5.1546073075599812e-03 0.0000000000000000e+00
5279 1.5776754066310095e-01 -5.1275550548567327e-02 0.0000000000000000e+00
5280 1.6183140040842103e-01 -4.4224428581557826e-02 0.0000000000000000e+00
5281 1.6557771342854716e-01 -3.6900910817124669e-02 0.0000000000000000e+00
5282 1.6898951939279419e-01 -2.9320375516583404e-02 0.0000000000000000e+00
5283 1.7205072286820122e-01 -2.1498968052933741e-02 0.0000000000000000e+00
5284 1.7474613540107256e-01 -1.3453096414731537e-02 0.0000000000000000e+00
5285 1.7706136977810699e-01 -5.1992108207648208e-03 0.0000000000000000e+00
5286 1.5515979174351407e-01 -5.8695982333019647e-02 0.0000000000000000e+00
5287 1.5955302326043999e-01 -5.1846306373648246e-02 0.0000000000000000e+00
5288 1.6364202129471478e-01 -4.4709575597681198e-02 0.0000000000000000e+00
5289 1.6740937219394103e-01 -3.7299342457353370e-02 0.0000000000000000e+00
5290 1.7083806512937702e-01 -2.9631192144039399e-02 0.0000000000000000e+00
5291 1.7391196586645172e-01 -2.1721476312495703e-02 0.0000000000000000e+00
5292 1.7661585866633997e-01 -1.3586803026857903e-02 0.0000000000000000e+00
5293 1.7893533876627121e-01 -5.2438143339696604e-03 0.0000000000000000e+00
5294 1.5220322742825521e-01 -6.5984514593194502e-02 0.0000000000000000e+00
5295 1.5691609311476334e-01 -5.9351047368233517e-02 0.0000000000000000e+00
5296 1.6133850585777904e-01 -5.2417062198729172e-02 0.0000000000000000e+00
5297 1.6545264218100858e-01 -4.5194722613804555e-02 0.0000000000000000e+00
5298 1.6924103095933496e-01 -3.7697774097582085e-02 0.0000000000000000e+00
5299 1.7268661086595988e-01 -2.9942008771495401e-02 0.0000000000000000e+00
5300 1.7577320886470216e-01 -2.1943984572057661e-02 0.0000000000000000e+00
5301 1.7848558193160735e-01 -1.3720509638984271e-02 0.0000000000000000e+00
5302 1.4890448947601909e-01 -7.3124769410272100e-02 0.0000000000000000e+00
5303 1.5392636884747488e-01 -6.6722405390162609e-02 0.0000000000000000e+00
5304 1.5867239448601261e-01 -6.0006112403447387e-02 0.0000000000000000e+00
5305 1.6312398845511814e-01 -5.2987818023810099e-02 0.0000000000000000e+00
5306 1.6726326306730244e-01 -4.5679869629927920e-02 0.0000000000000000e+00
5307 1.7107268972472889e-01 -3.8096205737810793e-02 0.0000000000000000e+00
5308 1.7453515660254276e-01 -3.0252825398951383e-02 0.0000000000000000e+00
5309 1.7763445186295260e-01 -2.2166492831619623e-02 0.0000000000000000e+00
5310 1.4527105748450359e-01 -8.0100557033743025e-02 0.0000000000000000e+00
5311 1.5059056730990220e-01 -7.3943814914798275e-02 0.0000000000000000e+00
5312 1.5564951026669455e-01 -6.7460296187130744e-02 0.0000000000000000e+00
5313 1.6042869585726188e-01 -6.0661177438661271e-02 0.0000000000000000e+00
5314 1.6490947105245723e-01 -5.3558573848891018e-02 0.0000000000000000e+00
5315 1.6907388395359624e-01 -4.6165016646051299e-02 0.0000000000000000e+00
5316 1.7290434849012279e-01 -3.8494637378039494e-02 0.0000000000000000e+00
5317 1.7638370233912565e-01 -3.0563642026407378e-02 0.0000000000000000e+00
5318 1.4131106168435986e-01 -8.6896276144628845e-02 0.0000000000000000e+00
5319 1.4691625279307580e-01 -8.0998900765817006e-02 0.0000000000000000e+00
5320 1.5227664514378528e-01 -7.4762860419324478e-02 0.0000000000000000e+00
5321 1.5737265168591424e-01 -6.8198186984098866e-02 0.0000000000000000e+00
5322 1.6218499722851118e-01 -6.1316242473875140e-02 0.0000000000000000e+00
5323 1.6669495364979633e-01 -5.4129329673971945e-02 0.0000000000000000e+00
5324 1.7088450483989007e-01 -4.6650163662174671e-02 0.0000000000000000e+00
5325 1.7473600725551672e-01 -3.8893069018268202e-02 0.0000000000000000e+00
5326 1.3703336025406967e-01 -9.3496721699627638e-02 0.0000000000000000e+00
5327 1.4291164769400086e-01 -8.7871882956682135e-02 0.0000000000000000e+00
5328 1.4856144810164801e-01 -8.1897244497891014e-02 0.0000000000000000e+00
5329 1.5396272297766839e-01 -7.5581905923850667e-02 0.0000000000000000e+00
5330 1.5909579310513397e-01 -6.8936077781066973e-02 0.0000000000000000e+00
5331 1.6394129859976045e-01 -6.1971307509089010e-02 0.0000000000000000e+00
5332 1.6848043624713541e-01 -5.4700085499052864e-02 0.0000000000000000e+00
5333 1.7269512572618387e-01 -4.7135310678298036e-02 0.0000000000000000e+00
5334 1.3244762452571152e-01 -9.9886965927083876e-02 0.0000000000000000e+00
5335 1.3858571075334680e-01 -9.4547382237778338e-02 0.0000000000000000e+00
5336 1.4451223370364188e-01 -8.8847489768735438e-02 0.0000000000000000e+00
5337 1.5020664341022022e-01 -8.2795588229964995e-02 0.0000000000000000e+00
5338 1.5564880081155150e-01 -7.6400951428376843e-02 0.0000000000000000e+00
5339 1.6081893452435367e-01 -6.9673968578035095e-02 0.0000000000000000e+00
5340 1.6569759997100969e-01 -6.2626372544302894e-02 0.0000000000000000e+00
5341 1.7026591884447451e-01 -5.5270841324133790e-02 0.0000000000000000e+00
5342 1.2756417350764432e-01 -1.0605263217040374e-01 0.0000000000000000e+00
5343 1.3394822321708513e-01 -1.0101029976602355e-01 0.0000000000000000e+00
5344 1.4013806125262396e-01 -9.5598042775929093e-02 0.0000000000000000e+00
5345 1.4611281971328291e-01 -8.9823096580788769e-02 0.0000000000000000e+00
5346 1.5185183871879246e-01 -8.3693931962038975e-02 0.0000000000000000e+00
5347 1.5733487864543463e-01 -7.7219996932903046e-02 0.0000000000000000e+00
5348 1.6254207594357337e-01 -7.0411859375003216e-02 0.0000000000000000e+00
5349 1.6745390134225899e-01 -6.3281437579516764e-02 0.0000000000000000e+00
5350 1.2239394441732486e-01 -1.1197991514291142e-01 0.0000000000000000e+00
5351 1.2900962143707345e-01 -1.0724609414795171e-01 0.0000000000000000e+00
5352 1.3544882190845869e-01 -1.0213363360496319e-01 0.0000000000000000e+00
5353 1.4169041175190111e-01 -9.6648703314079820e-02 0.0000000000000000e+00
5354 1.4771340572292396e-01 -9.0798703392842059e-02 0.0000000000000000e+00
5355 1.5349703402736470e-01 -8.4592275694112970e-02 0.0000000000000000e+00
5356 1.5902095647931774e-01 -7.8039042437429235e-02 0.0000000000000000e+00
5357 1.6426521736279304e-01 -7.1149750171971338e-02 0.0000000000000000e+00
5358 1.1694856743393324e-01 -1.1765547865210217e-01 0.0000000000000000e+00
5359 1.2378096708604983e-01 -1.1324080189221260e-01 0.0000000000000000e+00
5360 1.3045506936650259e-01 -1.0843955612549967e-01 0.0000000000000000e+00
5361 1.3694942059983231e-01 -1.0325696744390286e-01 0.0000000000000000e+00
5362 1.4324276225117827e-01 -9.7699363852230547e-02 0.0000000000000000e+00
5363 1.4931399173256499e-01 -9.1774310204895376e-02 0.0000000000000000e+00
5364 1.5514222933593691e-01 -8.5490619426186965e-02 0.0000000000000000e+00
5365 1.6070703431320085e-01 -7.8858087941955424e-02 0.0000000000000000e+00
5366 1.1124029021242104e-01 -1.2306655465812878e-01 0.0000000000000000e+00
5367 1.1827402279056498e-01 -1.1898093392784503e-01 0.0000000000000000e+00
5368 1.2516798975477481e-01 -1.1450168864151379e-01 0.0000000000000000e+00
5369 1.3190051729593172e-01 -1.0963301810304764e-01 0.0000000000000000e+00
5370 1.3845001929120596e-01 -1.0438030128284254e-01 0.0000000000000000e+00
5371 1.4479511275045545e-01 -9.8750024390381302e-02 0.0000000000000000e+00
5372 1.5091457774220601e-01 -9.2749917016948680e-02 0.0000000000000000e+00
5373 1.5678742464450915e-01 -8.6388963158260973e-02 0.0000000000000000e+00
5374 1.0528195620195407e-01 -1.2820097076504444e-01 0.0000000000000000e+00
5375 1.1250117575937468e-01 -1.2445357583505109e-01 0.0000000000000000e+00
5376 1.1959947814719675e-01 -1.2030638920358788e-01 0.0000000000000000e+00
5377 1.2655501242349979e-01 -1.1576257539081497e-01 0.0000000000000000e+00
5378 1.3334596522536091e-01 -1.1082648008059562e-01 0.0000000000000000e+00
5379 1.3995061798257954e-01 -1.0550363512178221e-01 0.0000000000000000e+00
5380 1.4634746324973263e-01 -9.9800684928532044e-02 0.0000000000000000e+00
5381 1.5251516375184707e-01 -9.3725523829001997e-02 0.0000000000000000e+00
5382 9.9086973644362419e-02 -1.3304717565944704e-01 0.0000000000000000e+00
5383 1.0647541583074030e-01 -1.2964641567314580e-01 0.0000000000000000e+00
5384 1.1376206130632829e-01 -1.2584059701197339e-01 0.0000000000000000e+00
5385 1.2092493350382852e-01 -1.2163184447933076e-01 0.0000000000000000e+00
5386 1.2794203509222482e-01 -1.1702346214011615e-01 0.0000000000000000e+00
5387 1.3479141315479004e-01 -1.1201994205814357e-01 0.0000000000000000e+00
5388 1.4145121667395316e-01 -1.0662696896072189e-01 0.0000000000000000e+00
5389 1.4789981374900979e-01 -1.0085134546668277e-01 0.0000000000000000e+00
5390 9.2669211219109079e-02 -1.3759431743149622e-01 0.0000000000000000e+00
5391 1.0021030413365375e-01 -1.3454776969094578e-01 0.0000000000000000e+00
5392 1.0766887545952651e-01 -1.3109186058124722e-01 0.0000000000000000e+00
5393 1.1502294685328193e-01 -1.2722761818889572e-01 0.0000000000000000e+00
5394 1.2225038886046030e-01 -1.2295729975507363e-01 0.0000000000000000e+00
5395 1.2932905776094983e-01 -1.1828434888941733e-01 0.0000000000000000e+00
5396 1.3623686108421917e-01 -1.1321340403569155e-01 0.0000000000000000e+00
5397 1.4295181536532678e-01 -1.0775030279966157e-01 0.0000000000000000e+00
5398 8.6043105079952414e-02 -1.4183216543701960e-01 0.0000000000000000e+00
5399 9.3719867559480280e-02 -1.3914666153395600e-01 0.0000000000000000e+00
5400 1.0133363462294512e-01 -1.3604836372244453e-01 0.0000000000000000e+00
5401 1.0886233508831275e-01 -1.3253730548934861e-01 0.0000000000000000e+00
5402 1.1628383240023560e-01 -1.2861463936581807e-01 0.0000000000000000e+00
5403 1.2357584421709207e-01 -1.2428275503081648e-01 0.0000000000000000e+00
5404 1.3071608042967481e-01 -1.1954523563871854e-01 0.0000000000000000e+00
5405 1.3768230901364834e-01 -1.1440686601323953e-01 0.0000000000000000e+00
5406 7.9223644202729399e-02 -1.4575113634356163e-01 0.0000000000000000e+00
5407 8.7018707005029935e-02 -1.4343274322586352e-01 0.0000000000000000e+00
5408 9.4770523899851494e-02 -1.4069900563641580e-01 0.0000000000000000e+00
5409 1.0245696511223648e-01 -1.3754895775394332e-01 0.0000000000000000e+00
5410 1.1005579471709900e-01 -1.3398275039745006e-01 0.0000000000000000e+00
5411 1.1754471794718921e-01 -1.3000166054274040e-01 0.0000000000000000e+00
5412 1.2490129957372384e-01 -1.2560821030655933e-01 0.0000000000000000e+00
5413 1.3210310309839979e-01 -1.2080612238801974e-01 0.0000000000000000e+00
5414 7.2226089131192384e-02 -1.4934246261331180e-01 0.0000000000000000e+00
5415 8.0121982524338706e-02 -1.4739632153146079e-01 0.0000000000000000e+00
5416 8.7994308930107484e-02 -1.4503332101470745e-01 0.0000000000000000e+00
5417 9.5821180240222736e-02 -1.4225134973887557e-01 0.0000000000000000e+00
5418 1.0358029560152786e-01 -1.3904955178544209e-01 0.0000000000000000e+00
5419 1.1124925434588523e-01 -1.3542819530555150e-01 0.0000000000000000e+00
5420 1.1880560349414283e-01 -1.3138868171966273e-01 0.0000000000000000e+00
5421 1.2622675493035562e-01 -1.2693366558230224e-01 0.0000000000000000e+00
5422 6.5066084861989795e-02 -1.5259811076563631e-01 0.0000000000000000e+00
5423 7.3045128873870518e-02 -1.5102852836193575e-01 0.0000000000000000e+00
5424 8.1020320845948013e-02 -1.4904150671935995e-01 0.0000000000000000e+00
5425 8.8969910855185019e-02 -1.4663389880355140e-01 0.0000000000000000e+00
5426 9.6871836580593951e-02 -1.4380369384133537e-01 0.0000000000000000e+00
5427 1.0470362609081924e-01 -1.4055014581694086e-01 0.0000000000000000e+00
5428 1.1244271397467145e-01 -1.3687364021365289e-01 0.0000000000000000e+00
5429 1.2006648904109649e-01 -1.3277570289658508e-01 0.0000000000000000e+00
5430 5.7759865429971941e-02 -1.5551069897994596e-01 0.0000000000000000e+00
5431 6.5803969721376615e-02 -1.5432123808274181e-01 0.0000000000000000e+00
5432 7.3864168616548653e-02 -1.5271459411055971e-01 0.0000000000000000e+00
5433 8.1918659167557320e-02 -1.5068669190725914e-01 0.0000000000000000e+00
5434 8.9945512780262596e-02 -1.4823447659239536e-01 0.0000000000000000e+00
5435 9.7922492920965193e-02 -1.4535603794379517e-01 0.0000000000000000e+00
5436 1.0582695658011060e-01 -1.4205073984843961e-01 0.0000000000000000e+00
5437 1.1363617360345768e-01 -1.3831908512175431e-01 0.0000000000000000e+00
5438 5.0323856858579444e-02 -1.5807368126147373e-01 0.0000000000000000e+00
5439 5.8414924531000320e-02 -1.5726698419267507e-01 0.0000000000000000e+00
5440 6.6541854580763476e-02 -1.5604436539984734e-01 0.0000000000000000e+00
5441 7.4683208359226802e-02 -1.5440065985918366e-01 0.0000000000000000e+00
5442 8.2816997489166627e-02 -1.5233187709515827e-01 0.0000000000000000e+00
5443 9.0921114705340172e-02 -1.4983505438123929e-01 0.0000000000000000e+00
5444 9.8973149261336407e-02 -1.4690838204625495e-01 0.0000000000000000e+00
5445 1.0695028706940198e-01 -1.4355133387993838e-01 0.0000000000000000e+00
5446 3.9322216985082812e-03 -1.6584426573881439e-01 0.0000000000000000e+00
5447 4.2774154380286339e-02 -1.6028146079903471e-01 0.0000000000000000e+00
5448 5.0894606937132325e-02 -1.5985914561645953e-01 0.0000000000000000e+00
5449 5.9069983632028721e-02 -1.5902326940540418e-01 0.0000000000000000e+00
5450 6.7279739440150324e-02 -1.5776749271695287e-01 0.0000000000000000e+00
5451 7.5502248101904937e-02 -1.5608672560780762e-01 0.0000000000000000e+00
5452 8.3715335810775962e-02 -1.5397706228305746e-01 0.0000000000000000e+00
5453 9.1896716630417707e-02 -1.5143563217008321e-01 0.0000000000000000e+00
5454 1.0002380560170764e-01 -1.4846072614871475e-01 0.0000000000000000e+00
5455 1.1787582019238681e-02 -1.6547156159082163e-01 0.0000000000000000e+00
5456 3.9768245117589559e-03 -1.6771820413304997e-01 0.0000000000000000e+00
5457 3.5127648524370635e-02 -1.6212903026845182e-01 0.0000000000000000e+00
5458 4.3259296025022036e-02 -1.6209206134369514e-01 0.0000000000000000e+00
5459 5.1465357015685220e-02 -1.6164460997144531e-01 0.0000000000000000e+00
5460 5.9725042733057121e-02 -1.6077955461813326e-01 0.0000000000000000e+00
5461 6.8017624299537172e-02 -1.5949062003405839e-01 0.0000000000000000e+00
5462 7.6321287844583086e-02 -1.5777279135643157e-01 0.0000000000000000e+00
5463 8.4613674132385269e-02 -1.5562224747095663e-01 0.0000000000000000e+00
5464 9.2872318555495284e-02 -1.5303620995892719e-01 0.0000000000000000e+00
5465 1.9616584637220727e-02 -1.6472696011833907e-01 0.0000000000000000e+00
5466 2.7402442347600590e-02 -1.6361199043396993e-01 0.0000000000000000e+00
5467 1.1921286624007772e-02 -1.6734125623567175e-01 0.0000000000000000e+00
5468 4.0214273250096452e-03 -1.6959214252728555e-01 0.0000000000000000e+00
5469 3.5526075354648468e-02 -1.6396066659080530e-01 0.0000000000000000e+00
5470 4.3744437669757746e-02 -1.6390266188835556e-01 0.0000000000000000e+00
5471 5.2036107094238122e-02 -1.6343007432643111e-01 0.0000000000000000e+00
5472 6.0380101834085521e-02 -1.6253583983086239e-01 0.0000000000000000e+00
5473 6.8755509158924033e-02 -1.6121374735116392e-01 0.0000000000000000e+00
5474 7.7140327587261234e-02 -1.5945885710505550e-01 0.0000000000000000e+00
5475 8.5512012453994590e-02 -1.5726743265885579e-01 0.0000000000000000e+00
5476 1.9839089768007308e-02 -1.6658817652078001e-01 0.0000000000000000e+00
5477 2.7713254912122013e-02 -1.6546051163824316e-01 0.0000000000000000e+00
5478 1.2054991228776880e-02 -1.6921095088052185e-01 0.0000000000000000e+00
5479 4.0660301382603363e-03 -1.7146608092152113e-01 0.0000000000000000e+00
5480 3.5924502184926314e-02 -1.6579230291315877e-01 0.0000000000000000e+00
5481 4.4229579314493464e-02 -1.6571326243301598e-01 0.0000000000000000e+00
5482 5.2606857172791018e-02 -1.6521553868141692e-01 0.0000000000000000e+00
5483 6.1035160935113936e-02 -1.6429212504359153e-01 0.0000000000000000e+00
5484 6.9493394018310867e-02 -1.6293687466826945e-01 0.0000000000000000e+00
5485 7.7959367329939383e-02 -1.6114492285367948e-01 0.0000000000000000e+00
5486 2.0061594898793902e-02 -1.6844939292322095e-01 0.0000000000000000e+00
5487 2.8024067476643457e-02 -1.6730903284251639e-01 0.0000000000000000e+00
5488 1.2188695833545990e-02 -1.7108064552537194e-01 0.0000000000000000e+00
5489 4.1106329515110266e-03 -1.7334001931575671e-01 0.0000000000000000e+00
5490 3.6322929015204161e-02 -1.6762393923551222e-01 0.0000000000000000e+00
5491 4.4714720959229182e-02 -1.6752386297767635e-01 0.0000000000000000e+00
5492 5.3177607251343934e-02 -1.6700100303640275e-01 0.0000000000000000e+00
5493 6.1690220036142336e-02 -1.6604841025632061e-01 0.0000000000000000e+00
5494 7.0231278877697728e-02 -1.6466000198537500e-01 0.0000000000000000e+00
5495 2.0284100029580504e-02 -1.7031060932566189e-01 0.0000000000000000e+00
5496 2.8334880041164905e-02 -1.6915755404678959e-01 0.0000000000000000e+00
5497 1.2322400438315100e-02 -1.7295034017022207e-01 0.0000000000000000e+00
5498 4.1552357647617151e-03 -1.7521395770999232e-01 0.0000000000000000e+00
5499 3.6721355845482015e-02 -1.6945557555786570e-01 0.0000000000000000e+00
5500 4.5199862603964899e-02 -1.6933446352233680e-01 0.0000000000000000e+00
5501 5.3748357329896822e-02 -1.6878646739138853e-01 0.0000000000000000e+00
5502 6.2345279137170743e-02 -1.6780469546904975e-01 0.0000000000000000e+00
5503 2.0506605160367102e-02 -1.7217182572810283e-01 0.0000000000000000e+00
5504 2.8645692605686349e-02 -1.7100607525106282e-01 0.0000000000000000e+00
5505 1.2456105043084212e-02 -1.7482003481507222e-01 0.0000000000000000e+00
5506 4.1998385780124036e-03 -1.7708789610422790e-01 0.0000000000000000e+00
5507 3.7119782675759869e-02 -1.7128721188021917e-01 0.0000000000000000e+00
5508 4.5685004248700617e-02 -1.7114506406699723e-01 0.0000000000000000e+00
5509 5.4319107408449731e-02 -1.7057193174637431e-01 0.0000000000000000e+00
5510 2.0729110291153700e-02 -1.7403304213054382e-01 0.0000000000000000e+00
5511 2.8956505170207789e-02 -1.7285459645533607e-01 0.0000000000000000e+00
5512 1.2589809647853318e-02 -1.7668972945992234e-01 0.0000000000000000e+00
5513 4.2444413912631094e-03 -1.7896183449846348e-01 0.0000000000000000e+00
5514 3.7518209506037722e-02 -1.7311884820257264e-01 0.0000000000000000e+00
5515 4.6170145893436342e-02 -1.7295566461165762e-01 0.0000000000000000e+00
5516 2.0951615421940298e-02 -1.7589425853298477e-01 0.0000000000000000e+00
5517 2.9267317734729237e-02 -1.7470311765960927e-01 0.0000000000000000e+00
5518 1.2723514252622444e-02 -1.7855942410477249e-01 0.0000000000000000e+00
5519 3.7916636336315583e-02 -1.7495048452492612e-01 0.0000000000000000e+00
5520 2.1174120552726911e-02 -1.7775547493542576e-01 0.0000000000000000e+00
5521 2.9578130299250698e-02 -1.7655163886388253e-01 0.0000000000000000e+00
$EndNodes
$Elements
11515
1 1 2 94 94 2 1
2 1 2 94 94 3 2
3 1 2 94 94 4 3
4 1 2 88 88 1 5
5 1 2 94 94 6 4
6 1 2 94 94 7 6
7 1 2 88 88 5 11
8 1 2 94 94 12 7
9 1 2 94 94 13 12
10 1 2 94 94 16 13
11 1 2 94 94 17 16
12 1 2 94 94 18 17
13 1 2 94 94 19 18
14 1 2 94 94 23 19
15 1 2 94 94 24 23
16 1 2 94 94 25 24
17 1 2 94 94 26 25
18 1 2 94 94 27 26
19 1 2 94 94 28 27
20 1 2 94 94 29 28
21 1 2 94 94 30 29
22 1 2 94 94 31 30
23 1 2 94 94 32 31
24 1 2 94 94 33 32
25 1 2 94 94 34 33
26 1 2 94 94 35 34
27 1 2 88 88 11 36
28 1 2 94 94 60 35
29 1 2 94 94 62 60
30 1 2 94 94 63 62
31 1 2 88 88 36 64
32 1 2 94 94 91 63
33 1 2 94 94 93 91
34 1 2 94 94 94 93
35 1 2 88 88 64 95
36 1 2 94 94 125 94
37 1 2 94 94 127 125
38 1 2 88 88 95 128
39 1 2 94 94 161 127
40 1 2 88 88 128 162
41 1 2 5 5 195 161
42 1 2 88 88 162 196
43 1 2 93 93 196 205
44 1 2 93 93 205 206
45 1 2 93 93 206 207
46 1 2 5 5 229 195
47 1 2 86 86 196 230
48 1 2 93 93 207 233
49 1 2 93 93 233 234
50 1 2 5 5 264 229
51 1 2 86 86 230 265
52 1 2 93 93 234 266
53 1 2 93 93 266 267
54 1 2 93 93 267 270
55 1 2 93 93 270 271
56 1 2 93 93 271 272
57 1 2 93 93 272 273
58 1 2 93 93 273 278
59 1 2 93 93 278 279
60 1 2 93 93 279 280
61 1 2 93 93 280 281
62 1 2 93 93 281 282
63 1 2 93 93 282 283
64 1 2 93 93 283 284
65 1 2 93 93 284 285
66 1 2 93 93 285 286
67 1 2 93 93 286 287
68 1 2 93 93 287 288
69 1 2 93 93 288 289
70 1 2 93 93 289 291
71 1 2 5 5 299 264
72 1 2 86 86 265 300
73 1 2 93 93 291 326
74 1 2 93 93 326 328
75 1 2 93 93 328 330
76 1 2 5 5 335 299
77 1 2 86 86 300 336
78 1 2 93 93 330 366
79 1 2 93 93 366 368
80 1 2 93 93 368 370
81 1 2 5 5 372 335
82 1 2 86 86 336 373
83 1 2 93 93 370 405
84 1 2 93 93 405 407
85 1 2 5 5 408 372
86 1 2 86 86 373 410
87 1 2 5 5 445 408
88 1 2 93 93 407 445
89 1 2 86 86 410 448
90 1 2 4 4 484 445
91 1 2 86 86 448 487
92 1 2 4 4 524 484
93 1 2 86 86 487 528
94 1 2 4 4 564 524
95 1 2 86 86 528 568
96 1 2 4 4 604 564
97 1 2 86 86 568 607
98 1 2 4 4 641 604
99 1 2 86 86 607 643
100 1 2 102 102 648 646
101 1 2 4 4 676 641
102 1 2 86 86 643 678
103 1 2 102 102 646 679
104 1 2 102 102 681 648
105 1 2 4 4 710 676
106 1 2 102 102 679 711
107 1 2 86 86 678 711
108 1 2 101 101 713 714
109 1 2 99 99 715 681
110 1 2 4 4 741 710
111 1 2 101 101 742 713
112 1 2 85 85 711 743
113 1 2 101 101 714 749
114 1 2 99 99 750 715
115 1 2 4 4 774 741
116 1 2 85 85 743 775
117 1 2 101 101 775 742
118 1 2 100 100 749 784
119 1 2 99 99 787 750
120 1 2 53 53 789 792
121 1 2 49 49 794 790
122 1 2 4 4 816 774
123 1 2 83 83 775 817
124 1 2 100 100 784 829
125 1 2 99 99 831 787
126 1 2 53 53 834 789
127 1 2 49 49 790 836
128 1 2 53 53 792 840
129 1 2 49 49 843 794
130 1 2 4 4 865 816
131 1 2 84 84 817 867
132 1 2 100 100 829 879
133 1 2 47 47 880 831
134 1 2 82 82 881 831
135 1 2 47 47 882 880
136 1 2 47 47 883 882
137 1 2 47 47 884 883
138 1 2 53 53 885 834
139 1 2 49 49 836 889
140 1 2 53 53 840 895
141 1 2 35 35 898 887
142 1 2 49 49 899 843
143 1 2 47 47 900 884
144 1 2 4 4 921 865
145 1 2 84 84 867 926
146 1 2 82 82 939 881
147 1 2 100 100 879 939
148 1 2 53 53 945 885
149 1 2 35 35 887 948
150 1 2 49 49 889 950
151 1 2 53 53 895 958
152 1 2 35 35 962 898
153 1 2 49 49 964 899
154 1 2 47 47 967 900
155 1 2 4 4 987 921
156 1 2 19 19 988 989
157 1 2 84 84 926 1002
158 1 2 46 46 1013 965
159 1 2 46 46 1016 1013
160 1 2 46 46 939 1017
161 1 2 46 46 1019 1016
162 1 2 46 46 1017 1020
163 1 2 46 46 1020 1021
164 1 2 46 46 1021 1022
165 1 2 46 46 1022 1019
166 1 2 53 53 1023 945
167 1 2 35 35 948 1026
168 1 2 49 49 950 1028
169 1 2 53 53 958 1040
170 1 2 19 19 1043 988
171 1 2 35 35 1046 962
172 1 2 19 19 989 1048
173 1 2 52 52 1051 1040
174 1 2 49 49 1051 964
175 1 2 46 46 965 1053
176 1 2 47 47 1056 967
177 1 2 47 47 1058 1056
178 1 2 4 4 1074 987
179 1 2 12 12 1076 1075
180 1 2 12 12 1077 1076
181 1 2 12 12 1075 1078
182 1 2 84 84 1002 1107
183 1 2 53 53 1137 1023
184 1 2 35 35 1026 1141
185 1 2 49 49 1028 1143
186 1 2 98 98 1040 1161
187 1 2 19 19 1166 1043
188 1 2 38 38 1168 1051
189 1 2 12 12 1169 1077
190 1 2 35 35 1170 1046
191 1 2 19 19 1048 1172
192 1 2 51 51 1174 1051
193 1 2 46 46 1053 1178
194 1 2 47 47 1180 1058
195 1 2 47 47 1181 1180
196 1 2 4 4 1197 1074
197 1 2 12 12 1078 1198
198 1 2 84 84 1107 1244
199 1 2 53 53 1272 1137
200 1 2 35 35 1141 1276
201 1 2 49 49 1143 1278
202 1 2 55 55 1161 1302
203 1 2 19 19 1306 1166
204 1 2 38 38 1308 1168
205 1 2 35 35 1308 1170
206 1 2 12 12 1309 1169
207 1 2 19 19 1172 1311
208 1 2 51 51 1313 1174
209 1 2 40 40 1321 1313
210 1 2 37 37 1322 1308
211 1 2 46 46 1178 1324
212 1 2 47 47 1326 1181
213 1 2 4 4 1340 1197
214 1 2 12 12 1198 1341
215 1 2 84 84 1244 1389
216 1 2 53 53 1412 1272
217 1 2 35 35 1276 1416
218 1 2 49 49 1278 1418
219 1 2 55 55 1302 1452
220 1 2 19 19 1455 1306
221 1 2 22 22 1458 1308
222 1 2 12 12 1459 1309
223 1 2 19 19 1311 1460
224 1 2 37 37 1468 1322
225 1 2 40 40 1468 1321
226 1 2 46 46 1324 1472
227 1 2 39 39 1476 1470
228 1 2 47 47 1478 1326
229 1 2 4 4 1492 1340
230 1 2 12 12 1341 1493
231 1 2 84 84 1389 1537
232 1 2 53 53 1565 1412
233 1 2 35 35 1416 1569
234 1 2 49 49 1418 1571
235 1 2 42 42 1585 1476
236 1 2 55 55 1452 1614
237 1 2 19 19 1616 1455
238 1 2 22 22 1620 1458
239 1 2 19 19 1460 1620
240 1 2 12 12 1621 1459
241 1 2 39 39 1470 1623
242 1 2 21 21 1620 1624
243 1 2 39 39 1625 1468
244 1 2 39 39 1623 1625
245 1 2 24 24 1626 1468
246 1 2 57 57 1630 1591
247 1 2 57 57 1631 1630
248 1 2 44 44 1632 1631
249 1 2 46 46 1472 1633
250 1 2 44 44 1638 1632
251 1 2 26 26 1639 1476
252 1 2 41 41 1640 1476
253 1 2 47 47 1641 1478
254 1 2 4 4 1654 1492
255 1 2 12 12 1493 1655
256 1 2 81 81 1509 1670
257 1 2 80 80 1671 1509
258 1 2 80 80 1673 1671
259 1 2 80 80 1674 1673
260 1 2 80 80 1676 1674
261 1 2 84 84 1537 1695
262 1 2 53 53 1720 1565
263 1 2 35 35 1569 1724
264 1 2 49 49 1571 1726
265 1 2 42 42 1742 1585
266 1 2 62 62 1591 1749
267 1 2 55 55 1614 1772
268 1 2 19 19 1775 1616
269 1 2 14 14 1781 1620
270 1 2 12 12 1781 1621
271 1 2 21 21 1624 1786
272 1 2 24 24 1786 1626
273 1 2 23 23 1789 1796
274 1 2 26 26 1796 1639
275 1 2 46 46 1633 1802
276 1 2 41 41 1806 1640
277 1 2 44 44 1806 1638
278 1 2 47 47 1808 1641
279 1 2 47 47 1811 1808
280 1 2 47 47 1813 1811
281 1 2 4 4 1821 1654
282 1 2 12 12 1655 1822
283 1 2 81 81 1670 1838
284 1 2 78 78 1843 1676
285 1 2 84 84 1695 1866
286 1 2 53 53 1887 1720
287 1 2 35 35 1724 1891
288 1 2 49 49 1726 1893
289 1 2 42 42 1909 1742
290 1 2 56 56 1912 1909
291 1 2 56 56 1913 1912
292 1 2 62 62 1749 1915
293 1 2 75 75 1919 1920
294 1 2 75 75 1920 1921
295 1 2 75 75 1921 1922
296 1 2 75 75 1922 1923
297 1 2 78 78 1923 1843
298 1 2 55 55 1772 1938
299 1 2 19 19 1941 1775
300 1 2 96 96 1946 1781
301 1 2 23 23 1953 1789
302 1 2 23 23 1786 1954
303 1 2 23 23 1954 1953
304 1 2 25 25 1796 1965
305 1 2 46 46 1802 1973
306 1 2 43 43 1974 1806
307 1 2 28 28 1975 1806
308 1 2 45 45 1813 1987
309 1 2 31 31 1988 1813
310 1 2 4 4 1994 1821
311 1 2 12 12 1822 1995
312 1 2 79 79 1838 2014
313 1 2 79 79 2014 2017
314 1 2 79 79 2017 2018
315 1 2 79 79 2018 2020
316 1 2 84 84 1866 2044
317 1 2 84 84 2044 2062
318 1 2 84 84 2062 2063
319 1 2 53 53 2066 1887
320 1 2 35 35 1891 2069
321 1 2 50 50 2066 2071
322 1 2 49 49 1893 2071
323 1 2 61 61 2091 1913
324 1 2 62 62 1915 2092
325 1 2 69 69 2095 1919
326 1 2 64 64 2105 2104
327 1 2 64 64 2108 2105
328 1 2 64 64 2109 2108
329 1 2 55 55 1938 2113
330 1 2 19 19 2117 1941
331 1 2 8 8 2121 1946
332 1 2 25 25 1965 2144
333 1 2 28 28 2144 1975
334 1 2 45 45 1987 2147
335 1 2 46 46 1973 2147
336 1 2 43 43 2147 1974
337 1 2 31 31 2157 1988
338 1 2 4 4 2163 1994
339 1 2 12 12 1995 2165
340 1 2 77 77 2020 2188
341 1 2 84 84 2063 2229
342 1 2 84 84 2229 2231
343 1 2 84 84 2231 2232
344 1 2 84 84 2232 2233
345 1 2 97 97 2238 2066
346 1 2 35 35 2069 2240
347 1 2 48 48 2071 2241
348 1 2 36 36 2071 2242
349 1 2 62 62 2092 2260
350 1 2 64 64 2260 2109
351 1 2 61 61 2262 2091
352 1 2 69 69 2264 2095
353 1 2 74 74 2267 2266
354 1 2 74 74 2268 2267
355 1 2 74 74 2269 2268
356 1 2 74 74 2270 2269
357 1 2 77 77 2188 2270
358 1 2 69 69 2272 2264
359 1 2 67 67 2104 2273
360 1 2 67 67 2273 2276
361 1 2 67 67 2276 2277
362 1 2 55 55 2113 2281
363 1 2 19 19 2286 2117
364 1 2 8 8 2292 2121
365 1 2 27 27 2144 2313
366 1 2 30 30 2315 2147
367 1 2 92 92 2320 2157
368 1 2 29 29 2321 2157
369 1 2 4 4 2325 2163
370 1 2 12 12 2165 2327
371 1 2 84 84 2233 2394
372 1 2 84 84 2394 2395
373 1 2 54 54 2402 2238
374 1 2 48 48 2241 2403
375 1 2 20 20 2404 2287
376 1 2 36 36 2242 2404
377 1 2 35 35 2240 2404
378 1 2 61 61 2434 2262
379 1 2 68 68 2266 2436
380 1 2 67 67 2277 2442
381 1 2 69 69 2442 2272
382 1 2 63 63 2445 2446
383 1 2 63 63 2446 2449
384 1 2 63 63 2449 2450
385 1 2 55 55 2281 2451
386 1 2 13 13 2457 2327
387 1 2 20 20 2287 2457
388 1 2 19 19 2457 2286
389 1 2 8 8 2469 2292
390 1 2 29 29 2488 2321
391 1 2 30 30 2488 2315
392 1 2 27 27 2313 2488
393 1 2 92 92 2490 2320
394 1 2 4 4 2494 2325
395 1 2 95 95 2327 2496
396 1 2 84 84 2395 2559
397 1 2 54 54 2565 2402
398 1 2 34 34 2403 2566
399 1 2 33 33 2404 2567
400 1 2 55 55 2451 2593
401 1 2 61 61 2596 2434
402 1 2 63 63 2450 2596
403 1 2 68 68 2436 2599
404 1 2 68 68 2599 2607
405 1 2 66 66 2608 2445
406 1 2 66 66 2611 2608
407 1 2 66 66 2612 2611
408 1 2 17 17 2619 2457
409 1 2 8 8 2636 2469
410 1 2 91 91 2488 2653
411 1 2 92 92 2654 2490
412 1 2 4 4 2657 2494
413 1 2 11 11 2496 2660
414 1 2 90 90 2721 2559
415 1 2 87 87 2559 2722
416 1 2 54 54 2726 2565
417 1 2 18 18 2728 2622
418 1 2 34 34 2566 2728
419 1 2 33 33 2567 2728
420 1 2 54 54 2738 2726
421 1 2 55 55 2593 2755
422 1 2 66 66 2766 2612
423 1 2 68 68 2607 2766
424 1 2 18 18 2622 2779
425 1 2 17 17 2779 2619
426 1 2 8 8 2794 2636
427 1 2 92 92 2810 2654
428 1 2 91 91 2653 2813
429 1 2 4 4 2816 2657
430 1 2 92 92 2817 2810
431 1 2 11 11 2660 2818
432 1 2 11 11 2818 2824
433 1 2 90 90 2870 2721
434 1 2 87 87 2722 2872
435 1 2 32 32 2728 2877
436 1 2 16 16 2878 2782
437 1 2 32 32 2877 2878
438 1 2 54 54 2885 2738
439 1 2 55 55 2755 2905
440 1 2 55 55 2905 2908
441 1 2 15 15 2925 2779
442 1 2 16 16 2782 2926
443 1 2 15 15 2926 2925
444 1 2 8 8 2935 2794
445 1 2 91 91 2813 2951
446 1 2 92 92 2953 2817
447 1 2 4 4 2953 2816
448 1 2 11 11 2824 2962
449 1 2 90 90 3003 2870
450 1 2 87 87 2872 3006
451 1 2 54 54 3016 2885
452 1 2 55 55 2908 3039
453 1 2 55 55 3039 3040
454 1 2 55 55 3040 3047
455 1 2 8 8 3063 2935
456 1 2 91 91 2951 3074
457 1 2 91 91 3074 3077
458 1 2 3 3 3078 2953
459 1 2 9 9 2962 3080
460 1 2 90 90 3122 3003
461 1 2 87 87 3006 3126
462 1 2 54 54 3134 3016
463 1 2 54 54 3135 3134
464 1 2 72 72 3043 3162
465 1 2 55 55 3163 3043
466 1 2 55 55 3165 3163
467 1 2 55 55 3047 3166
468 1 2 55 55 3166 3165
469 1 2 9 9 3179 3178
470 1 2 8 8 3183 3063
471 1 2 3 3 3197 3078
472 1 2 91 91 3077 3197
473 1 2 9 9 3080 3198
474 1 2 9 9 3198 3200
475 1 2 90 90 3237 3122
476 1 2 87 87 3126 3242
477 1 2 54 54 3248 3135
478 1 2 60 60 3248 3267
479 1 2 72 72 3162 3268
480 1 2 60 60 3267 3282
481 1 2 9 9 3178 3286
482 1 2 9 9 3200 3288
483 1 2 9 9 3289 3179
484 1 2 9 9 3290 3289
485 1 2 9 9 3288 3291
486 1 2 9 9 3291 3290
487 1 2 8 8 3298 3183
488 1 2 2 2 3309 3197
489 1 2 90 90 3348 3237
490 1 2 87 87 3242 3354
491 1 2 58 58 3362 3248
492 1 2 72 72 3268 3379
493 1 2 73 73 3379 3271
494 1 2 76 76 3271 3380
495 1 2 60 60 3282 3388
496 1 2 9 9 3286 3393
497 1 2 8 8 3406 3298
498 1 2 2 2 3414 3309
499 1 2 90 90 3449 3348
500 1 2 87 87 3354 3456
501 1 2 76 76 3380 3457
502 1 2 76 76 3457 3459
503 1 2 76 76 3459 3458
504 1 2 58 58 3463 3362
505 1 2 60 60 3476 3379
506 1 2 60 60 3388 3479
507 1 2 60 60 3479 3480
508 1 2 60 60 3480 3481
509 1 2 60 60 3481 3482
510 1 2 60 60 3482 3483
511 1 2 60 60 3483 3476
512 1 2 9 9 3393 3490
513 1 2 8 8 3504 3406
514 1 2 2 2 3509 3414
515 1 2 76 76 3458 3517
516 1 2 76 76 3517 3521
517 1 2 90 90 3546 3449
518 1 2 87 87 3456 3554
519 1 2 9 9 3490 3555
520 1 2 58 58 3562 3463
521 1 2 8 8 3600 3504
522 1 2 2 2 3603 3509
523 1 2 76 76 3521 3618
524 1 2 90 90 3644 3546
525 1 2 89 89 3554 3652
526 1 2 9 9 3555 3653
527 1 2 58 58 3658 3562
528 1 2 6 6 3689 3600
529 1 2 6 6 3690 3689
530 1 2 2 2 3694 3603
531 1 2 76 76 3618 3709
532 1 2 71 71 3709 3711
533 1 2 90 90 3732 3644
534 1 2 89 89 3652 3740
535 1 2 9 9 3653 3741
536 1 2 58 58 3744 3658
537 1 2 6 6 3772 3690
538 1 2 2 2 3777 3694
539 1 2 6 6 3781 3772
540 1 2 71 71 3711 3793
541 1 2 90 90 3813 3732
542 1 2 89 89 3740 3821
543 1 2 9 9 3741 3822
544 1 2 58 58 3825 3744
545 1 2 2 2 3852 3777
546 1 2 6 6 3855 3781
547 1 2 59 59 3793 3857
548 1 2 70 70 3793 3868
549 1 2 90 90 3885 3813
550 1 2 89 89 3821 3893
551 1 2 9 9 3822 3895
552 1 2 58 58 3898 3825
553 1 2 2 2 3921 3852
554 1 2 6 6 3922 3855
555 1 2 59 59 3857 3923
556 1 2 59 59 3923 3924
557 1 2 65 65 3868 3932
558 1 2 90 90 3948 3885
559 1 2 89 89 3893 3956
560 1 2 9 9 3895 3959
561 1 2 59 59 3924 3961
562 1 2 58 58 3963 3898
563 1 2 6 6 3975 3922
564 1 2 6 6 3976 3975
565 1 2 2 2 3978 3921
566 1 2 65 65 3932 3986
567 1 2 90 90 4003 3948
568 1 2 89 89 3956 4011
569 1 2 9 9 3959 4015
570 1 2 10 10 4015 4016
571 1 2 59 59 3961 4018
572 1 2 58 58 4019 3963
573 1 2 59 59 4018 4023
574 1 2 10 10 4016 4024
575 1 2 6 6 4028 3976
576 1 2 2 2 4031 3978
577 1 2 65 65 3986 4032
578 1 2 90 90 4053 4003
579 1 2 89 89 4011 4061
580 1 2 65 65 4032 4063
581 1 2 10 10 4024 4069
582 1 2 58 58 4069 4019
583 1 2 59 59 4023 4070
584 1 2 59 59 4070 4069
585 1 2 6 6 4075 4028
586 1 2 6 6 4076 4075
587 1 2 2 2 4078 4031
588 1 2 90 90 4098 4053
589 1 2 89 89 4061 4106
590 1 2 65 65 4063 4107
591 1 2 7 7 4107 4116
592 1 2 6 6 4118 4076
593 1 2 7 7 4117 4118
594 1 2 2 2 4121 4078
595 1 2 90 90 4138 4098
596 1 2 89 89 4106 4146
597 1 2 7 7 4151 4117
598 1 2 7 7 4152 4151
599 1 2 7 7 4116 4153
600 1 2 7 7 4153 4154
601 1 2 7 7 4154 4152
602 1 2 2 2 4160 4121
603 1 2 90 90 4176 4138
604 1 2 89 89 4146 4184
605 1 2 2 2 4196 4160
606 1 2 90 90 4209 4176
607 1 2 89 89 4184 4217
608 1 2 2 2 4228 4196
609 1 2 90 90 4239 4209
610 1 2 89 89 4217 4247
611 1 2 2 2 4256 4228
612 1 2 90 90 4266 4239
613 1 2 89 89 4247 4274
614 1 2 2 2 4283 4256
615 1 2 90 90 4291 4266
616 1 2 89 89 4274 4299
617 1 2 2 2 4307 4283
618 1 2 90 90 4314 4291
619 1 2 89 89 4299 4322
620 1 2 2 2 4328 4307
621 1 2 90 90 4334 4314
622 1 2 89 89 4322 4342
623 1 2 2 2 4348 4328
624 1 2 90 90 4353 4334
625 1 2 89 89 4342 4361
626 1 2 2 2 4367 4348
627 1 2 2 2 4368 4367
628 1 2 90 90 4372 4353
629 1 2 89 89 4361 4380
630 1 2 2 2 4387 4368
631 1 2 90 90 4390 4372
632 1 2 89 89 4380 4398
633 1 2 90 90 4387 4403
634 1 2 1 1 4404 4387
635 1 2 90 90 4406 4390
636 1 2 89 89 4398 4414
637 1 2 90 90 4403 4417
638 1 2 1 1 4419 4404
639 1 2 90 90 4420 4406
640 1 2 89 89 4414 4428
641 1 2 90 90 4429 4420
642 1 2 90 90 4417 4429
643 1 2 1 1 4432 4419
644 1 2 89 89 4428 4440
645 1 2 1 1 4444 4432
646 1 2 89 89 4440 4451
647 1 2 1 1 4455 4444
648 1 2 89 89 4451 4461
649 1 2 1 1 4465 4455
650 1 2 89 89 4461 4470
651 1 2 1 1 4474 4465
652 1 2 89 89 4470 4478
653 1 2 1 1 4482 4474
654 1 2 89 89 4478 4485
655 1 2 89 89 4488 4482
656 1 2 89 89 4485 4490
657 1 2 89 89 4492 4488
658 1 2 89 89 4490 4493
659 1 2 89 89 4493 4494
660 1 2 89 89 4494 4492
661 2 2 5 5 5 1 4495
662 2 2 5 5 8 2 4496
663 2 2 5 5 9 3 4497
664 2 2 5 5 10 4 4498
665 2 2 5 5 14 6 4499
666 2 2 5 5 11 5 4500
667 2 2 5 5 20 8 4501
668 2 2 5 5 21 9 4502
669 2 2 5 5 15 7 4503
670 2 2 5 5 37 12 4504
671 2 2 5 5 22 10 4505
672 2 2 5 5 39 14 4506
673 2 2 5 5 38 13 4507
674 2 2 5 5 41 16 4508
675 2 2 5 5 42 17 4509
676 2 2 5 5 43 18 4510
677 2 2 5 5 36 11 4511
678 2 2 5 5 45 20 4512
679 2 2 5 5 46 21 4513
680 2 2 5 5 44 19 4514
681 2 2 5 5 48 23 4515
682 2 2 5 5 49 24 4516
683 2 2 5 5 50 25 4517
684 2 2 5 5 51 26 4518
685 2 2 5 5 52 27 4519
686 2 2 5 5 53 28 4520
687 2 2 5 5 54 29 4521
688 2 2 5 5 55 30 4522
689 2 2 5 5 56 31 4523
690 2 2 5 5 57 32 4524
691 2 2 5 5 58 33 4525
692 2 2 5 5 59 34 4526
693 2 2 5 5 40 15 4527
694 2 2 5 5 65 37 4528
695 2 2 5 5 47 22 4529
696 2 2 5 5 67 39 4530
697 2 2 5 5 66 38 4531
698 2 2 5 5 69 41 4532
699 2 2 5 5 70 42 4533
700 2 2 5 5 71 43 4534
701 2 2 5 5 64 36 4535
702 2 2 5 5 73 45 4536
703 2 2 5 5 74 46 4537
704 2 2 5 5 72 44 4538
705 2 2 5 5 76 48 4539
706 2 2 5 5 77 49 4540
707 2 2 5 5 78 50 4541
708 2 2 5 5 79 51 4542
709 2 2 5 5 80 52 4543
710 2 2 5 5 81 53 4544
711 2 2 5 5 82 54 4545
712 2 2 5 5 83 55 4546
713 2 2 5 5 84 56 4547
714 2 2 5 5 85 57 4548
715 2 2 5 5 86 58 4549
716 2 2 5 5 61 35 4550
717 2 2 5 5 87 59 4551
718 2 2 5 5 88 60 4552
719 2 2 5 5 90 62 4553
720 2 2 5 5 68 40 4554
721 2 2 5 5 96 65 4555
722 2 2 5 5 75 47 4556
723 2 2 5 5 98 67 4557
724 2 2 5 5 97 66 4558
725 2 2 5 5 100 69 4559
726 2 2 5 5 101 70 4560
727 2 2 5 5 102 71 4561
728 2 2 5 5 95 64 4562
729 2 2 5 5 104 73 4563
730 2 2 5 5 105 74 4564
731 2 2 5 5 103 72 4565
732 2 2 5 5 107 76 4566
733 2 2 5 5 108 77 4567
734 2 2 5 5 109 78 4568
735 2 2 5 5 110 79 4569
736 2 2 5 5 111 80 4570
737 2 2 5 5 112 81 4571
738 2 2 5 5 113 82 4572
739 2 2 5 5 114 83 4573
740 2 2 5 5 115 84 4574
741 2 2 5 5 116 85 4575
742 2 2 5 5 117 86 4576
743 2 2 5 5 89 61 4577
744 2 2 5 5 118 87 4578
745 2 2 5 5 119 88 4579
746 2 2 5 5 92 63 4580
747 2 2 5 5 121 90 4581
748 2 2 5 5 122 91 4582
749 2 2 5 5 124 93 4583
750 2 2 5 5 99 68 4584
751 2 2 5 5 129 96 4585
752 2 2 5 5 106 75 4586
753 2 2 5 5 131 98 4587
754 2 2 5 5 130 97 4588
755 2 2 5 5 133 100 4589
756 2 2 5 5 134 101 4590
757 2 2 5 5 135 102 4591
758 2 2 5 5 128 95 4592
759 2 2 5 5 137 104 4593
760 2 2 5 5 138 105 4594
761 2 2 5 5 136 103 4595
762 2 2 5 5 140 107 4596
763 2 2 5 5 141 108 4597
764 2 2 5 5 142 109 4598
765 2 2 5 5 143 110 4599
766 2 2 5 5 144 111 4600
767 2 2 5 5 145 112 4601
768 2 2 5 5 146 113 4602
769 2 2 5 5 147 114 4603
770 2 2 5 5 148 115 4604
771 2 2 5 5 149 116 4605
772 2 2 5 5 150 117 4606
773 2 2 5 5 120 89 4607
774 2 2 5 5 151 118 4608
775 2 2 5 5 152 119 4609
776 2 2 5 5 123 92 4610
777 2 2 5 5 154 121 4611
778 2 2 5 5 155 122 4612
779 2 2 5 5 126 94 4613
780 2 2 5 5 157 124 4614
781 2 2 5 5 158 125 4615
782 2 2 5 5 132 99 4616
783 2 2 5 5 163 129 4617
784 2 2 5 5 139 106 4618
785 2 2 5 5 165 131 4619
786 2 2 5 5 164 130 4620
787 2 2 5 5 167 133 4621
788 2 2 5 5 168 134 4622
789 2 2 5 5 169 135 4623
790 2 2 5 5 162 128 4624
791 2 2 5 5 171 137 4625
792 2 2 5 5 172 138 4626
793 2 2 5 5 170 136 4627
794 2 2 5 5 174 140 4628
795 2 2 5 5 175 141 4629
796 2 2 5 5 176 142 4630
797 2 2 5 5 177 143 4631
798 2 2 5 5 178 144 4632
799 2 2 5 5 179 145 4633
800 2 2 5 5 180 146 4634
801 2 2 5 5 181 147 4635
802 2 2 5 5 182 148 4636
803 2 2 5 5 183 149 4637
804 2 2 5 5 184 150 4638
805 2 2 5 5 153 120 4639
806 2 2 5 5 185 151 4640
807 2 2 5 5 186 152 4641
808 2 2 5 5 156 123 4642
809 2 2 5 5 188 154 4643
810 2 2 5 5 189 155 4644
811 2 2 5 5 159 126 4645
812 2 2 5 5 191 157 4646
813 2 2 5 5 192 158 4647
814 2 2 5 5 160 127 4648
815 2 2 5 5 166 132 4649
816 2 2 5 5 197 163 4650
817 2 2 5 5 173 139 4651
818 2 2 5 5 199 165 4652
819 2 2 5 5 198 164 4653
820 2 2 5 5 201 167 4654
821 2 2 5 5 202 168 4655
822 2 2 5 5 203 169 4656
823 2 2 5 5 196 162 4657
824 2 2 5 5 205 171 4658
825 2 2 5 5 206 172 4659
826 2 2 5 5 204 170 4660
827 2 2 5 5 208 174 4661
828 2 2 5 5 209 175 4662
829 2 2 5 5 210 176 4663
830 2 2 5 5 211 177 4664
831 2 2 5 5 212 178 4665
832 2 2 5 5 213 179 4666
833 2 2 5 5 214 180 4667
834 2 2 5 5 215 181 4668
835 2 2 5 5 216 182 4669
836 2 2 5 5 217 183 4670
837 2 2 5 5 218 184 4671
838 2 2 5 5 187 153 4672
839 2 2 5 5 219 185 4673
840 2 2 5 5 220 186 4674
841 2 2 5 5 190 156 4675
842 2 2 5 5 222 188 4676
843 2 2 5 5 223 189 4677
844 2 2 5 5 193 159 4678
845 2 2 5 5 225 191 4679
846 2 2 5 5 226 192 4680
847 2 2 5 5 194 160 4681
848 2 2 5 5 200 166 4682
849 2 2 5 5 231 197 4683
850 2 2 5 5 207 173 4684
851 2 2 5 5 233 199 4685
852 2 2 5 5 232 198 4686
853 2 2 5 5 235 201 4687
854 2 2 5 5 236 202 4688
855 2 2 5 5 237 203 4689
856 2 2 4 4 230 196 4690
857 2 2 4 4 239 205 4691
858 2 2 4 4 240 206 4692
859 2 2 5 5 238 204 4693
860 2 2 5 5 243 208 4694
861 2 2 5 5 244 209 4695
862 2 2 5 5 245 210 4696
863 2 2 5 5 246 211 4697
864 2 2 5 5 247 212 4698
865 2 2 5 5 248 213 4699
866 2 2 5 5 249 214 4700
867 2 2 5 5 250 215 4701
868 2 2 5 5 251 216 4702
869 2 2 5 5 252 217 4703
870 2 2 5 5 253 218 4704
871 2 2 5 5 221 187 4705
872 2 2 5 5 254 219 4706
873 2 2 5 5 255 220 4707
874 2 2 5 5 224 190 4708
875 2 2 5 5 257 222 4709
876 2 2 5 5 258 223 4710
877 2 2 5 5 227 193 4711
878 2 2 5 5 260 225 4712
879 2 2 5 5 261 226 4713
880 2 2 5 5 228 194 4714
881 2 2 5 5 234 200 4715
882 2 2 5 5 266 231 4716
883 2 2 4 4 242 207 4717
884 2 2 4 4 268 233 4718
885 2 2 5 5 267 232 4719
886 2 2 5 5 270 235 4720
887 2 2 5 5 271 236 4721
888 2 2 5 5 272 237 4722
889 2 2 5 5 273 238 4723
890 2 2 5 5 278 243 4724
891 2 2 5 5 279 244 4725
892 2 2 5 5 280 245 4726
893 2 2 5 5 281 246 4727
894 2 2 5 5 282 247 4728
895 2 2 5 5 283 248 4729
896 2 2 5 5 284 249 4730
897 2 2 5 5 285 250 4731
898 2 2 5 5 286 251 4732
899 2 2 5 5 287 252 4733
900 2 2 5 5 288 253 4734
901 2 2 5 5 256 221 4735
902 2 2 5 5 289 254 4736
903 2 2 5 5 290 255 4737
904 2 2 5 5 259 224 4738
905 2 2 5 5 292 257 4739
906 2 2 5 5 293 258 4740
907 2 2 5 5 262 227 4741
908 2 2 5 5 295 260 4742
909 2 2 5 5 296 261 4743
910 2 2 5 5 263 228 4744
911 2 2 4 4 269 234 4745
912 2 2 4 4 301 266 4746
913 2 2 4 4 302 267 4747
914 2 2 4 4 305 270 4748
915 2 2 4 4 306 271 4749
916 2 2 4 4 307 272 4750
917 2 2 4 4 308 273 4751
918 2 2 4 4 314 278 4752
919 2 2 4 4 315 279 4753
920 2 2 4 4 316 280 4754
921 2 2 4 4 317 281 4755
922 2 2 4 4 318 282 4756
923 2 2 4 4 320 319 4757
924 2 2 4 4 321 320 4758
925 2 2 4 4 322 321 4759
926 2 2 4 4 323 322 4760
927 2 2 4 4 324 323 4761
928 2 2 4 4 325 324 4762
929 2 2 5 5 291 256 4763
930 2 2 4 4 327 325 4764
931 2 2 5 5 326 290 4765
932 2 2 5 5 294 259 4766
933 2 2 5 5 328 292 4767
934 2 2 5 5 329 293 4768
935 2 2 5 5 297 262 4769
936 2 2 5 5 331 295 4770
937 2 2 5 5 332 296 4771
938 2 2 5 5 298 263 4772
939 2 2 4 4 327 291 4773
940 2 2 4 4 363 326 4774
941 2 2 5 5 330 294 4775
942 2 2 4 4 365 328 4776
943 2 2 5 5 366 329 4777
944 2 2 5 5 333 297 4778
945 2 2 5 5 368 331 4779
946 2 2 5 5 369 332 4780
947 2 2 5 5 334 298 4781
948 2 2 4 4 402 367 4782
949 2 2 4 4 404 402 4783
950 2 2 5 5 370 333 4784
951 2 2 4 4 406 404 4785
952 2 2 5 5 405 369 4786
953 2 2 5 5 371 334 4787
954 2 2 4 4 442 406 4788
955 2 2 4 4 444 442 4789
956 2 2 5 5 407 371 4790
957 2 2 4 4 444 407 4791
958 2 2 25 25 680 646 4792
959 2 2 25 25 712 679 4793
960 2 2 25 25 713 680 4794
961 2 2 25 25 682 648 4795
962 2 2 25 25 742 712 4796
963 2 2 25 25 743 711 4797
964 2 2 25 25 714 682 4798
965 2 2 25 25 751 716 4799
966 2 2 25 25 775 743 4800
967 2 2 25 25 784 749 4801
968 2 2 25 25 788 751 4802
969 2 2 23 23 793 792 4803
970 2 2 22 22 790 789 4804
971 2 2 25 25 829 784 4805
972 2 2 25 25 832 788 4806
973 2 2 22 22 836 834 4807
974 2 2 23 23 791 789 4808
975 2 2 23 23 839 793 4809
976 2 2 23 23 841 840 4810
977 2 2 18 18 835 790 4811
978 2 2 22 22 794 792 4812
979 2 2 25 25 879 829 4813
980 2 2 25 25 881 832 4814
981 2 2 23 23 837 834 4815
982 2 2 18 18 888 836 4816
983 2 2 22 22 889 885 4817
984 2 2 23 23 838 791 4818
985 2 2 23 23 890 837 4819
986 2 2 23 23 893 839 4820
987 2 2 23 23 894 841 4821
988 2 2 23 23 841 896 4822
989 2 2 18 18 842 794 4823
990 2 2 18 18 887 835 4824
991 2 2 22 22 843 840 4825
992 2 2 25 25 939 879 4826
993 2 2 21 21 831 880 4827
994 2 2 21 21 880 882 4828
995 2 2 21 21 882 883 4829
996 2 2 21 21 883 884 4830
997 2 2 21 21 884 900 4831
998 2 2 23 23 886 885 4832
999 2 2 23 23 891 886 4833
1000 2 2 18 18 948 888 4834
1001 2 2 11 11 922 948 4835
1002 2 2 18 18 949 889 4836
1003 2 2 22 22 950 945 4837
1004 2 2 23 23 892 838 4838
1005 2 2 23 23 951 890 4839
1006 2 2 23 23 947 953 4840
1007 2 2 23 23 955 893 4841
1008 2 2 23 23 956 894 4842
1009 2 2 23 23 894 957 4843
1010 2 2 23 23 896 959 4844
1011 2 2 18 18 897 843 4845
1012 2 2 18 18 898 842 4846
1013 2 2 11 11 923 887 4847
1014 2 2 22 22 899 895 4848
1015 2 2 21 21 900 967 4849
1016 2 2 11 11 988 922 4850
1017 2 2 21 21 966 968 4851
1018 2 2 21 21 938 966 4852
1019 2 2 21 21 881 940 4853
1020 2 2 21 21 941 938 4854
1021 2 2 21 21 940 942 4855
1022 2 2 21 21 942 943 4856
1023 2 2 21 21 943 944 4857
1024 2 2 21 21 944 941 4858
1025 2 2 23 23 946 945 4859
1026 2 2 23 23 1024 1025 4860
1027 2 2 18 18 1026 949 4861
1028 2 2 11 11 960 1026 4862
1029 2 2 18 18 1027 950 4863
1030 2 2 22 22 1028 1023 4864
1031 2 2 23 23 954 892 4865
1032 2 2 23 23 951 952 4866
1033 2 2 23 23 1025 1031 4867
1034 2 2 23 23 953 1032 4868
1035 2 2 23 23 1033 955 4869
1036 2 2 23 23 1037 956 4870
1037 2 2 23 23 956 1038 4871
1038 2 2 23 23 1039 959 4872
1039 2 2 23 23 1041 1040 4873
1040 2 2 23 23 1042 1037 4874
1041 2 2 11 11 1043 960 4875
1042 2 2 18 18 961 899 4876
1043 2 2 18 18 962 897 4877
1044 2 2 11 11 963 898 4878
1045 2 2 11 11 989 923 4879
1046 2 2 22 22 964 958 4880
1047 2 2 21 21 968 1054 4881
1048 2 2 21 21 967 1056 4882
1049 2 2 21 21 1056 1058 4883
1050 2 2 8 8 1075 1043 4884
1051 2 2 8 8 1076 988 4885
1052 2 2 23 23 1138 1024 4886
1053 2 2 23 23 1138 1139 4887
1054 2 2 23 23 1139 1140 4888
1055 2 2 18 18 1141 1027 4889
1056 2 2 11 11 1044 1141 4890
1057 2 2 18 18 1142 1028 4891
1058 2 2 22 22 1143 1137 4892
1059 2 2 23 23 1034 954 4893
1060 2 2 23 23 1029 1030 4894
1061 2 2 23 23 1031 1146 4895
1062 2 2 23 23 1032 1147 4896
1063 2 2 23 23 1148 1033 4897
1064 2 2 23 23 1157 1041 4898
1065 2 2 23 23 1037 1158 4899
1066 2 2 23 23 1159 1039 4900
1067 2 2 23 23 1042 1164 4901
1068 2 2 23 23 1165 1042 4902
1069 2 2 11 11 1166 1044 4903
1070 2 2 8 8 1078 1166 4904
1071 2 2 18 18 1045 964 4905
1072 2 2 8 8 1077 989 4906
1073 2 2 18 18 1046 961 4907
1074 2 2 11 11 1047 962 4908
1075 2 2 11 11 1048 963 4909
1076 2 2 19 19 1168 1051 4910
1077 2 2 21 21 1055 1178 4911
1078 2 2 21 21 1058 1180 4912
1079 2 2 21 21 1181 1055 4913
1080 2 2 6 6 1201 1200 4914
1081 2 2 6 6 1199 1202 4915
1082 2 2 6 6 1202 1201 4916
1083 2 2 6 6 1203 1078 4917
1084 2 2 6 6 1204 1198 4918
1085 2 2 23 23 1140 1271 4919
1086 2 2 23 23 1273 1138 4920
1087 2 2 23 23 1274 1139 4921
1088 2 2 23 23 1275 1140 4922
1089 2 2 18 18 1276 1142 4923
1090 2 2 11 11 1167 1276 4924
1091 2 2 18 18 1277 1143 4925
1092 2 2 22 22 1278 1272 4926
1093 2 2 23 23 1149 1034 4927
1094 2 2 23 23 1144 1145 4928
1095 2 2 23 23 1146 1281 4929
1096 2 2 23 23 1147 1282 4930
1097 2 2 23 23 1271 1283 4931
1098 2 2 23 23 1284 1165 4932
1099 2 2 23 23 1285 1148 4933
1100 2 2 23 23 1158 1296 4934
1101 2 2 23 23 1165 1305 4935
1102 2 2 11 11 1306 1167 4936
1103 2 2 8 8 1198 1306 4937
1104 2 2 18 18 1170 1045 4938
1105 2 2 8 8 1169 1048 4939
1106 2 2 11 11 1171 1046 4940
1107 2 2 11 11 1172 1047 4941
1108 2 2 6 6 1312 1199 4942
1109 2 2 19 19 1177 1174 4943
1110 2 2 19 19 1308 1168 4944
1111 2 2 21 21 1179 1324 4945
1112 2 2 21 21 1326 1179 4946
1113 2 2 6 6 1342 1341 4947
1114 2 2 6 6 1200 1201 4948
1115 2 2 6 6 1343 1346 4949
1116 2 2 6 6 1346 1345 4950
1117 2 2 6 6 1203 1200 4951
1118 2 2 6 6 1348 1204 4952
1119 2 2 6 6 1349 1342 4953
1120 2 2 23 23 1140 1275 4954
1121 2 2 23 23 1413 1273 4955
1122 2 2 23 23 1414 1274 4956
1123 2 2 23 23 1415 1275 4957
1124 2 2 18 18 1416 1277 4958
1125 2 2 11 11 1307 1416 4959
1126 2 2 18 18 1417 1278 4960
1127 2 2 22 22 1418 1412 4961
1128 2 2 23 23 1286 1149 4962
1129 2 2 23 23 1279 1280 4963
1130 2 2 23 23 1281 1421 4964
1131 2 2 23 23 1282 1422 4965
1132 2 2 23 23 1271 1411 4966
1133 2 2 23 23 1283 1424 4967
1134 2 2 23 23 1425 1284 4968
1135 2 2 23 23 1426 1285 4969
1136 2 2 11 11 1455 1307 4970
1137 2 2 8 8 1341 1455 4971
1138 2 2 6 6 1457 1343 4972
1139 2 2 11 11 1310 1170 4973
1140 2 2 8 8 1309 1172 4974
1141 2 2 11 11 1311 1171 4975
1142 2 2 6 6 1312 1309 4976
1143 2 2 19 19 1322 1177 4977
1144 2 2 12 12 1458 1308 4978
1145 2 2 21 21 1325 1472 4979
1146 2 2 21 21 1478 1325 4980
1147 2 2 6 6 1494 1493 4981
1148 2 2 6 6 1495 1494 4982
1149 2 2 6 6 1344 1345 4983
1150 2 2 6 6 1496 1499 4984
1151 2 2 6 6 1499 1498 4985
1152 2 2 6 6 1347 1344 4986
1153 2 2 6 6 1502 1348 4987
1154 2 2 6 6 1503 1349 4988
1155 2 2 6 6 1501 1495 4989
1156 2 2 23 23 1563 1411 4990
1157 2 2 23 23 1564 1423 4991
1158 2 2 23 23 1566 1413 4992
1159 2 2 23 23 1567 1414 4993
1160 2 2 23 23 1568 1415 4994
1161 2 2 18 18 1569 1417 4995
1162 2 2 11 11 1456 1569 4996
1163 2 2 18 18 1570 1418 4997
1164 2 2 22 22 1571 1565 4998
1165 2 2 23 23 1286 1419 4999
1166 2 2 23 23 1419 1420 5000
1167 2 2 23 23 1421 1574 5001
1168 2 2 23 23 1422 1575 5002
1169 2 2 23 23 1283 1423 5003
1170 2 2 23 23 1577 1576 5004
1171 2 2 23 23 1424 1578 5005
1172 2 2 11 11 1616 1456 5006
1173 2 2 8 8 1493 1616 5007
1174 2 2 6 6 1618 1496 5008
1175 2 2 6 6 1457 1312 5009
1176 2 2 11 11 1460 1310 5010
1177 2 2 8 8 1459 1311 5011
1178 2 2 6 6 1461 1459 5012
1179 2 2 12 12 1620 1458 5013
1180 2 2 12 12 1469 1322 5014
1181 2 2 21 21 1479 1633 5015
1182 2 2 20 20 1477 1586 5016
1183 2 2 13 13 1627 1470 5017
1184 2 2 20 20 1476 1585 5018
1185 2 2 21 21 1641 1479 5019
1186 2 2 6 6 1656 1655 5020
1187 2 2 6 6 1657 1656 5021
1188 2 2 6 6 1658 1657 5022
1189 2 2 6 6 1497 1498 5023
1190 2 2 6 6 1659 1662 5024
1191 2 2 6 6 1662 1661 5025
1192 2 2 6 6 1500 1497 5026
1193 2 2 6 6 1663 1658 5027
1194 2 2 6 6 1666 1502 5028
1195 2 2 6 6 1667 1503 5029
1196 2 2 6 6 1665 1501 5030
1197 2 2 23 23 1718 1563 5031
1198 2 2 23 23 1719 1564 5032
1199 2 2 23 23 1566 1565 5033
1200 2 2 23 23 1567 1566 5034
1201 2 2 23 23 1568 1567 5035
1202 2 2 18 18 1724 1570 5036
1203 2 2 11 11 1617 1724 5037
1204 2 2 18 18 1725 1571 5038
1205 2 2 22 22 1726 1720 5039
1206 2 2 23 23 1574 1729 5040
1207 2 2 23 23 1731 1577 5041
1208 2 2 23 23 1424 1576 5042
1209 2 2 23 23 1733 1732 5043
1210 2 2 23 23 1734 1733 5044
1211 2 2 23 23 1578 1735 5045
1212 2 2 20 20 1585 1742 5046
1213 2 2 20 20 1586 1743 5047
1214 2 2 20 20 1631 1743 5048
1215 2 2 20 20 1630 1746 5049
1216 2 2 11 11 1775 1617 5050
1217 2 2 8 8 1655 1775 5051
1218 2 2 6 6 1777 1659 5052
1219 2 2 6 6 1618 1457 5053
1220 2 2 6 6 1779 1619 5054
1221 2 2 8 8 1621 1460 5055
1222 2 2 6 6 1782 1622 5056
1223 2 2 13 13 1785 1623 5057
1224 2 2 12 12 1624 1469 5058
1225 2 2 13 13 1626 1468 5059
1226 2 2 13 13 1787 1625 5060
1227 2 2 13 13 1789 1627 5061
1228 2 2 21 21 1643 1802 5062
1229 2 2 20 20 1640 1477 5063
1230 2 2 14 14 1639 1476 5064
1231 2 2 21 21 1808 1643 5065
1232 2 2 21 21 1811 1812 5066
1233 2 2 6 6 1823 1822 5067
1234 2 2 6 6 1824 1823 5068
1235 2 2 6 6 1825 1824 5069
1236 2 2 6 6 1826 1825 5070
1237 2 2 6 6 1660 1661 5071
1238 2 2 6 6 1827 1830 5072
1239 2 2 6 6 1830 1829 5073
1240 2 2 6 6 1831 1826 5074
1241 2 2 6 6 1664 1660 5075
1242 2 2 6 6 1832 1663 5076
1243 2 2 6 6 1664 1833 5077
1244 2 2 6 6 1836 1667 5078
1245 2 2 6 6 1834 1665 5079
1246 2 2 6 6 1837 1827 5080
1247 2 2 20 20 1839 1670 5081
1248 2 2 20 20 1841 1839 5082
1249 2 2 20 20 1842 1841 5083
1250 2 2 20 20 1844 1842 5084
1251 2 2 23 23 1718 1568 5085
1252 2 2 23 23 1719 1718 5086
1253 2 2 23 23 1721 1720 5087
1254 2 2 23 23 1889 1722 5088
1255 2 2 23 23 1890 1723 5089
1256 2 2 18 18 1891 1725 5090
1257 2 2 11 11 1776 1891 5091
1258 2 2 18 18 1892 1726 5092
1259 2 2 22 22 1893 1887 5093
1260 2 2 23 23 1731 1719 5094
1261 2 2 23 23 1578 1732 5095
1262 2 2 23 23 1900 1899 5096
1263 2 2 23 23 1901 1900 5097
1264 2 2 20 20 1742 1909 5098
1265 2 2 20 20 1743 1909 5099
1266 2 2 20 20 1746 1912 5100
1267 2 2 20 20 1749 1591 5101
1268 2 2 11 11 1941 1776 5102
1269 2 2 8 8 1822 1941 5103
1270 2 2 6 6 1777 1618 5104
1271 2 2 6 6 1944 1778 5105
1272 2 2 6 6 1945 1779 5106
1273 2 2 13 13 1953 1785 5107
1274 2 2 13 13 1786 1626 5108
1275 2 2 13 13 1954 1787 5109
1276 2 2 14 14 1796 1639 5110
1277 2 2 21 21 1812 1973 5111
1278 2 2 14 14 1807 1640 5112
1279 2 2 21 21 1813 1987 5113
1280 2 2 6 6 1823 1996 5114
1281 2 2 6 6 1824 1997 5115
1282 2 2 6 6 1825 1998 5116
1283 2 2 6 6 1826 1999 5117
1284 2 2 6 6 1828 1829 5118
1285 2 2 6 6 2000 2003 5119
1286 2 2 6 6 2003 2002 5120
1287 2 2 6 6 1831 2005 5121
1288 2 2 6 6 2004 1831 5122
1289 2 2 6 6 1833 1828 5123
1290 2 2 6 6 2006 1832 5124
1291 2 2 6 6 1833 2007 5125
1292 2 2 6 6 1836 1835 5126
1293 2 2 6 6 2008 1834 5127
1294 2 2 6 6 2011 2000 5128
1295 2 2 6 6 1837 1777 5129
1296 2 2 20 20 2014 1838 5130
1297 2 2 20 20 2017 2014 5131
1298 2 2 20 20 2018 2017 5132
1299 2 2 20 20 1843 2019 5133
1300 2 2 20 20 2020 2018 5134
1301 2 2 23 23 1885 1723 5135
1302 2 2 23 23 2067 1888 5136
1303 2 2 23 23 2068 1889 5137
1304 2 2 11 11 1942 2069 5138
1305 2 2 18 18 2069 1892 5139
1306 2 2 22 22 2071 2066 5140
1307 2 2 18 18 2072 1893 5141
1308 2 2 20 20 1916 1750 5142
1309 2 2 20 20 1915 1749 5143
1310 2 2 20 20 1920 1919 5144
1311 2 2 20 20 1921 1920 5145
1312 2 2 20 20 1922 1921 5146
1313 2 2 20 20 1923 1922 5147
1314 2 2 20 20 1923 2100 5148
1315 2 2 11 11 2117 1942 5149
1316 2 2 8 8 1995 2117 5150
1317 2 2 6 6 1943 1778 5151
1318 2 2 14 14 1965 1807 5152
1319 2 2 21 21 1987 2147 5153
1320 2 2 15 15 1975 1806 5154
1321 2 2 16 16 2158 1987 5155
1322 2 2 6 6 1996 2166 5156
1323 2 2 6 6 2167 2166 5157
1324 2 2 6 6 2168 2167 5158
1325 2 2 6 6 1999 2169 5159
1326 2 2 6 6 2013 2170 5160
1327 2 2 6 6 2001 2002 5161
1328 2 2 6 6 2170 2173 5162
1329 2 2 6 6 2173 2172 5163
1330 2 2 6 6 2004 2175 5164
1331 2 2 6 6 2174 2004 5165
1332 2 2 6 6 2007 2001 5166
1333 2 2 6 6 2176 2006 5167
1334 2 2 6 6 2007 2177 5168
1335 2 2 6 6 2010 2009 5169
1336 2 2 6 6 2178 2008 5170
1337 2 2 6 6 2011 1837 5171
1338 2 2 20 20 2019 2188 5172
1339 2 2 11 11 2118 2240 5173
1340 2 2 18 18 2240 2072 5174
1341 2 2 18 18 2242 2071 5175
1342 2 2 20 20 2093 1916 5176
1343 2 2 20 20 2092 1915 5177
1344 2 2 20 20 2095 2265 5178
1345 2 2 20 20 2097 2096 5179
1346 2 2 20 20 2098 2097 5180
1347 2 2 20 20 2099 2098 5181
1348 2 2 20 20 2100 2099 5182
1349 2 2 20 20 2100 2270 5183
1350 2 2 20 20 2105 2275 5184
1351 2 2 20 20 2108 2278 5185
1352 2 2 20 20 2109 2279 5186
1353 2 2 8 8 2165 2286 5187
1354 2 2 11 11 2286 2118 5188
1355 2 2 15 15 2144 1975 5189
1356 2 2 16 16 2315 2147 5190
1357 2 2 15 15 2148 1974 5191
1358 2 2 16 16 2321 2158 5192
1359 2 2 6 6 2328 2327 5193
1360 2 2 6 6 2329 2328 5194
1361 2 2 6 6 2182 2333 5195
1362 2 2 6 6 2171 2172 5196
1363 2 2 6 6 2170 2333 5197
1364 2 2 6 6 2172 2173 5198
1365 2 2 6 6 2337 2174 5199
1366 2 2 6 6 2171 2334 5200
1367 2 2 6 6 2339 2176 5201
1368 2 2 6 6 2177 2340 5202
1369 2 2 6 6 2180 2179 5203
1370 2 2 6 6 2178 2180 5204
1371 2 2 11 11 2287 2404 5205
1372 2 2 18 18 2404 2242 5206
1373 2 2 17 17 2405 2241 5207
1374 2 2 20 20 2260 2092 5208
1375 2 2 20 20 2260 2432 5209
1376 2 2 20 20 2263 2093 5210
1377 2 2 20 20 2264 2435 5211
1378 2 2 20 20 2265 2436 5212
1379 2 2 20 20 2272 2443 5213
1380 2 2 20 20 2273 2104 5214
1381 2 2 20 20 2275 2446 5215
1382 2 2 20 20 2276 2273 5216
1383 2 2 20 20 2277 2276 5217
1384 2 2 20 20 2278 2449 5218
1385 2 2 20 20 2279 2450 5219
1386 2 2 8 8 2327 2457 5220
1387 2 2 11 11 2457 2287 5221
1388 2 2 16 16 2488 2315 5222
1389 2 2 15 15 2313 2148 5223
1390 2 2 3 3 2491 2321 5224
1391 2 2 17 17 2566 2403 5225
1392 2 2 10 10 2459 2567 5226
1393 2 2 17 17 2567 2405 5227
1394 2 2 20 20 2432 2263 5228
1395 2 2 20 20 2432 2596 5229
1396 2 2 20 20 2435 2599 5230
1397 2 2 20 20 2442 2277 5231
1398 2 2 20 20 2442 2606 5232
1399 2 2 20 20 2443 2607 5233
1400 2 2 20 20 2444 2274 5234
1401 2 2 20 20 2447 2444 5235
1402 2 2 20 20 2448 2447 5236
1403 2 2 10 10 2619 2459 5237
1404 2 2 3 3 2653 2488 5238
1405 2 2 3 3 2655 2491 5239
1406 2 2 10 10 2622 2728 5240
1407 2 2 17 17 2728 2566 5241
1408 2 2 20 20 2606 2448 5242
1409 2 2 20 20 2606 2766 5243
1410 2 2 10 10 2779 2622 5244
1411 2 2 3 3 2813 2653 5245
1412 2 2 3 3 2814 2655 5246
1413 2 2 1 1 2559 2721 5247
1414 2 2 9 9 2780 2877 5248
1415 2 2 9 9 2782 2878 5249
1416 2 2 9 9 2925 2780 5250
1417 2 2 9 9 2926 2782 5251
1418 2 2 3 3 2948 2814 5252
1419 2 2 3 3 2951 2813 5253
1420 2 2 3 3 2810 2817 5254
1421 2 2 1 1 2721 2870 5255
1422 2 2 1 1 2722 2871 5256
1423 2 2 3 3 3074 2951 5257
1424 2 2 3 3 2948 2954 5258
1425 2 2 3 3 2817 2953 5259
1426 2 2 1 1 2870 3003 5260
1427 2 2 1 1 2871 3004 5261
1428 2 2 1 1 2872 3005 5262
1429 2 2 3 3 2954 3078 5263
1430 2 2 1 1 3003 3122 5264
1431 2 2 1 1 3004 3123 5265
1432 2 2 1 1 3005 3124 5266
1433 2 2 1 1 3006 3125 5267
1434 2 2 1 1 3122 3237 5268
1435 2 2 1 1 3123 3238 5269
1436 2 2 1 1 3124 3239 5270
1437 2 2 1 1 3125 3240 5271
1438 2 2 1 1 3126 3241 5272
1439 2 2 1 1 3237 3348 5273
1440 2 2 1 1 3238 3349 5274
1441 2 2 1 1 3239 3350 5275
1442 2 2 1 1 3240 3351 5276
1443 2 2 1 1 3241 3352 5277
1444 2 2 1 1 3242 3353 5278
1445 2 2 1 1 3348 3449 5279
1446 2 2 1 1 3349 3450 5280
1447 2 2 1 1 3350 3451 5281
1448 2 2 1 1 3351 3452 5282
1449 2 2 1 1 3352 3453 5283
1450 2 2 1 1 3353 3454 5284
1451 2 2 1 1 3354 3455 5285
1452 2 2 1 1 3449 3546 5286
1453 2 2 1 1 3450 3547 5287
1454 2 2 1 1 3451 3548 5288
1455 2 2 1 1 3452 3549 5289
1456 2 2 1 1 3453 3550 5290
1457 2 2 1 1 3454 3551 5291
1458 2 2 1 1 3455 3552 5292
1459 2 2 1 1 3456 3553 5293
1460 2 2 1 1 3546 3644 5294
1461 2 2 1 1 3547 3645 5295
1462 2 2 1 1 3548 3646 5296
1463 2 2 1 1 3549 3647 5297
1464 2 2 1 1 3550 3648 5298
1465 2 2 1 1 3551 3649 5299
1466 2 2 1 1 3552 3650 5300
1467 2 2 1 1 3553 3651 5301
1468 2 2 1 1 3644 3732 5302
1469 2 2 1 1 3645 3733 5303
1470 2 2 1 1 3646 3734 5304
1471 2 2 1 1 3647 3735 5305
1472 2 2 1 1 3648 3736 5306
1473 2 2 1 1 3649 3737 5307
1474 2 2 1 1 3650 3738 5308
1475 2 2 1 1 3651 3739 5309
1476 2 2 1 1 3732 3813 5310
1477 2 2 1 1 3733 3814 5311
1478 2 2 1 1 3734 3815 5312
1479 2 2 1 1 3735 3816 5313
1480 2 2 1 1 3736 3817 5314
1481 2 2 1 1 3737 3818 5315
1482 2 2 1 1 3738 3819 5316
1483 2 2 1 1 3739 3820 5317
1484 2 2 1 1 3813 3885 5318
1485 2 2 1 1 3814 3886 5319
1486 2 2 1 1 3815 3887 5320
1487 2 2 1 1 3816 3888 5321
1488 2 2 1 1 3817 3889 5322
1489 2 2 1 1 3818 3890 5323
1490 2 2 1 1 3819 3891 5324
1491 2 2 1 1 3820 3892 5325
1492 2 2 1 1 3885 3948 5326
1493 2 2 1 1 3886 3949 5327
1494 2 2 1 1 3887 3950 5328
1495 2 2 1 1 3888 3951 5329
1496 2 2 1 1 3889 3952 5330
1497 2 2 1 1 3890 3953 5331
1498 2 2 1 1 3891 3954 5332
1499 2 2 1 1 3892 3955 5333
1500 2 2 1 1 3948 4003 5334
1501 2 2 1 1 3949 4004 5335
1502 2 2 1 1 3950 4005 5336
1503 2 2 1 1 3951 4006 5337
1504 2 2 1 1 3952 4007 5338
1505 2 2 1 1 3953 4008 5339
1506 2 2 1 1 3954 4009 5340
1507 2 2 1 1 3955 4010 5341
1508 2 2 1 1 4003 4053 5342
1509 2 2 1 1 4004 4054 5343
1510 2 2 1 1 4005 4055 5344
1511 2 2 1 1 4006 4056 5345
1512 2 2 1 1 4007 4057 5346
1513 2 2 1 1 4008 4058 5347
1514 2 2 1 1 4009 4059 5348
1515 2 2 1 1 4010 4060 5349
1516 2 2 1 1 4053 4098 5350
1517 2 2 1 1 4054 4099 5351
1518 2 2 1 1 4055 4100 5352
1519 2 2 1 1 4056 4101 5353
1520 2 2 1 1 4057 4102 5354
1521 2 2 1 1 4058 4103 5355
1522 2 2 1 1 4059 4104 5356
1523 2 2 1 1 4060 4105 5357
1524 2 2 1 1 4098 4138 5358
1525 2 2 1 1 4099 4139 5359
1526 2 2 1 1 4100 4140 5360
1527 2 2 1 1 4101 4141 5361
1528 2 2 1 1 4102 4142 5362
1529 2 2 1 1 4103 4143 5363
1530 2 2 1 1 4104 4144 5364
1531 2 2 1 1 4105 4145 5365
1532 2 2 1 1 4138 4176 5366
1533 2 2 1 1 4139 4177 5367
1534 2 2 1 1 4140 4178 5368
1535 2 2 1 1 4141 4179 5369
1536 2 2 1 1 4142 4180 5370
1537 2 2 1 1 4143 4181 5371
1538 2 2 1 1 4144 4182 5372
1539 2 2 1 1 4145 4183 5373
1540 2 2 1 1 4176 4209 5374
1541 2 2 1 1 4177 4210 5375
1542 2 2 1 1 4178 4211 5376
1543 2 2 1 1 4179 4212 5377
1544 2 2 1 1 4180 4213 5378
1545 2 2 1 1 4181 4214 5379
1546 2 2 1 1 4182 4215 5380
1547 2 2 1 1 4183 4216 5381
1548 2 2 1 1 4209 4239 5382
1549 2 2 1 1 4210 4240 5383
1550 2 2 1 1 4211 4241 5384
1551 2 2 1 1 4212 4242 5385
1552 2 2 1 1 4213 4243 5386
1553 2 2 1 1 4214 4244 5387
1554 2 2 1 1 4215 4245 5388
1555 2 2 1 1 4216 4246 5389
1556 2 2 1 1 4239 4266 5390
1557 2 2 1 1 4240 4267 5391
1558 2 2 1 1 4241 4268 5392
1559 2 2 1 1 4242 4269 5393
1560 2 2 1 1 4243 4270 5394
1561 2 2 1 1 4244 4271 5395
1562 2 2 1 1 4245 4272 5396
1563 2 2 1 1 4246 4273 5397
1564 2 2 1 1 4266 4291 5398
1565 2 2 1 1 4267 4292 5399
1566 2 2 1 1 4268 4293 5400
1567 2 2 1 1 4269 4294 5401
1568 2 2 1 1 4270 4295 5402
1569 2 2 1 1 4271 4296 5403
1570 2 2 1 1 4272 4297 5404
1571 2 2 1 1 4273 4298 5405
1572 2 2 1 1 4291 4314 5406
1573 2 2 1 1 4292 4315 5407
1574 2 2 1 1 4293 4316 5408
1575 2 2 1 1 4294 4317 5409
1576 2 2 1 1 4295 4318 5410
1577 2 2 1 1 4296 4319 5411
1578 2 2 1 1 4297 4320 5412
1579 2 2 1 1 4298 4321 5413
1580 2 2 1 1 4314 4334 5414
1581 2 2 1 1 4315 4335 5415
1582 2 2 1 1 4316 4336 5416
1583 2 2 1 1 4317 4337 5417
1584 2 2 1 1 4318 4338 5418
1585 2 2 1 1 4319 4339 5419
1586 2 2 1 1 4320 4340 5420
1587 2 2 1 1 4321 4341 5421
1588 2 2 1 1 4334 4353 5422
1589 2 2 1 1 4335 4354 5423
1590 2 2 1 1 4336 4355 5424
1591 2 2 1 1 4337 4356 5425
1592 2 2 1 1 4338 4357 5426
1593 2 2 1 1 4339 4358 5427
1594 2 2 1 1 4340 4359 5428
1595 2 2 1 1 4341 4360 5429
1596 2 2 1 1 4353 4372 5430
1597 2 2 1 1 4354 4373 5431
1598 2 2 1 1 4355 4374 5432
1599 2 2 1 1 4356 4375 5433
1600 2 2 1 1 4357 4376 5434
1601 2 2 1 1 4358 4377 5435
1602 2 2 1 1 4359 4378 5436
1603 2 2 1 1 4360 4379 5437
1604 2 2 1 1 4372 4390 5438
1605 2 2 1 1 4373 4391 5439
1606 2 2 1 1 4374 4392 5440
1607 2 2 1 1 4375 4393 5441
1608 2 2 1 1 4376 4394 5442
1609 2 2 1 1 4377 4395 5443
1610 2 2 1 1 4378 4396 5444
1611 2 2 1 1 4379 4397 5445
1612 2 2 1 1 4403 4387 5446
1613 2 2 1 1 4390 4406 5447
1614 2 2 1 1 4391 4407 5448
1615 2 2 1 1 4392 4408 5449
1616 2 2 1 1 4393 4409 5450
1617 2 2 1 1 4394 4410 5451
1618 2 2 1 1 4395 4411 5452
1619 2 2 1 1 4396 4412 5453
1620 2 2 1 1 4397 4413 5454
1621 2 2 1 1 4417 4403 5455
1622 2 2 1 1 4418 4404 5456
1623 2 2 1 1 4406 4420 5457
1624 2 2 1 1 4407 4421 5458
1625 2 2 1 1 4408 4422 5459
1626 2 2 1 1 4409 4423 5460
1627 2 2 1 1 4410 4424 5461
1628 2 2 1 1 4411 4425 5462
1629 2 2 1 1 4412 4426 5463
1630 2 2 1 1 4413 4427 5464
1631 2 2 1 1 4429 4417 5465
1632 2 2 1 1 4420 4429 5466
1633 2 2 1 1 4430 4418 5467
1634 2 2 1 1 4431 4419 5468
1635 2 2 1 1 4421 4433 5469
1636 2 2 1 1 4422 4434 5470
1637 2 2 1 1 4423 4435 5471
1638 2 2 1 1 4424 4436 5472
1639 2 2 1 1 4425 4437 5473
1640 2 2 1 1 4426 4438 5474
1641 2 2 1 1 4427 4439 5475
1642 2 2 1 1 4441 4430 5476
1643 2 2 1 1 4433 4441 5477
1644 2 2 1 1 4442 4431 5478
1645 2 2 1 1 4443 4432 5479
1646 2 2 1 1 4434 4445 5480
1647 2 2 1 1 4435 4446 5481
1648 2 2 1 1 4436 4447 5482
1649 2 2 1 1 4437 4448 5483
1650 2 2 1 1 4438 4449 5484
1651 2 2 1 1 4439 4450 5485
1652 2 2 1 1 4452 4442 5486
1653 2 2 1 1 4445 4452 5487
1654 2 2 1 1 4453 4443 5488
1655 2 2 1 1 4454 4444 5489
1656 2 2 1 1 4446 4456 5490
1657 2 2 1 1 4447 4457 5491
1658 2 2 1 1 4448 4458 5492
1659 2 2 1 1 4449 4459 5493
1660 2 2 1 1 4450 4460 5494
1661 2 2 1 1 4462 4453 5495
1662 2 2 1 1 4456 4462 5496
1663 2 2 1 1 4463 4454 5497
1664 2 2 1 1 4464 4455 5498
1665 2 2 1 1 4457 4466 5499
1666 2 2 1 1 4458 4467 5500
1667 2 2 1 1 4459 4468 5501
1668 2 2 1 1 4460 4469 5502
1669 2 2 1 1 4471 4463 5503
1670 2 2 1 1 4466 4471 5504
1671 2 2 1 1 4472 4464 5505
1672 2 2 1 1 4473 4465 5506
1673 2 2 1 1 4467 4475 5507
1674 2 2 1 1 4468 4476 5508
1675 2 2 1 1 4469 4477 5509
1676 2 2 1 1 4479 4472 5510
1677 2 2 1 1 4475 4479 5511
1678 2 2 1 1 4480 4473 5512
1679 2 2 1 1 4481 4474 5513
1680 2 2 1 1 4476 4483 5514
1681 2 2 1 1 4477 4484 5515
1682 2 2 1 1 4486 4480 5516
1683 2 2 1 1 4483 4486 5517
1684 2 2 1 1 4487 4481 5518
1685 2 2 1 1 4484 4489 5519
1686 2 2 1 1 4491 4487 5520
1687 2 2 1 1 4489 4491 5521
1688 2 2 5 5 1 2 4495
1689 2 2 5 5 2 3 4496
1690 2 2 5 5 3 4 4497
1691 2 2 5 5 4 6 4498
1692 2 2 5 5 6 7 4499
1693 2 2 5 5 5 8 4500
1694 2 2 5 5 8 9 4501
1695 2 2 5 5 9 10 4502
1696 2 2 5 5 7 12 4503
1697 2 2 5 5 12 13 4504
1698 2 2 5 5 10 14 4505
1699 2 2 5 5 14 15 4506
1700 2 2 5 5 13 16 4507
1701 2 2 5 5 16 17 4508
1702 2 2 5 5 17 18 4509
1703 2 2 5 5 18 19 4510
1704 2 2 5 5 11 20 4511
1705 2 2 5 5 20 21 4512
1706 2 2 5 5 21 22 4513
1707 2 2 5 5 19 23 4514
1708 2 2 5 5 23 24 4515
1709 2 2 5 5 24 25 4516
1710 2 2 5 5 25 26 4517
1711 2 2 5 5 26 27 4518
1712 2 2 5 5 27 28 4519
1713 2 2 5 5 28 29 4520
1714 2 2 5 5 29 30 4521
1715 2 2 5 5 30 31 4522
1716 2 2 5 5 31 32 4523
1717 2 2 5 5 32 33 4524
1718 2 2 5 5 33 34 4525
1719 2 2 5 5 34 35 4526
1720 2 2 5 5 15 37 4527
1721 2 2 5 5 37 38 4528
1722 2 2 5 5 22 39 4529
1723 2 2 5 5 39 40 4530
1724 2 2 5 5 38 41 4531
1725 2 2 5 5 41 42 4532
1726 2 2 5 5 42 43 4533
1727 2 2 5 5 43 44 4534
1728 2 2 5 5 36 45 4535
1729 2 2 5 5 45 46 4536
1730 2 2 5 5 46 47 4537
1731 2 2 5 5 44 48 4538
1732 2 2 5 5 48 49 4539
1733 2 2 5 5 49 50 4540
1734 2 2 5 5 50 51 4541
1735 2 2 5 5 51 52 4542
1736 2 2 5 5 52 53 4543
1737 2 2 5 5 53 54 4544
1738 2 2 5 5 54 55 4545
1739 2 2 5 5 55 56 4546
1740 2 2 5 5 56 57 4547
1741 2 2 5 5 57 58 4548
1742 2 2 5 5 58 59 4549
1743 2 2 5 5 35 60 4550
1744 2 2 5 5 59 61 4551
1745 2 2 5 5 60 62 4552
1746 2 2 5 5 62 63 4553
1747 2 2 5 5 40 65 4554
1748 2 2 5 5 65 66 4555
1749 2 2 5 5 47 67 4556
1750 2 2 5 5 67 68 4557
1751 2 2 5 5 66 69 4558
1752 2 2 5 5 69 70 4559
1753 2 2 5 5 70 71 4560
1754 2 2 5 5 71 72 4561
1755 2 2 5 5 64 73 4562
1756 2 2 5 5 73 74 4563
1757 2 2 5 5 74 75 4564
1758 2 2 5 5 72 76 4565
1759 2 2 5 5 76 77 4566
1760 2 2 5 5 77 78 4567
1761 2 2 5 5 78 79 4568
1762 2 2 5 5 79 80 4569
1763 2 2 5 5 80 81 4570
1764 2 2 5 5 81 82 4571
1765 2 2 5 5 82 83 4572
1766 2 2 5 5 83 84 4573
1767 2 2 5 5 84 85 4574
1768 2 2 5 5 85 86 4575
1769 2 2 5 5 86 87 4576
1770 2 2 5 5 61 88 4577
1771 2 2 5 5 87 89 4578
1772 2 2 5 5 88 90 4579
1773 2 2 5 5 63 91 4580
1774 2 2 5 5 90 92 4581
1775 2 2 5 5 91 93 4582
1776 2 2 5 5 93 94 4583
1777 2 2 5 5 68 96 4584
1778 2 2 5 5 96 97 4585
1779 2 2 5 5 75 98 4586
1780 2 2 5 5 98 99 4587
1781 2 2 5 5 97 100 4588
1782 2 2 5 5 100 101 4589
1783 2 2 5 5 101 102 4590
1784 2 2 5 5 102 103 4591
1785 2 2 5 5 95 104 4592
1786 2 2 5 5 104 105 4593
1787 2 2 5 5 105 106 4594
1788 2 2 5 5 103 107 4595
1789 2 2 5 5 107 108 4596
1790 2 2 5 5 108 109 4597
1791 2 2 5 5 109 110 4598
1792 2 2 5 5 110 111 4599
1793 2 2 5 5 111 112 4600
1794 2 2 5 5 112 113 4601
1795 2 2 5 5 113 114 4602
1796 2 2 5 5 114 115 4603
1797 2 2 5 5 115 116 4604
1798 2 2 5 5 116 117 4605
1799 2 2 5 5 117 118 4606
1800 2 2 5 5 89 119 4607
1801 2 2 5 5 118 120 4608
1802 2 2 5 5 119 121 4609
1803 2 2 5 5 92 122 4610
1804 2 2 5 5 121 123 4611
1805 2 2 5 5 122 124 4612
1806 2 2 5 5 94 125 4613
1807 2 2 5 5 124 126 4614
1808 2 2 5 5 125 127 4615
1809 2 2 5 5 99 129 4616
1810 2 2 5 5 129 130 4617
1811 2 2 5 5 106 131 4618
1812 2 2 5 5 131 132 4619
1813 2 2 5 5 130 133 4620
1814 2 2 5 5 133 134 4621
1815 2 2 5 5 134 135 4622
1816 2 2 5 5 135 136 4623
1817 2 2 5 5 128 137 4624
1818 2 2 5 5 137 138 4625
1819 2 2 5 5 138 139 4626
1820 2 2 5 5 136 140 4627
1821 2 2 5 5 140 141 4628
1822 2 2 5 5 141 142 4629
1823 2 2 5 5 142 143 4630
1824 2 2 5 5 143 144 4631
1825 2 2 5 5 144 145 4632
1826 2 2 5 5 145 146 4633
1827 2 2 5 5 146 147 4634
1828 2 2 5 5 147 148 4635
1829 2 2 5 5 148 149 4636
1830 2 2 5 5 149 150 4637
1831 2 2 5 5 150 151 4638
1832 2 2 5 5 120 152 4639
1833 2 2 5 5 151 153 4640
1834 2 2 5 5 152 154 4641
1835 2 2 5 5 123 155 4642
1836 2 2 5 5 154 156 4643
1837 2 2 5 5 155 157 4644
1838 2 2 5 5 126 158 4645
1839 2 2 5 5 157 159 4646
1840 2 2 5 5 158 160 4647
1841 2 2 5 5 127 161 4648
1842 2 2 5 5 132 163 4649
1843 2 2 5 5 163 164 4650
1844 2 2 5 5 139 165 4651
1845 2 2 5 5 165 166 4652
1846 2 2 5 5 164 167 4653
1847 2 2 5 5 167 168 4654
1848 2 2 5 5 168 169 4655
1849 2 2 5 5 169 170 4656
1850 2 2 5 5 162 171 4657
1851 2 2 5 5 171 172 4658
1852 2 2 5 5 172 173 4659
1853 2 2 5 5 170 174 4660
1854 2 2 5 5 174 175 4661
1855 2 2 5 5 175 176 4662
1856 2 2 5 5 176 177 4663
1857 2 2 5 5 177 178 4664
1858 2 2 5 5 178 179 4665
1859 2 2 5 5 179 180 4666
1860 2 2 5 5 180 181 4667
1861 2 2 5 5 181 182 4668
1862 2 2 5 5 182 183 4669
1863 2 2 5 5 183 184 4670
1864 2 2 5 5 184 185 4671
1865 2 2 5 5 153 186 4672
1866 2 2 5 5 185 187 4673
1867 2 2 5 5 186 188 4674
1868 2 2 5 5 156 189 4675
1869 2 2 5 5 188 190 4676
1870 2 2 5 5 189 191 4677
1871 2 2 5 5 159 192 4678
1872 2 2 5 5 191 193 4679
1873 2 2 5 5 192 194 4680
1874 2 2 5 5 160 195 4681
1875 2 2 5 5 166 197 4682
1876 2 2 5 5 197 198 4683
1877 2 2 5 5 173 199 4684
1878 2 2 5 5 199 200 4685
1879 2 2 5 5 198 201 4686
1880 2 2 5 5 201 202 4687
1881 2 2 5 5 202 203 4688
1882 2 2 5 5 203 204 4689
1883 2 2 4 4 196 205 4690
1884 2 2 4 4 205 206 4691
1885 2 2 4 4 206 207 4692
1886 2 2 5 5 204 208 4693
1887 2 2 5 5 208 209 4694
1888 2 2 5 5 209 210 4695
1889 2 2 5 5 210 211 4696
1890 2 2 5 5 211 212 4697
1891 2 2 5 5 212 213 4698
1892 2 2 5 5 213 214 4699
1893 2 2 5 5 214 215 4700
1894 2 2 5 5 215 216 4701
1895 2 2 5 5 216 217 4702
1896 2 2 5 5 217 218 4703
1897 2 2 5 5 218 219 4704
1898 2 2 5 5 187 220 4705
1899 2 2 5 5 219 221 4706
1900 2 2 5 5 220 222 4707
1901 2 2 5 5 190 223 4708
1902 2 2 5 5 222 224 4709
1903 2 2 5 5 223 225 4710
1904 2 2 5 5 193 226 4711
1905 2 2 5 5 225 227 4712
1906 2 2 5 5 226 228 4713
1907 2 2 5 5 194 229 4714
1908 2 2 5 5 200 231 4715
1909 2 2 5 5 231 232 4716
1910 2 2 4 4 207 233 4717
1911 2 2 4 4 233 234 4718
1912 2 2 5 5 232 235 4719
1913 2 2 5 5 235 236 4720
1914 2 2 5 5 236 237 4721
1915 2 2 5 5 237 238 4722
1916 2 2 5 5 238 243 4723
1917 2 2 5 5 243 244 4724
1918 2 2 5 5 244 245 4725
1919 2 2 5 5 245 246 4726
1920 2 2 5 5 246 247 4727
1921 2 2 5 5 247 248 4728
1922 2 2 5 5 248 249 4729
1923 2 2 5 5 249 250 4730
1924 2 2 5 5 250 251 4731
1925 2 2 5 5 251 252 4732
1926 2 2 5 5 252 253 4733
1927 2 2 5 5 253 254 4734
1928 2 2 5 5 221 255 4735
1929 2 2 5 5 254 256 4736
1930 2 2 5 5 255 257 4737
1931 2 2 5 5 224 258 4738
1932 2 2 5 5 257 259 4739
1933 2 2 5 5 258 260 4740
1934 2 2 5 5 227 261 4741
1935 2 2 5 5 260 262 4742
1936 2 2 5 5 261 263 4743
1937 2 2 5 5 228 264 4744
1938 2 2 4 4 234 266 4745
1939 2 2 4 4 266 267 4746
1940 2 2 4 4 267 270 4747
1941 2 2 4 4 270 271 4748
1942 2 2 4 4 271 272 4749
1943 2 2 4 4 272 273 4750
1944 2 2 4 4 273 278 4751
1945 2 2 4 4 278 279 4752
1946 2 2 4 4 279 280 4753
1947 2 2 4 4 280 281 4754
1948 2 2 4 4 281 282 4755
1949 2 2 4 4 282 283 4756
1950 2 2 4 4 319 283 4757
1951 2 2 4 4 320 284 4758
1952 2 2 4 4 321 285 4759
1953 2 2 4 4 322 286 4760
1954 2 2 4 4 323 287 4761
1955 2 2 4 4 324 288 4762
1956 2 2 5 5 256 290 4763
1957 2 2 4 4 325 289 4764
1958 2 2 5 5 290 292 4765
1959 2 2 5 5 259 293 4766
1960 2 2 5 5 292 294 4767
1961 2 2 5 5 293 295 4768
1962 2 2 5 5 262 296 4769
1963 2 2 5 5 295 297 4770
1964 2 2 5 5 296 298 4771
1965 2 2 5 5 263 299 4772
1966 2 2 4 4 291 326 4773
1967 2 2 4 4 326 328 4774
1968 2 2 5 5 294 329 4775
1969 2 2 4 4 328 330 4776
1970 2 2 5 5 329 331 4777
1971 2 2 5 5 297 332 4778
1972 2 2 5 5 331 333 4779
1973 2 2 5 5 332 334 4780
1974 2 2 5 5 298 335 4781
1975 2 2 4 4 367 330 4782
1976 2 2 4 4 402 366 4783
1977 2 2 5 5 333 369 4784
1978 2 2 4 4 404 368 4785
1979 2 2 5 5 369 371 4786
1980 2 2 5 5 334 372 4787
1981 2 2 4 4 406 370 4788
1982 2 2 4 4 442 405 4789
1983 2 2 5 5 371 408 4790
1984 2 2 4 4 407 445 4791
1985 2 2 25 25 646 648 4792
1986 2 2 25 25 679 646 4793
1987 2 2 25 25 680 682 4794
1988 2 2 25 25 648 681 4795
1989 2 2 25 25 712 680 4796
1990 2 2 25 25 711 679 4797
1991 2 2 25 25 682 716 4798
1992 2 2 25 25 716 681 4799
1993 2 2 25 25 743 712 4800
1994 2 2 25 25 749 716 4801
1995 2 2 25 25 751 715 4802
1996 2 2 23 23 792 789 4803
1997 2 2 22 22 789 792 4804
1998 2 2 25 25 784 751 4805
1999 2 2 25 25 788 750 4806
2000 2 2 22 22 834 789 4807
2001 2 2 23 23 789 834 4808
2002 2 2 23 23 793 791 4809
2003 2 2 23 23 840 792 4810
2004 2 2 18 18 790 794 4811
2005 2 2 22 22 792 840 4812
2006 2 2 25 25 829 788 4813
2007 2 2 25 25 832 787 4814
2008 2 2 23 23 834 885 4815
2009 2 2 18 18 836 790 4816
2010 2 2 22 22 885 834 4817
2011 2 2 23 23 791 837 4818
2012 2 2 23 23 837 886 4819
2013 2 2 23 23 839 838 4820
2014 2 2 23 23 841 793 4821
2015 2 2 23 23 896 895 4822
2016 2 2 18 18 794 843 4823
2017 2 2 18 18 835 842 4824
2018 2 2 22 22 840 895 4825
2019 2 2 25 25 879 832 4826
2020 2 2 21 21 880 940 4827
2021 2 2 21 21 882 942 4828
2022 2 2 21 21 883 943 4829
2023 2 2 21 21 884 944 4830
2024 2 2 21 21 900 941 4831
2025 2 2 23 23 885 945 4832
2026 2 2 23 23 886 946 4833
2027 2 2 18 18 888 835 4834
2028 2 2 11 11 948 887 4835
2029 2 2 18 18 889 836 4836
2030 2 2 22 22 945 885 4837
2031 2 2 23 23 838 890 4838
2032 2 2 23 23 890 891 4839
2033 2 2 23 23 953 952 4840
2034 2 2 23 23 893 892 4841
2035 2 2 23 23 894 839 4842
2036 2 2 23 23 957 896 4843
2037 2 2 23 23 959 958 4844
2038 2 2 18 18 843 899 4845
2039 2 2 18 18 842 897 4846
2040 2 2 11 11 887 898 4847
2041 2 2 22 22 895 958 4848
2042 2 2 21 21 967 938 4849
2043 2 2 11 11 922 923 4850
2044 2 2 21 21 968 965 4851
2045 2 2 21 21 966 1013 4852
2046 2 2 21 21 940 1017 4853
2047 2 2 21 21 938 1016 4854
2048 2 2 21 21 942 1020 4855
2049 2 2 21 21 943 1021 4856
2050 2 2 21 21 944 1022 4857
2051 2 2 21 21 941 1019 4858
2052 2 2 23 23 945 1023 4859
2053 2 2 23 23 1025 947 4860
2054 2 2 18 18 949 888 4861
2055 2 2 11 11 1026 948 4862
2056 2 2 18 18 950 889 4863
2057 2 2 22 22 1023 945 4864
2058 2 2 23 23 892 951 4865
2059 2 2 23 23 952 1030 4866
2060 2 2 23 23 1031 953 4867
2061 2 2 23 23 1032 1030 4868
2062 2 2 23 23 955 954 4869
2063 2 2 23 23 956 893 4870
2064 2 2 23 23 1038 957 4871
2065 2 2 23 23 959 896 4872
2066 2 2 23 23 1040 958 4873
2067 2 2 23 23 1037 955 4874
2068 2 2 11 11 960 922 4875
2069 2 2 18 18 899 964 4876
2070 2 2 18 18 897 961 4877
2071 2 2 11 11 898 962 4878
2072 2 2 11 11 923 963 4879
2073 2 2 22 22 958 1040 4880
2074 2 2 21 21 1054 1053 4881
2075 2 2 21 21 1056 966 4882
2076 2 2 21 21 1058 968 4883
2077 2 2 8 8 1043 988 4884
2078 2 2 8 8 988 989 4885
2079 2 2 23 23 1024 1023 4886
2080 2 2 23 23 1139 1025 4887
2081 2 2 23 23 1140 1031 4888
2082 2 2 18 18 1027 949 4889
2083 2 2 11 11 1141 1026 4890
2084 2 2 18 18 1028 950 4891
2085 2 2 22 22 1137 1023 4892
2086 2 2 23 23 954 1029 4893
2087 2 2 23 23 1030 1145 4894
2088 2 2 23 23 1146 1032 4895
2089 2 2 23 23 1147 1145 4896
2090 2 2 23 23 1033 1034 4897
2091 2 2 23 23 1041 959 4898
2092 2 2 23 23 1158 1038 4899
2093 2 2 23 23 1039 957 4900
2094 2 2 23 23 1164 1158 4901
2095 2 2 23 23 1042 1033 4902
2096 2 2 11 11 1044 960 4903
2097 2 2 8 8 1166 1043 4904
2098 2 2 18 18 964 1051 4905
2099 2 2 8 8 989 1048 4906
2100 2 2 18 18 961 1045 4907
2101 2 2 11 11 962 1046 4908
2102 2 2 11 11 963 1047 4909
2103 2 2 19 19 1051 1174 4910
2104 2 2 21 21 1178 1053 4911
2105 2 2 21 21 1180 1054 4912
2106 2 2 21 21 1055 1054 4913
2107 2 2 6 6 1200 1075 4914
2108 2 2 6 6 1202 1077 4915
2109 2 2 6 6 1201 1076 4916
2110 2 2 6 6 1078 1075 4917
2111 2 2 6 6 1198 1078 4918
2112 2 2 23 23 1271 1146 4919
2113 2 2 23 23 1138 1137 4920
2114 2 2 23 23 1139 1138 4921
2115 2 2 23 23 1140 1139 4922
2116 2 2 18 18 1142 1027 4923
2117 2 2 11 11 1276 1141 4924
2118 2 2 18 18 1143 1028 4925
2119 2 2 22 22 1272 1137 4926
2120 2 2 23 23 1034 1144 4927
2121 2 2 23 23 1145 1280 4928
2122 2 2 23 23 1281 1147 4929
2123 2 2 23 23 1282 1280 4930
2124 2 2 23 23 1283 1281 4931
2125 2 2 23 23 1165 1148 4932
2126 2 2 23 23 1148 1149 4933
2127 2 2 23 23 1296 1159 4934
2128 2 2 23 23 1305 1164 4935
2129 2 2 11 11 1167 1044 4936
2130 2 2 8 8 1306 1166 4937
2131 2 2 18 18 1045 1168 4938
2132 2 2 8 8 1048 1172 4939
2133 2 2 11 11 1046 1170 4940
2134 2 2 11 11 1047 1171 4941
2135 2 2 6 6 1199 1169 4942
2136 2 2 19 19 1174 1313 4943
2137 2 2 19 19 1168 1177 4944
2138 2 2 21 21 1324 1178 4945
2139 2 2 21 21 1179 1055 4946
2140 2 2 6 6 1341 1198 4947
2141 2 2 6 6 1201 1345 4948
2142 2 2 6 6 1346 1202 4949
2143 2 2 6 6 1345 1201 4950
2144 2 2 6 6 1200 1344 4951
2145 2 2 6 6 1204 1203 4952
2146 2 2 6 6 1342 1204 4953
2147 2 2 23 23 1275 1411 4954
2148 2 2 23 23 1273 1272 4955
2149 2 2 23 23 1274 1273 4956
2150 2 2 23 23 1275 1274 4957
2151 2 2 18 18 1277 1142 4958
2152 2 2 11 11 1416 1276 4959
2153 2 2 18 18 1278 1143 4960
2154 2 2 22 22 1412 1272 4961
2155 2 2 23 23 1149 1279 4962
2156 2 2 23 23 1280 1420 4963
2157 2 2 23 23 1421 1282 4964
2158 2 2 23 23 1422 1420 4965
2159 2 2 23 23 1411 1423 4966
2160 2 2 23 23 1424 1421 4967
2161 2 2 23 23 1284 1285 4968
2162 2 2 23 23 1285 1286 4969
2163 2 2 11 11 1307 1167 4970
2164 2 2 8 8 1455 1306 4971
2165 2 2 6 6 1343 1199 4972
2166 2 2 11 11 1170 1308 4973
2167 2 2 8 8 1172 1311 4974
2168 2 2 11 11 1171 1310 4975
2169 2 2 6 6 1309 1459 4976
2170 2 2 19 19 1177 1321 4977
2171 2 2 12 12 1308 1322 4978
2172 2 2 21 21 1472 1324 4979
2173 2 2 21 21 1325 1179 4980
2174 2 2 6 6 1493 1341 4981
2175 2 2 6 6 1494 1342 4982
2176 2 2 6 6 1345 1498 4983
2177 2 2 6 6 1499 1346 4984
2178 2 2 6 6 1498 1345 4985
2179 2 2 6 6 1344 1497 4986
2180 2 2 6 6 1348 1347 4987
2181 2 2 6 6 1349 1348 4988
2182 2 2 6 6 1495 1349 4989
2183 2 2 23 23 1411 1275 4990
2184 2 2 23 23 1423 1411 4991
2185 2 2 23 23 1413 1412 4992
2186 2 2 23 23 1414 1413 4993
2187 2 2 23 23 1415 1414 4994
2188 2 2 18 18 1417 1277 4995
2189 2 2 11 11 1569 1416 4996
2190 2 2 18 18 1418 1278 4997
2191 2 2 22 22 1565 1412 4998
2192 2 2 23 23 1419 1572 4999
2193 2 2 23 23 1420 1573 5000
2194 2 2 23 23 1574 1422 5001
2195 2 2 23 23 1575 1573 5002
2196 2 2 23 23 1423 1576 5003
2197 2 2 23 23 1576 1423 5004
2198 2 2 23 23 1578 1574 5005
2199 2 2 11 11 1456 1307 5006
2200 2 2 8 8 1616 1455 5007
2201 2 2 6 6 1496 1343 5008
2202 2 2 6 6 1312 1461 5009
2203 2 2 11 11 1310 1458 5010
2204 2 2 8 8 1311 1460 5011
2205 2 2 6 6 1459 1621 5012
2206 2 2 12 12 1458 1469 5013
2207 2 2 12 12 1322 1468 5014
2208 2 2 21 21 1633 1472 5015
2209 2 2 20 20 1586 1632 5016
2210 2 2 13 13 1470 1476 5017
2211 2 2 20 20 1585 1477 5018
2212 2 2 21 21 1479 1325 5019
2213 2 2 6 6 1655 1493 5020
2214 2 2 6 6 1656 1494 5021
2215 2 2 6 6 1657 1495 5022
2216 2 2 6 6 1498 1661 5023
2217 2 2 6 6 1662 1499 5024
2218 2 2 6 6 1661 1498 5025
2219 2 2 6 6 1497 1660 5026
2220 2 2 6 6 1658 1501 5027
2221 2 2 6 6 1502 1500 5028
2222 2 2 6 6 1503 1502 5029
2223 2 2 6 6 1501 1503 5030
2224 2 2 23 23 1563 1415 5031
2225 2 2 23 23 1564 1563 5032
2226 2 2 23 23 1565 1720 5033
2227 2 2 23 23 1566 1721 5034
2228 2 2 23 23 1567 1722 5035
2229 2 2 18 18 1570 1417 5036
2230 2 2 11 11 1724 1569 5037
2231 2 2 18 18 1571 1418 5038
2232 2 2 22 22 1720 1565 5039
2233 2 2 23 23 1729 1575 5040
2234 2 2 23 23 1577 1564 5041
2235 2 2 23 23 1576 1732 5042
2236 2 2 23 23 1732 1576 5043
2237 2 2 23 23 1733 1577 5044
2238 2 2 23 23 1735 1729 5045
2239 2 2 20 20 1742 1586 5046
2240 2 2 20 20 1743 1631 5047
2241 2 2 20 20 1743 1746 5048
2242 2 2 20 20 1746 1750 5049
2243 2 2 11 11 1617 1456 5050
2244 2 2 8 8 1775 1616 5051
2245 2 2 6 6 1659 1496 5052
2246 2 2 6 6 1457 1619 5053
2247 2 2 6 6 1619 1461 5054
2248 2 2 8 8 1460 1620 5055
2249 2 2 6 6 1622 1621 5056
2250 2 2 13 13 1623 1470 5057
2251 2 2 12 12 1469 1626 5058
2252 2 2 13 13 1468 1625 5059
2253 2 2 13 13 1625 1623 5060
2254 2 2 13 13 1627 1639 5061
2255 2 2 21 21 1802 1633 5062
2256 2 2 20 20 1477 1638 5063
2257 2 2 14 14 1476 1640 5064
2258 2 2 21 21 1643 1479 5065
2259 2 2 21 21 1812 1643 5066
2260 2 2 6 6 1822 1655 5067
2261 2 2 6 6 1823 1656 5068
2262 2 2 6 6 1824 1657 5069
2263 2 2 6 6 1825 1658 5070
2264 2 2 6 6 1661 1829 5071
2265 2 2 6 6 1830 1662 5072
2266 2 2 6 6 1829 1661 5073
2267 2 2 6 6 1826 1663 5074
2268 2 2 6 6 1660 1828 5075
2269 2 2 6 6 1663 1665 5076
2270 2 2 6 6 1833 1835 5077
2271 2 2 6 6 1667 1666 5078
2272 2 2 6 6 1665 1667 5079
2273 2 2 6 6 1827 1659 5080
2274 2 2 20 20 1670 1509 5081
2275 2 2 20 20 1839 1671 5082
2276 2 2 20 20 1841 1673 5083
2277 2 2 20 20 1842 1674 5084
2278 2 2 23 23 1568 1723 5085
2279 2 2 23 23 1718 1885 5086
2280 2 2 23 23 1720 1887 5087
2281 2 2 23 23 1722 1721 5088
2282 2 2 23 23 1723 1722 5089
2283 2 2 18 18 1725 1570 5090
2284 2 2 11 11 1891 1724 5091
2285 2 2 18 18 1726 1571 5092
2286 2 2 22 22 1887 1720 5093
2287 2 2 23 23 1719 1886 5094
2288 2 2 23 23 1732 1899 5095
2289 2 2 23 23 1899 1732 5096
2290 2 2 23 23 1900 1733 5097
2291 2 2 20 20 1909 1743 5098
2292 2 2 20 20 1909 1912 5099
2293 2 2 20 20 1912 1913 5100
2294 2 2 20 20 1591 1750 5101
2295 2 2 11 11 1776 1617 5102
2296 2 2 8 8 1941 1775 5103
2297 2 2 6 6 1618 1778 5104
2298 2 2 6 6 1778 1619 5105
2299 2 2 6 6 1779 1622 5106
2300 2 2 13 13 1785 1627 5107
2301 2 2 13 13 1626 1787 5108
2302 2 2 13 13 1787 1785 5109
2303 2 2 14 14 1639 1807 5110
2304 2 2 21 21 1973 1802 5111
2305 2 2 14 14 1640 1806 5112
2306 2 2 21 21 1987 1812 5113
2307 2 2 6 6 1996 1995 5114
2308 2 2 6 6 1997 1996 5115
2309 2 2 6 6 1998 1997 5116
2310 2 2 6 6 1999 1998 5117
2311 2 2 6 6 1829 2002 5118
2312 2 2 6 6 2003 1830 5119
2313 2 2 6 6 2002 1829 5120
2314 2 2 6 6 2005 1999 5121
2315 2 2 6 6 1831 1832 5122
2316 2 2 6 6 1828 2001 5123
2317 2 2 6 6 1832 1834 5124
2318 2 2 6 6 2007 2009 5125
2319 2 2 6 6 1835 2009 5126
2320 2 2 6 6 1834 1836 5127
2321 2 2 6 6 2000 1827 5128
2322 2 2 6 6 1777 1943 5129
2323 2 2 20 20 1838 1670 5130
2324 2 2 20 20 2014 1839 5131
2325 2 2 20 20 2017 1841 5132
2326 2 2 20 20 2019 1844 5133
2327 2 2 20 20 2018 1842 5134
2328 2 2 23 23 1723 1890 5135
2329 2 2 23 23 1888 1887 5136
2330 2 2 23 23 1889 1888 5137
2331 2 2 11 11 2069 1891 5138
2332 2 2 18 18 1892 1725 5139
2333 2 2 22 22 2066 1887 5140
2334 2 2 18 18 1893 1726 5141
2335 2 2 20 20 1750 1913 5142
2336 2 2 20 20 1749 1916 5143
2337 2 2 20 20 1919 2096 5144
2338 2 2 20 20 1920 2097 5145
2339 2 2 20 20 1921 2098 5146
2340 2 2 20 20 1922 2099 5147
2341 2 2 20 20 2100 2019 5148
2342 2 2 11 11 1942 1776 5149
2343 2 2 8 8 2117 1941 5150
2344 2 2 6 6 1778 1944 5151
2345 2 2 14 14 1807 1975 5152
2346 2 2 21 21 2147 1973 5153
2347 2 2 15 15 1806 1974 5154
2348 2 2 16 16 1987 1813 5155
2349 2 2 6 6 2166 2165 5156
2350 2 2 6 6 2166 1996 5157
2351 2 2 6 6 2167 1997 5158
2352 2 2 6 6 2169 2168 5159
2353 2 2 6 6 2170 2000 5160
2354 2 2 6 6 2002 2172 5161
2355 2 2 6 6 2173 2003 5162
2356 2 2 6 6 2172 2002 5163
2357 2 2 6 6 2175 2005 5164
2358 2 2 6 6 2004 2006 5165
2359 2 2 6 6 2001 2171 5166
2360 2 2 6 6 2006 2008 5167
2361 2 2 6 6 2177 2179 5168
2362 2 2 6 6 2009 2179 5169
2363 2 2 6 6 2008 2010 5170
2364 2 2 6 6 1837 2012 5171
2365 2 2 20 20 2188 2020 5172
2366 2 2 11 11 2240 2069 5173
2367 2 2 18 18 2072 1892 5174
2368 2 2 18 18 2071 1893 5175
2369 2 2 20 20 1916 2091 5176
2370 2 2 20 20 1915 2093 5177
2371 2 2 20 20 2265 2096 5178
2372 2 2 20 20 2096 2266 5179
2373 2 2 20 20 2097 2267 5180
2374 2 2 20 20 2098 2268 5181
2375 2 2 20 20 2099 2269 5182
2376 2 2 20 20 2270 2188 5183
2377 2 2 20 20 2275 2274 5184
2378 2 2 20 20 2278 2275 5185
2379 2 2 20 20 2279 2278 5186
2380 2 2 8 8 2286 2117 5187
2381 2 2 11 11 2118 1942 5188
2382 2 2 15 15 1975 2148 5189
2383 2 2 16 16 2147 1987 5190
2384 2 2 15 15 1974 2147 5191
2385 2 2 16 16 2158 1988 5192
2386 2 2 6 6 2327 2165 5193
2387 2 2 6 6 2328 2166 5194
2388 2 2 6 6 2333 2170 5195
2389 2 2 6 6 2172 2335 5196
2390 2 2 6 6 2333 2336 5197
2391 2 2 6 6 2173 2336 5198
2392 2 2 6 6 2174 2176 5199
2393 2 2 6 6 2334 2340 5200
2394 2 2 6 6 2176 2178 5201
2395 2 2 6 6 2340 2342 5202
2396 2 2 6 6 2179 2342 5203
2397 2 2 6 6 2180 2343 5204
2398 2 2 11 11 2404 2240 5205
2399 2 2 18 18 2242 2072 5206
2400 2 2 17 17 2241 2071 5207
2401 2 2 20 20 2092 2263 5208
2402 2 2 20 20 2432 2279 5209
2403 2 2 20 20 2093 2262 5210
2404 2 2 20 20 2435 2265 5211
2405 2 2 20 20 2436 2266 5212
2406 2 2 20 20 2443 2435 5213
2407 2 2 20 20 2104 2274 5214
2408 2 2 20 20 2446 2445 5215
2409 2 2 20 20 2273 2444 5216
2410 2 2 20 20 2276 2447 5217
2411 2 2 20 20 2449 2446 5218
2412 2 2 20 20 2450 2449 5219
2413 2 2 8 8 2457 2286 5220
2414 2 2 11 11 2287 2118 5221
2415 2 2 16 16 2315 2158 5222
2416 2 2 15 15 2148 2315 5223
2417 2 2 3 3 2321 2157 5224
2418 2 2 17 17 2403 2241 5225
2419 2 2 10 10 2567 2404 5226
2420 2 2 17 17 2405 2242 5227
2421 2 2 20 20 2263 2434 5228
2422 2 2 20 20 2596 2450 5229
2423 2 2 20 20 2599 2436 5230
2424 2 2 20 20 2277 2448 5231
2425 2 2 20 20 2606 2443 5232
2426 2 2 20 20 2607 2599 5233
2427 2 2 20 20 2274 2445 5234
2428 2 2 20 20 2444 2608 5235
2429 2 2 20 20 2447 2611 5236
2430 2 2 10 10 2459 2287 5237
2431 2 2 3 3 2488 2321 5238
2432 2 2 3 3 2491 2320 5239
2433 2 2 10 10 2728 2567 5240
2434 2 2 17 17 2566 2405 5241
2435 2 2 20 20 2448 2612 5242
2436 2 2 20 20 2766 2607 5243
2437 2 2 10 10 2622 2459 5244
2438 2 2 3 3 2653 2491 5245
2439 2 2 3 3 2655 2490 5246
2440 2 2 1 1 2721 2871 5247
2441 2 2 9 9 2877 2728 5248
2442 2 2 9 9 2878 2877 5249
2443 2 2 9 9 2780 2622 5250
2444 2 2 9 9 2782 2780 5251
2445 2 2 3 3 2814 2654 5252
2446 2 2 3 3 2813 2655 5253
2447 2 2 3 3 2817 2954 5254
2448 2 2 1 1 2870 3004 5255
2449 2 2 1 1 2871 3005 5256
2450 2 2 3 3 2951 2814 5257
2451 2 2 3 3 2954 3077 5258
2452 2 2 3 3 2953 3078 5259
2453 2 2 1 1 3003 3123 5260
2454 2 2 1 1 3004 3124 5261
2455 2 2 1 1 3005 3125 5262
2456 2 2 3 3 3078 3197 5263
2457 2 2 1 1 3122 3238 5264
2458 2 2 1 1 3123 3239 5265
2459 2 2 1 1 3124 3240 5266
2460 2 2 1 1 3125 3241 5267
2461 2 2 1 1 3237 3349 5268
2462 2 2 1 1 3238 3350 5269
2463 2 2 1 1 3239 3351 5270
2464 2 2 1 1 3240 3352 5271
2465 2 2 1 1 3241 3353 5272
2466 2 2 1 1 3348 3450 5273
2467 2 2 1 1 3349 3451 5274
2468 2 2 1 1 3350 3452 5275
2469 2 2 1 1 3351 3453 5276
2470 2 2 1 1 3352 3454 5277
2471 2 2 1 1 3353 3455 5278
2472 2 2 1 1 3449 3547 5279
2473 2 2 1 1 3450 3548 5280
2474 2 2 1 1 3451 3549 5281
2475 2 2 1 1 3452 3550 5282
2476 2 2 1 1 3453 3551 5283
2477 2 2 1 1 3454 3552 5284
2478 2 2 1 1 3455 3553 5285
2479 2 2 1 1 3546 3645 5286
2480 2 2 1 1 3547 3646 5287
2481 2 2 1 1 3548 3647 5288
2482 2 2 1 1 3549 3648 5289
2483 2 2 1 1 3550 3649 5290
2484 2 2 1 1 3551 3650 5291
2485 2 2 1 1 3552 3651 5292
2486 2 2 1 1 3553 3652 5293
2487 2 2 1 1 3644 3733 5294
2488 2 2 1 1 3645 3734 5295
2489 2 2 1 1 3646 3735 5296
2490 2 2 1 1 3647 3736 5297
2491 2 2 1 1 3648 3737 5298
2492 2 2 1 1 3649 3738 5299
2493 2 2 1 1 3650 3739 5300
2494 2 2 1 1 3651 3740 5301
2495 2 2 1 1 3732 3814 5302
2496 2 2 1 1 3733 3815 5303
2497 2 2 1 1 3734 3816 5304
2498 2 2 1 1 3735 3817 5305
2499 2 2 1 1 3736 3818 5306
2500 2 2 1 1 3737 3819 5307
2501 2 2 1 1 3738 3820 5308
2502 2 2 1 1 3739 3821 5309
2503 2 2 1 1 3813 3886 5310
2504 2 2 1 1 3814 3887 5311
2505 2 2 1 1 3815 3888 5312
2506 2 2 1 1 3816 3889 5313
2507 2 2 1 1 3817 3890 5314
2508 2 2 1 1 3818 3891 5315
2509 2 2 1 1 3819 3892 5316
2510 2 2 1 1 3820 3893 5317
2511 2 2 1 1 3885 3949 5318
2512 2 2 1 1 3886 3950 5319
2513 2 2 1 1 3887 3951 5320
2514 2 2 1 1 3888 3952 5321
2515 2 2 1 1 3889 3953 5322
2516 2 2 1 1 3890 3954 5323
2517 2 2 1 1 3891 3955 5324
2518 2 2 1 1 3892 3956 5325
2519 2 2 1 1 3948 4004 5326
2520 2 2 1 1 3949 4005 5327
2521 2 2 1 1 3950 4006 5328
2522 2 2 1 1 3951 4007 5329
2523 2 2 1 1 3952 4008 5330
2524 2 2 1 1 3953 4009 5331
2525 2 2 1 1 3954 4010 5332
2526 2 2 1 1 3955 4011 5333
2527 2 2 1 1 4003 4054 5334
2528 2 2 1 1 4004 4055 5335
2529 2 2 1 1 4005 4056 5336
2530 2 2 1 1 4006 4057 5337
2531 2 2 1 1 4007 4058 5338
2532 2 2 1 1 4008 4059 5339
2533 2 2 1 1 4009 4060 5340
2534 2 2 1 1 4010 4061 5341
2535 2 2 1 1 4053 4099 5342
2536 2 2 1 1 4054 4100 5343
2537 2 2 1 1 4055 4101 5344
2538 2 2 1 1 4056 4102 5345
2539 2 2 1 1 4057 4103 5346
2540 2 2 1 1 4058 4104 5347
2541 2 2 1 1 4059 4105 5348
2542 2 2 1 1 4060 4106 5349
2543 2 2 1 1 4098 4139 5350
2544 2 2 1 1 4099 4140 5351
2545 2 2 1 1 4100 4141 5352
2546 2 2 1 1 4101 4142 5353
2547 2 2 1 1 4102 4143 5354
2548 2 2 1 1 4103 4144 5355
2549 2 2 1 1 4104 4145 5356
2550 2 2 1 1 4105 4146 5357
2551 2 2 1 1 4138 4177 5358
2552 2 2 1 1 4139 4178 5359
2553 2 2 1 1 4140 4179 5360
2554 2 2 1 1 4141 4180 5361
2555 2 2 1 1 4142 4181 5362
2556 2 2 1 1 4143 4182 5363
2557 2 2 1 1 4144 4183 5364
2558 2 2 1 1 4145 4184 5365
2559 2 2 1 1 4176 4210 5366
2560 2 2 1 1 4177 4211 5367
2561 2 2 1 1 4178 4212 5368
2562 2 2 1 1 4179 4213 5369
2563 2 2 1 1 4180 4214 5370
2564 2 2 1 1 4181 4215 5371
2565 2 2 1 1 4182 4216 5372
2566 2 2 1 1 4183 4217 5373
2567 2 2 1 1 4209 4240 5374
2568 2 2 1 1 4210 4241 5375
2569 2 2 1 1 4211 4242 5376
2570 2 2 1 1 4212 4243 5377
2571 2 2 1 1 4213 4244 5378
2572 2 2 1 1 4214 4245 5379
2573 2 2 1 1 4215 4246 5380
2574 2 2 1 1 4216 4247 5381
2575 2 2 1 1 4239 4267 5382
2576 2 2 1 1 4240 4268 5383
2577 2 2 1 1 4241 4269 5384
2578 2 2 1 1 4242 4270 5385
2579 2 2 1 1 4243 4271 5386
2580 2 2 1 1 4244 4272 5387
2581 2 2 1 1 4245 4273 5388
2582 2 2 1 1 4246 4274 5389
2583 2 2 1 1 4266 4292 5390
2584 2 2 1 1 4267 4293 5391
2585 2 2 1 1 4268 4294 5392
2586 2 2 1 1 4269 4295 5393
2587 2 2 1 1 4270 4296 5394
2588 2 2 1 1 4271 4297 5395
2589 2 2 1 1 4272 4298 5396
2590 2 2 1 1 4273 4299 5397
2591 2 2 1 1 4291 4315 5398
2592 2 2 1 1 4292 4316 5399
2593 2 2 1 1 4293 4317 5400
2594 2 2 1 1 4294 4318 5401
2595 2 2 1 1 4295 4319 5402
2596 2 2 1 1 4296 4320 5403
2597 2 2 1 1 4297 4321 5404
2598 2 2 1 1 4298 4322 5405
2599 2 2 1 1 4314 4335 5406
2600 2 2 1 1 4315 4336 5407
2601 2 2 1 1 4316 4337 5408
2602 2 2 1 1 4317 4338 5409
2603 2 2 1 1 4318 4339 5410
2604 2 2 1 1 4319 4340 5411
2605 2 2 1 1 4320 4341 5412
2606 2 2 1 1 4321 4342 5413
2607 2 2 1 1 4334 4354 5414
2608 2 2 1 1 4335 4355 5415
2609 2 2 1 1 4336 4356 5416
2610 2 2 1 1 4337 4357 5417
2611 2 2 1 1 4338 4358 5418
2612 2 2 1 1 4339 4359 5419
2613 2 2 1 1 4340 4360 5420
2614 2 2 1 1 4341 4361 5421
2615 2 2 1 1 4353 4373 5422
2616 2 2 1 1 4354 4374 5423
2617 2 2 1 1 4355 4375 5424
2618 2 2 1 1 4356 4376 5425
2619 2 2 1 1 4357 4377 5426
2620 2 2 1 1 4358 4378 5427
2621 2 2 1 1 4359 4379 5428
2622 2 2 1 1 4360 4380 5429
2623 2 2 1 1 4372 4391 5430
2624 2 2 1 1 4373 4392 5431
2625 2 2 1 1 4374 4393 5432
2626 2 2 1 1 4375 4394 5433
2627 2 2 1 1 4376 4395 5434
2628 2 2 1 1 4377 4396 5435
2629 2 2 1 1 4378 4397 5436
2630 2 2 1 1 4379 4398 5437
2631 2 2 1 1 4390 4407 5438
2632 2 2 1 1 4391 4408 5439
2633 2 2 1 1 4392 4409 5440
2634 2 2 1 1 4393 4410 5441
2635 2 2 1 1 4394 4411 5442
2636 2 2 1 1 4395 4412 5443
2637 2 2 1 1 4396 4413 5444
2638 2 2 1 1 4397 4414 5445
2639 2 2 1 1 4387 4404 5446
2640 2 2 1 1 4406 4421 5447
2641 2 2 1 1 4407 4422 5448
2642 2 2 1 1 4408 4423 5449
2643 2 2 1 1 4409 4424 5450
2644 2 2 1 1 4410 4425 5451
2645 2 2 1 1 4411 4426 5452
2646 2 2 1 1 4412 4427 5453
2647 2 2 1 1 4413 4428 5454
2648 2 2 1 1 4403 4418 5455
2649 2 2 1 1 4404 4419 5456
2650 2 2 1 1 4420 4433 5457
2651 2 2 1 1 4421 4434 5458
2652 2 2 1 1 4422 4435 5459
2653 2 2 1 1 4423 4436 5460
2654 2 2 1 1 4424 4437 5461
2655 2 2 1 1 4425 4438 5462
2656 2 2 1 1 4426 4439 5463
2657 2 2 1 1 4427 4440 5464
2658 2 2 1 1 4417 4430 5465
2659 2 2 1 1 4429 4441 5466
2660 2 2 1 1 4418 4431 5467
2661 2 2 1 1 4419 4432 5468
2662 2 2 1 1 4433 4445 5469
2663 2 2 1 1 4434 4446 5470
2664 2 2 1 1 4435 4447 5471
2665 2 2 1 1 4436 4448 5472
2666 2 2 1 1 4437 4449 5473
2667 2 2 1 1 4438 4450 5474
2668 2 2 1 1 4439 4451 5475
2669 2 2 1 1 4430 4442 5476
2670 2 2 1 1 4441 4452 5477
2671 2 2 1 1 4431 4443 5478
2672 2 2 1 1 4432 4444 5479
2673 2 2 1 1 4445 4456 5480
2674 2 2 1 1 4446 4457 5481
2675 2 2 1 1 4447 4458 5482
2676 2 2 1 1 4448 4459 5483
2677 2 2 1 1 4449 4460 5484
2678 2 2 1 1 4450 4461 5485
2679 2 2 1 1 4442 4453 5486
2680 2 2 1 1 4452 4462 5487
2681 2 2 1 1 4443 4454 5488
2682 2 2 1 1 4444 4455 5489
2683 2 2 1 1 4456 4466 5490
2684 2 2 1 1 4457 4467 5491
2685 2 2 1 1 4458 4468 5492
2686 2 2 1 1 4459 4469 5493
2687 2 2 1 1 4460 4470 5494
2688 2 2 1 1 4453 4463 5495
2689 2 2 1 1 4462 4471 5496
2690 2 2 1 1 4454 4464 5497
2691 2 2 1 1 4455 4465 5498
2692 2 2 1 1 4466 4475 5499
2693 2 2 1 1 4467 4476 5500
2694 2 2 1 1 4468 4477 5501
2695 2 2 1 1 4469 4478 5502
2696 2 2 1 1 4463 4472 5503
2697 2 2 1 1 4471 4479 5504
2698 2 2 1 1 4464 4473 5505
2699 2 2 1 1 4465 4474 5506
2700 2 2 1 1 4475 4483 5507
2701 2 2 1 1 4476 4484 5508
2702 2 2 1 1 4477 4485 5509
2703 2 2 1 1 4472 4480 5510
2704 2 2 1 1 4479 4486 5511
2705 2 2 1 1 4473 4481 5512
2706 2 2 1 1 4474 4482 5513
2707 2 2 1 1 4483 4489 5514
2708 2 2 1 1 4484 4490 5515
2709 2 2 1 1 4480 4487 5516
2710 2 2 1 1 4486 4491 5517
2711 2 2 1 1 4481 4488 5518
2712 2 2 1 1 4489 4493 5519
2713 2 2 1 1 4487 4492 5520
2714 2 2 1 1 4491 4494 5521
2715 2 2 5 5 2 8 4495
2716 2 2 5 5 3 9 4496
2717 2 2 5 5 4 10 4497
2718 2 2 5 5 6 14 4498
2719 2 2 5 5 7 15 4499
2720 2 2 5 5 8 20 4500
2721 2 2 5 5 9 21 4501
2722 2 2 5 5 10 22 4502
2723 2 2 5 5 12 37 4503
2724 2 2 5 5 13 38 4504
2725 2 2 5 5 14 39 4505
2726 2 2 5 5 15 40 4506
2727 2 2 5 5 16 41 4507
2728 2 2 5 5 17 42 4508
2729 2 2 5 5 18 43 4509
2730 2 2 5 5 19 44 4510
2731 2 2 5 5 20 45 4511
2732 2 2 5 5 21 46 4512
2733 2 2 5 5 22 47 4513
2734 2 2 5 5 23 48 4514
2735 2 2 5 5 24 49 4515
2736 2 2 5 5 25 50 4516
2737 2 2 5 5 26 51 4517
2738 2 2 5 5 27 52 4518
2739 2 2 5 5 28 53 4519
2740 2 2 5 5 29 54 4520
2741 2 2 5 5 30 55 4521
2742 2 2 5 5 31 56 4522
2743 2 2 5 5 32 57 4523
2744 2 2 5 5 33 58 4524
2745 2 2 5 5 34 59 4525
2746 2 2 5 5 35 61 4526
2747 2 2 5 5 37 65 4527
2748 2 2 5 5 38 66 4528
2749 2 2 5 5 39 67 4529
2750 2 2 5 5 40 68 4530
2751 2 2 5 5 41 69 4531
2752 2 2 5 5 42 70 4532
2753 2 2 5 5 43 71 4533
2754 2 2 5 5 44 72 4534
2755 2 2 5 5 45 73 4535
2756 2 2 5 5 46 74 4536
2757 2 2 5 5 47 75 4537
2758 2 2 5 5 48 76 4538
2759 2 2 5 5 49 77 4539
2760 2 2 5 5 50 78 4540
2761 2 2 5 5 51 79 4541
2762 2 2 5 5 52 80 4542
2763 2 2 5 5 53 81 4543
2764 2 2 5 5 54 82 4544
2765 2 2 5 5 55 83 4545
2766 2 2 5 5 56 84 4546
2767 2 2 5 5 57 85 4547
2768 2 2 5 5 58 86 4548
2769 2 2 5 5 59 87 4549
2770 2 2 5 5 60 88 4550
2771 2 2 5 5 61 89 4551
2772 2 2 5 5 62 90 4552
2773 2 2 5 5 63 92 4553
2774 2 2 5 5 65 96 4554
2775 2 2 5 5 66 97 4555
2776 2 2 5 5 67 98 4556
2777 2 2 5 5 68 99 4557
2778 2 2 5 5 69 100 4558
2779 2 2 5 5 70 101 4559
2780 2 2 5 5 71 102 4560
2781 2 2 5 5 72 103 4561
2782 2 2 5 5 73 104 4562
2783 2 2 5 5 74 105 4563
2784 2 2 5 5 75 106 4564
2785 2 2 5 5 76 107 4565
2786 2 2 5 5 77 108 4566
2787 2 2 5 5 78 109 4567
2788 2 2 5 5 79 110 4568
2789 2 2 5 5 80 111 4569
2790 2 2 5 5 81 112 4570
2791 2 2 5 5 82 113 4571
2792 2 2 5 5 83 114 4572
2793 2 2 5 5 84 115 4573
2794 2 2 5 5 85 116 4574
2795 2 2 5 5 86 117 4575
2796 2 2 5 5 87 118 4576
2797 2 2 5 5 88 119 4577
2798 2 2 5 5 89 120 4578
2799 2 2 5 5 90 121 4579
2800 2 2 5 5 91 122 4580
2801 2 2 5 5 92 123 4581
2802 2 2 5 5 93 124 4582
2803 2 2 5 5 94 126 4583
2804 2 2 5 5 96 129 4584
2805 2 2 5 5 97 130 4585
2806 2 2 5 5 98 131 4586
2807 2 2 5 5 99 132 4587
2808 2 2 5 5 100 133 4588
2809 2 2 5 5 101 134 4589
2810 2 2 5 5 102 135 4590
2811 2 2 5 5 103 136 4591
2812 2 2 5 5 104 137 4592
2813 2 2 5 5 105 138 4593
2814 2 2 5 5 106 139 4594
2815 2 2 5 5 107 140 4595
2816 2 2 5 5 108 141 4596
2817 2 2 5 5 109 142 4597
2818 2 2 5 5 110 143 4598
2819 2 2 5 5 111 144 4599
2820 2 2 5 5 112 145 4600
2821 2 2 5 5 113 146 4601
2822 2 2 5 5 114 147 4602
2823 2 2 5 5 115 148 4603
2824 2 2 5 5 116 149 4604
2825 2 2 5 5 117 150 4605
2826 2 2 5 5 118 151 4606
2827 2 2 5 5 119 152 4607
2828 2 2 5 5 120 153 4608
2829 2 2 5 5 121 154 4609
2830 2 2 5 5 122 155 4610
2831 2 2 5 5 123 156 4611
2832 2 2 5 5 124 157 4612
2833 2 2 5 5 125 158 4613
2834 2 2 5 5 126 159 4614
2835 2 2 5 5 127 160 4615
2836 2 2 5 5 129 163 4616
2837 2 2 5 5 130 164 4617
2838 2 2 5 5 131 165 4618
2839 2 2 5 5 132 166 4619
2840 2 2 5 5 133 167 4620
2841 2 2 5 5 134 168 4621
2842 2 2 5 5 135 169 4622
2843 2 2 5 5 136 170 4623
2844 2 2 5 5 137 171 4624
2845 2 2 5 5 138 172 4625
2846 2 2 5 5 139 173 4626
2847 2 2 5 5 140 174 4627
2848 2 2 5 5 141 175 4628
2849 2 2 5 5 142 176 4629
2850 2 2 5 5 143 177 4630
2851 2 2 5 5 144 178 4631
2852 2 2 5 5 145 179 4632
2853 2 2 5 5 146 180 4633
2854 2 2 5 5 147 181 4634
2855 2 2 5 5 148 182 4635
2856 2 2 5 5 149 183 4636
2857 2 2 5 5 150 184 4637
2858 2 2 5 5 151 185 4638
2859 2 2 5 5 152 186 4639
2860 2 2 5 5 153 187 4640
2861 2 2 5 5 154 188 4641
2862 2 2 5 5 155 189 4642
2863 2 2 5 5 156 190 4643
2864 2 2 5 5 157 191 4644
2865 2 2 5 5 158 192 4645
2866 2 2 5 5 159 193 4646
2867 2 2 5 5 160 194 4647
2868 2 2 5 5 161 195 4648
2869 2 2 5 5 163 197 4649
2870 2 2 5 5 164 198 4650
2871 2 2 5 5 165 199 4651
2872 2 2 5 5 166 200 4652
2873 2 2 5 5 167 201 4653
2874 2 2 5 5 168 202 4654
2875 2 2 5 5 169 203 4655
2876 2 2 5 5 170 204 4656
2877 2 2 5 5 171 205 4657
2878 2 2 5 5 172 206 4658
2879 2 2 5 5 173 207 4659
2880 2 2 5 5 174 208 4660
2881 2 2 5 5 175 209 4661
2882 2 2 5 5 176 210 4662
2883 2 2 5 5 177 211 4663
2884 2 2 5 5 178 212 4664
2885 2 2 5 5 179 213 4665
2886 2 2 5 5 180 214 4666
2887 2 2 5 5 181 215 4667
2888 2 2 5 5 182 216 4668
2889 2 2 5 5 183 217 4669
2890 2 2 5 5 184 218 4670
2891 2 2 5 5 185 219 4671
2892 2 2 5 5 186 220 4672
2893 2 2 5 5 187 221 4673
2894 2 2 5 5 188 222 4674
2895 2 2 5 5 189 223 4675
2896 2 2 5 5 190 224 4676
2897 2 2 5 5 191 225 4677
2898 2 2 5 5 192 226 4678
2899 2 2 5 5 193 227 4679
2900 2 2 5 5 194 228 4680
2901 2 2 5 5 195 229 4681
2902 2 2 5 5 197 231 4682
2903 2 2 5 5 198 232 4683
2904 2 2 5 5 199 233 4684
2905 2 2 5 5 200 234 4685
2906 2 2 5 5 201 235 4686
2907 2 2 5 5 202 236 4687
2908 2 2 5 5 203 237 4688
2909 2 2 5 5 204 238 4689
2910 2 2 4 4 205 239 4690
2911 2 2 4 4 206 240 4691
2912 2 2 4 4 207 242 4692
2913 2 2 5 5 208 243 4693
2914 2 2 5 5 209 244 4694
2915 2 2 5 5 210 245 4695
2916 2 2 5 5 211 246 4696
2917 2 2 5 5 212 247 4697
2918 2 2 5 5 213 248 4698
2919 2 2 5 5 214 249 4699
2920 2 2 5 5 215 250 4700
2921 2 2 5 5 216 251 4701
2922 2 2 5 5 217 252 4702
2923 2 2 5 5 218 253 4703
2924 2 2 5 5 219 254 4704
2925 2 2 5 5 220 255 4705
2926 2 2 5 5 221 256 4706
2927 2 2 5 5 222 257 4707
2928 2 2 5 5 223 258 4708
2929 2 2 5 5 224 259 4709
2930 2 2 5 5 225 260 4710
2931 2 2 5 5 226 261 4711
2932 2 2 5 5 227 262 4712
2933 2 2 5 5 228 263 4713
2934 2 2 5 5 229 264 4714
2935 2 2 5 5 231 266 4715
2936 2 2 5 5 232 267 4716
2937 2 2 4 4 233 268 4717
2938 2 2 4 4 234 269 4718
2939 2 2 5 5 235 270 4719
2940 2 2 5 5 236 271 4720
2941 2 2 5 5 237 272 4721
2942 2 2 5 5 238 273 4722
2943 2 2 5 5 243 278 4723
2944 2 2 5 5 244 279 4724
2945 2 2 5 5 245 280 4725
2946 2 2 5 5 246 281 4726
2947 2 2 5 5 247 282 4727
2948 2 2 5 5 248 283 4728
2949 2 2 5 5 249 284 4729
2950 2 2 5 5 250 285 4730
2951 2 2 5 5 251 286 4731
2952 2 2 5 5 252 287 4732
2953 2 2 5 5 253 288 4733
2954 2 2 5 5 254 289 4734
2955 2 2 5 5 255 290 4735
2956 2 2 5 5 256 291 4736
2957 2 2 5 5 257 292 4737
2958 2 2 5 5 258 293 4738
2959 2 2 5 5 259 294 4739
2960 2 2 5 5 260 295 4740
2961 2 2 5 5 261 296 4741
2962 2 2 5 5 262 297 4742
2963 2 2 5 5 263 298 4743
2964 2 2 5 5 264 299 4744
2965 2 2 4 4 266 301 4745
2966 2 2 4 4 267 302 4746
2967 2 2 4 4 270 305 4747
2968 2 2 4 4 271 306 4748
2969 2 2 4 4 272 307 4749
2970 2 2 4 4 273 308 4750
2971 2 2 4 4 278 314 4751
2972 2 2 4 4 279 315 4752
2973 2 2 4 4 280 316 4753
2974 2 2 4 4 281 317 4754
2975 2 2 4 4 282 318 4755
2976 2 2 4 4 283 319 4756
2977 2 2 4 4 283 284 4757
2978 2 2 4 4 284 285 4758
2979 2 2 4 4 285 286 4759
2980 2 2 4 4 286 287 4760
2981 2 2 4 4 287 288 4761
2982 2 2 4 4 288 289 4762
2983 2 2 5 5 290 326 4763
2984 2 2 4 4 289 291 4764
2985 2 2 5 5 292 328 4765
2986 2 2 5 5 293 329 4766
2987 2 2 5 5 294 330 4767
2988 2 2 5 5 295 331 4768
2989 2 2 5 5 296 332 4769
2990 2 2 5 5 297 333 4770
2991 2 2 5 5 298 334 4771
2992 2 2 5 5 299 335 4772
2993 2 2 4 4 326 363 4773
2994 2 2 4 4 328 365 4774
2995 2 2 5 5 329 366 4775
2996 2 2 4 4 330 367 4776
2997 2 2 5 5 331 368 4777
2998 2 2 5 5 332 369 4778
2999 2 2 5 5 333 370 4779
3000 2 2 5 5 334 371 4780
3001 2 2 5 5 335 372 4781
3002 2 2 4 4 330 366 4782
3003 2 2 4 4 366 368 4783
3004 2 2 5 5 369 405 4784
3005 2 2 4 4 368 370 4785
3006 2 2 5 5 371 407 4786
3007 2 2 5 5 372 408 4787
3008 2 2 4 4 370 405 4788
3009 2 2 4 4 405 407 4789
3010 2 2 5 5 408 445 4790
3011 2 2 4 4 445 484 4791
3012 2 2 25 25 648 682 4792
3013 2 2 25 25 646 680 4793
3014 2 2 25 25 682 714 4794
3015 2 2 25 25 681 716 4795
3016 2 2 25 25 680 713 4796
3017 2 2 25 25 679 712 4797
3018 2 2 25 25 716 749 4798
3019 2 2 25 25 681 715 4799
3020 2 2 25 25 712 742 4800
3021 2 2 25 25 716 751 4801
3022 2 2 25 25 715 750 4802
3023 2 2 23 23 789 791 4803
3024 2 2 22 22 792 794 4804
3025 2 2 25 25 751 788 4805
3026 2 2 25 25 750 787 4806
3027 2 2 22 22 789 790 4807
3028 2 2 23 23 834 837 4808
3029 2 2 23 23 791 838 4809
3030 2 2 23 23 792 793 4810
3031 2 2 18 18 794 842 4811
3032 2 2 22 22 840 843 4812
3033 2 2 25 25 788 832 4813
3034 2 2 25 25 787 831 4814
3035 2 2 23 23 885 886 4815
3036 2 2 18 18 790 835 4816
3037 2 2 22 22 834 836 4817
3038 2 2 23 23 837 890 4818
3039 2 2 23 23 886 891 4819
3040 2 2 23 23 838 892 4820
3041 2 2 23 23 793 839 4821
3042 2 2 23 23 895 840 4822
3043 2 2 18 18 843 897 4823
3044 2 2 18 18 842 898 4824
3045 2 2 22 22 895 899 4825
3046 2 2 25 25 832 881 4826
3047 2 2 21 21 940 881 4827
3048 2 2 21 21 942 940 4828
3049 2 2 21 21 943 942 4829
3050 2 2 21 21 944 943 4830
3051 2 2 21 21 941 944 4831
3052 2 2 23 23 945 946 4832
3053 2 2 23 23 946 947 4833
3054 2 2 18 18 835 887 4834
3055 2 2 11 11 887 923 4835
3056 2 2 18 18 836 888 4836
3057 2 2 22 22 885 889 4837
3058 2 2 23 23 890 951 4838
3059 2 2 23 23 891 952 4839
3060 2 2 23 23 952 891 4840
3061 2 2 23 23 892 954 4841
3062 2 2 23 23 839 893 4842
3063 2 2 23 23 896 841 4843
3064 2 2 23 23 958 895 4844
3065 2 2 18 18 899 961 4845
3066 2 2 18 18 897 962 4846
3067 2 2 11 11 898 963 4847
3068 2 2 22 22 958 964 4848
3069 2 2 21 21 938 941 4849
3070 2 2 11 11 923 989 4850
3071 2 2 21 21 965 1013 4851
3072 2 2 21 21 1013 1016 4852
3073 2 2 21 21 1017 939 4853
3074 2 2 21 21 1016 1019 4854
3075 2 2 21 21 1020 1017 4855
3076 2 2 21 21 1021 1020 4856
3077 2 2 21 21 1022 1021 4857
3078 2 2 21 21 1019 1022 4858
3079 2 2 23 23 1023 1024 4859
3080 2 2 23 23 947 946 4860
3081 2 2 18 18 888 948 4861
3082 2 2 11 11 948 922 4862
3083 2 2 18 18 889 949 4863
3084 2 2 22 22 945 950 4864
3085 2 2 23 23 951 1029 4865
3086 2 2 23 23 1030 1029 4866
3087 2 2 23 23 953 947 4867
3088 2 2 23 23 1030 952 4868
3089 2 2 23 23 954 1034 4869
3090 2 2 23 23 893 955 4870
3091 2 2 23 23 957 894 4871
3092 2 2 23 23 896 957 4872
3093 2 2 23 23 958 959 4873
3094 2 2 23 23 955 1033 4874
3095 2 2 11 11 922 988 4875
3096 2 2 18 18 964 1045 4876
3097 2 2 18 18 961 1046 4877
3098 2 2 11 11 962 1047 4878
3099 2 2 11 11 963 1048 4879
3100 2 2 22 22 1040 1051 4880
3101 2 2 21 21 1053 965 4881
3102 2 2 21 21 966 938 4882
3103 2 2 21 21 968 966 4883
3104 2 2 8 8 988 1076 4884
3105 2 2 8 8 989 1077 4885
3106 2 2 23 23 1023 1137 4886
3107 2 2 23 23 1025 1024 4887
3108 2 2 23 23 1031 1025 4888
3109 2 2 18 18 949 1026 4889
3110 2 2 11 11 1026 960 4890
3111 2 2 18 18 950 1027 4891
3112 2 2 22 22 1023 1028 4892
3113 2 2 23 23 1029 1144 4893
3114 2 2 23 23 1145 1144 4894
3115 2 2 23 23 1032 953 4895
3116 2 2 23 23 1145 1030 4896
3117 2 2 23 23 1034 1149 4897
3118 2 2 23 23 959 1039 4898
3119 2 2 23 23 1038 956 4899
3120 2 2 23 23 957 1038 4900
3121 2 2 23 23 1158 1037 4901
3122 2 2 23 23 1033 1148 4902
3123 2 2 11 11 960 1043 4903
3124 2 2 8 8 1043 1075 4904
3125 2 2 18 18 1051 1168 4905
3126 2 2 8 8 1048 1169 4906
3127 2 2 18 18 1045 1170 4907
3128 2 2 11 11 1046 1171 4908
3129 2 2 11 11 1047 1172 4909
3130 2 2 19 19 1174 1177 4910
3131 2 2 21 21 1053 1054 4911
3132 2 2 21 21 1054 968 4912
3133 2 2 21 21 1054 1180 4913
3134 2 2 6 6 1075 1076 4914
3135 2 2 6 6 1077 1169 4915
3136 2 2 6 6 1076 1077 4916
3137 2 2 6 6 1075 1200 4917
3138 2 2 6 6 1078 1203 4918
3139 2 2 23 23 1146 1031 4919
3140 2 2 23 23 1137 1272 4920
3141 2 2 23 23 1138 1273 4921
3142 2 2 23 23 1139 1274 4922
3143 2 2 18 18 1027 1141 4923
3144 2 2 11 11 1141 1044 4924
3145 2 2 18 18 1028 1142 4925
3146 2 2 22 22 1137 1143 4926
3147 2 2 23 23 1144 1279 4927
3148 2 2 23 23 1280 1279 4928
3149 2 2 23 23 1147 1032 4929
3150 2 2 23 23 1280 1145 4930
3151 2 2 23 23 1281 1146 4931
3152 2 2 23 23 1148 1285 4932
3153 2 2 23 23 1149 1286 4933
3154 2 2 23 23 1159 1038 4934
3155 2 2 23 23 1164 1042 4935
3156 2 2 11 11 1044 1166 4936
3157 2 2 8 8 1166 1078 4937
3158 2 2 18 18 1168 1308 4938
3159 2 2 8 8 1172 1309 4939
3160 2 2 11 11 1170 1310 4940
3161 2 2 11 11 1171 1311 4941
3162 2 2 6 6 1169 1309 4942
3163 2 2 19 19 1313 1321 4943
3164 2 2 19 19 1177 1322 4944
3165 2 2 21 21 1178 1055 4945
3166 2 2 21 21 1055 1181 4946
3167 2 2 6 6 1198 1204 4947
3168 2 2 6 6 1345 1344 4948
3169 2 2 6 6 1202 1199 4949
3170 2 2 6 6 1201 1202 4950
3171 2 2 6 6 1344 1347 4951
3172 2 2 6 6 1203 1347 4952
3173 2 2 6 6 1204 1348 4953
3174 2 2 23 23 1411 1271 4954
3175 2 2 23 23 1272 1412 4955
3176 2 2 23 23 1273 1413 4956
3177 2 2 23 23 1274 1414 4957
3178 2 2 18 18 1142 1276 4958
3179 2 2 11 11 1276 1167 4959
3180 2 2 18 18 1143 1277 4960
3181 2 2 22 22 1272 1278 4961
3182 2 2 23 23 1279 1419 4962
3183 2 2 23 23 1420 1419 4963
3184 2 2 23 23 1282 1147 4964
3185 2 2 23 23 1420 1280 4965
3186 2 2 23 23 1423 1283 4966
3187 2 2 23 23 1421 1281 4967
3188 2 2 23 23 1285 1426 4968
3189 2 2 23 23 1286 1427 4969
3190 2 2 11 11 1167 1306 4970
3191 2 2 8 8 1306 1198 4971
3192 2 2 6 6 1199 1312 4972
3193 2 2 11 11 1308 1458 4973
3194 2 2 8 8 1311 1459 4974
3195 2 2 11 11 1310 1460 4975
3196 2 2 6 6 1459 1461 4976
3197 2 2 19 19 1321 1468 4977
3198 2 2 12 12 1322 1469 4978
3199 2 2 21 21 1324 1179 4979
3200 2 2 21 21 1179 1326 4980
3201 2 2 6 6 1341 1342 4981
3202 2 2 6 6 1342 1349 4982
3203 2 2 6 6 1498 1497 4983
3204 2 2 6 6 1346 1343 4984
3205 2 2 6 6 1345 1346 4985
3206 2 2 6 6 1497 1500 4986
3207 2 2 6 6 1347 1500 4987
3208 2 2 6 6 1348 1502 4988
3209 2 2 6 6 1349 1503 4989
3210 2 2 23 23 1275 1415 4990
3211 2 2 23 23 1411 1563 4991
3212 2 2 23 23 1412 1565 4992
3213 2 2 23 23 1413 1566 4993
3214 2 2 23 23 1414 1567 4994
3215 2 2 18 18 1277 1416 4995
3216 2 2 11 11 1416 1307 4996
3217 2 2 18 18 1278 1417 4997
3218 2 2 22 22 1412 1418 4998
3219 2 2 23 23 1572 1427 4999
3220 2 2 23 23 1573 1572 5000
3221 2 2 23 23 1422 1282 5001
3222 2 2 23 23 1573 1420 5002
3223 2 2 23 23 1576 1424 5003
3224 2 2 23 23 1423 1564 5004
3225 2 2 23 23 1574 1421 5005
3226 2 2 11 11 1307 1455 5006
3227 2 2 8 8 1455 1341 5007
3228 2 2 6 6 1343 1457 5008
3229 2 2 6 6 1461 1619 5009
3230 2 2 11 11 1458 1620 5010
3231 2 2 8 8 1460 1621 5011
3232 2 2 6 6 1621 1622 5012
3233 2 2 12 12 1469 1624 5013
3234 2 2 12 12 1468 1626 5014
3235 2 2 21 21 1472 1325 5015
3236 2 2 20 20 1632 1638 5016
3237 2 2 13 13 1476 1639 5017
3238 2 2 20 20 1477 1640 5018
3239 2 2 21 21 1325 1478 5019
3240 2 2 6 6 1493 1494 5020
3241 2 2 6 6 1494 1495 5021
3242 2 2 6 6 1495 1501 5022
3243 2 2 6 6 1661 1660 5023
3244 2 2 6 6 1499 1496 5024
3245 2 2 6 6 1498 1499 5025
3246 2 2 6 6 1660 1664 5026
3247 2 2 6 6 1501 1665 5027
3248 2 2 6 6 1500 1664 5028
3249 2 2 6 6 1502 1666 5029
3250 2 2 6 6 1503 1667 5030
3251 2 2 23 23 1415 1568 5031
3252 2 2 23 23 1563 1718 5032
3253 2 2 23 23 1720 1721 5033
3254 2 2 23 23 1721 1722 5034
3255 2 2 23 23 1722 1723 5035
3256 2 2 18 18 1417 1569 5036
3257 2 2 11 11 1569 1456 5037
3258 2 2 18 18 1418 1570 5038
3259 2 2 22 22 1565 1571 5039
3260 2 2 23 23 1575 1422 5040
3261 2 2 23 23 1564 1719 5041
3262 2 2 23 23 1732 1578 5042
3263 2 2 23 23 1576 1577 5043
3264 2 2 23 23 1577 1731 5044
3265 2 2 23 23 1729 1574 5045
3266 2 2 20 20 1586 1477 5046
3267 2 2 20 20 1631 1632 5047
3268 2 2 20 20 1746 1630 5048
3269 2 2 20 20 1750 1591 5049
3270 2 2 11 11 1456 1616 5050
3271 2 2 8 8 1616 1493 5051
3272 2 2 6 6 1496 1618 5052
3273 2 2 6 6 1619 1778 5053
3274 2 2 6 6 1461 1622 5054
3275 2 2 8 8 1620 1781 5055
3276 2 2 6 6 1621 1781 5056
3277 2 2 13 13 1470 1627 5057
3278 2 2 12 12 1626 1786 5058
3279 2 2 13 13 1625 1787 5059
3280 2 2 13 13 1623 1785 5060
3281 2 2 13 13 1639 1796 5061
3282 2 2 21 21 1633 1479 5062
3283 2 2 20 20 1638 1806 5063
3284 2 2 14 14 1640 1807 5064
3285 2 2 21 21 1479 1641 5065
3286 2 2 21 21 1643 1808 5066
3287 2 2 6 6 1655 1656 5067
3288 2 2 6 6 1656 1657 5068
3289 2 2 6 6 1657 1658 5069
3290 2 2 6 6 1658 1663 5070
3291 2 2 6 6 1829 1828 5071
3292 2 2 6 6 1662 1659 5072
3293 2 2 6 6 1661 1662 5073
3294 2 2 6 6 1663 1832 5074
3295 2 2 6 6 1828 1833 5075
3296 2 2 6 6 1665 1834 5076
3297 2 2 6 6 1835 1666 5077
3298 2 2 6 6 1666 1835 5078
3299 2 2 6 6 1667 1836 5079
3300 2 2 6 6 1659 1777 5080
3301 2 2 20 20 1509 1671 5081
3302 2 2 20 20 1671 1673 5082
3303 2 2 20 20 1673 1674 5083
3304 2 2 20 20 1674 1676 5084
3305 2 2 23 23 1723 1885 5085
3306 2 2 23 23 1885 1886 5086
3307 2 2 23 23 1887 1888 5087
3308 2 2 23 23 1721 1888 5088
3309 2 2 23 23 1722 1889 5089
3310 2 2 18 18 1570 1724 5090
3311 2 2 11 11 1724 1617 5091
3312 2 2 18 18 1571 1725 5092
3313 2 2 22 22 1720 1726 5093
3314 2 2 23 23 1886 1898 5094
3315 2 2 23 23 1899 1735 5095
3316 2 2 23 23 1732 1733 5096
3317 2 2 23 23 1733 1734 5097
3318 2 2 20 20 1743 1586 5098
3319 2 2 20 20 1912 1746 5099
3320 2 2 20 20 1913 1750 5100
3321 2 2 20 20 1750 1916 5101
3322 2 2 11 11 1617 1775 5102
3323 2 2 8 8 1775 1655 5103
3324 2 2 6 6 1778 1943 5104
3325 2 2 6 6 1619 1779 5105
3326 2 2 6 6 1622 1782 5106
3327 2 2 13 13 1627 1789 5107
3328 2 2 13 13 1787 1954 5108
3329 2 2 13 13 1785 1953 5109
3330 2 2 14 14 1807 1965 5110
3331 2 2 21 21 1802 1643 5111
3332 2 2 14 14 1806 1975 5112
3333 2 2 21 21 1812 1811 5113
3334 2 2 6 6 1995 1822 5114
3335 2 2 6 6 1996 1823 5115
3336 2 2 6 6 1997 1824 5116
3337 2 2 6 6 1998 1825 5117
3338 2 2 6 6 2002 2001 5118
3339 2 2 6 6 1830 1827 5119
3340 2 2 6 6 1829 1830 5120
3341 2 2 6 6 1999 1826 5121
3342 2 2 6 6 1832 2006 5122
3343 2 2 6 6 2001 2007 5123
3344 2 2 6 6 1834 2008 5124
3345 2 2 6 6 2009 1835 5125
3346 2 2 6 6 2009 2010 5126
3347 2 2 6 6 1836 2010 5127
3348 2 2 6 6 1827 1837 5128
3349 2 2 6 6 1943 2012 5129
3350 2 2 20 20 1670 1839 5130
3351 2 2 20 20 1839 1841 5131
3352 2 2 20 20 1841 1842 5132
3353 2 2 20 20 1844 1676 5133
3354 2 2 20 20 1842 1844 5134
3355 2 2 23 23 1890 2064 5135
3356 2 2 23 23 1887 2066 5136
3357 2 2 23 23 1888 2067 5137
3358 2 2 11 11 1891 1776 5138
3359 2 2 18 18 1725 1891 5139
3360 2 2 22 22 1887 1893 5140
3361 2 2 18 18 1726 1892 5141
3362 2 2 20 20 1913 2091 5142
3363 2 2 20 20 1916 2093 5143
3364 2 2 20 20 2096 2097 5144
3365 2 2 20 20 2097 2098 5145
3366 2 2 20 20 2098 2099 5146
3367 2 2 20 20 2099 2100 5147
3368 2 2 20 20 2019 1843 5148
3369 2 2 11 11 1776 1941 5149
3370 2 2 8 8 1941 1822 5150
3371 2 2 6 6 1944 2119 5151
3372 2 2 14 14 1975 2144 5152
3373 2 2 21 21 1973 1812 5153
3374 2 2 15 15 1974 2148 5154
3375 2 2 16 16 1813 1988 5155
3376 2 2 6 6 2165 1995 5156
3377 2 2 6 6 1996 1997 5157
3378 2 2 6 6 1997 1998 5158
3379 2 2 6 6 2168 1998 5159
3380 2 2 6 6 2000 2011 5160
3381 2 2 6 6 2172 2171 5161
3382 2 2 6 6 2003 2000 5162
3383 2 2 6 6 2002 2003 5163
3384 2 2 6 6 2005 1831 5164
3385 2 2 6 6 2006 2176 5165
3386 2 2 6 6 2171 2177 5166
3387 2 2 6 6 2008 2178 5167
3388 2 2 6 6 2179 2009 5168
3389 2 2 6 6 2179 2180 5169
3390 2 2 6 6 2010 2180 5170
3391 2 2 6 6 2012 2181 5171
3392 2 2 20 20 2020 1844 5172
3393 2 2 11 11 2069 1942 5173
3394 2 2 18 18 1892 2069 5174
3395 2 2 18 18 1893 2072 5175
3396 2 2 20 20 2091 2262 5176
3397 2 2 20 20 2093 2263 5177
3398 2 2 20 20 2096 1919 5178
3399 2 2 20 20 2266 2267 5179
3400 2 2 20 20 2267 2268 5180
3401 2 2 20 20 2268 2269 5181
3402 2 2 20 20 2269 2270 5182
3403 2 2 20 20 2188 2019 5183
3404 2 2 20 20 2274 2104 5184
3405 2 2 20 20 2275 2105 5185
3406 2 2 20 20 2278 2108 5186
3407 2 2 8 8 2117 1995 5187
3408 2 2 11 11 1942 2117 5188
3409 2 2 15 15 2148 2313 5189
3410 2 2 16 16 1987 2158 5190
3411 2 2 15 15 2147 2315 5191
3412 2 2 16 16 1988 2157 5192
3413 2 2 6 6 2165 2166 5193
3414 2 2 6 6 2166 2167 5194
3415 2 2 6 6 2170 2013 5195
3416 2 2 6 6 2335 2334 5196
3417 2 2 6 6 2336 2173 5197
3418 2 2 6 6 2336 2335 5198
3419 2 2 6 6 2176 2339 5199
3420 2 2 6 6 2340 2177 5200
3421 2 2 6 6 2178 2341 5201
3422 2 2 6 6 2342 2179 5202
3423 2 2 6 6 2342 2343 5203
3424 2 2 6 6 2343 2341 5204
3425 2 2 11 11 2240 2118 5205
3426 2 2 18 18 2072 2240 5206
3427 2 2 17 17 2071 2242 5207
3428 2 2 20 20 2263 2432 5208
3429 2 2 20 20 2279 2109 5209
3430 2 2 20 20 2262 2434 5210
3431 2 2 20 20 2265 2095 5211
3432 2 2 20 20 2266 2096 5212
3433 2 2 20 20 2435 2264 5213
3434 2 2 20 20 2274 2444 5214
3435 2 2 20 20 2445 2274 5215
3436 2 2 20 20 2444 2447 5216
3437 2 2 20 20 2447 2448 5217
3438 2 2 20 20 2446 2275 5218
3439 2 2 20 20 2449 2278 5219
3440 2 2 8 8 2286 2165 5220
3441 2 2 11 11 2118 2286 5221
3442 2 2 16 16 2158 2321 5222
3443 2 2 15 15 2315 2488 5223
3444 2 2 3 3 2157 2320 5224
3445 2 2 17 17 2241 2405 5225
3446 2 2 10 10 2404 2287 5226
3447 2 2 17 17 2242 2404 5227
3448 2 2 20 20 2434 2596 5228
3449 2 2 20 20 2450 2279 5229
3450 2 2 20 20 2436 2265 5230
3451 2 2 20 20 2448 2606 5231
3452 2 2 20 20 2443 2272 5232
3453 2 2 20 20 2599 2435 5233
3454 2 2 20 20 2445 2608 5234
3455 2 2 20 20 2608 2611 5235
3456 2 2 20 20 2611 2612 5236
3457 2 2 10 10 2287 2457 5237
3458 2 2 3 3 2321 2491 5238
3459 2 2 3 3 2320 2490 5239
3460 2 2 10 10 2567 2459 5240
3461 2 2 17 17 2405 2567 5241
3462 2 2 20 20 2612 2766 5242
3463 2 2 20 20 2607 2443 5243
3464 2 2 10 10 2459 2619 5244
3465 2 2 3 3 2491 2655 5245
3466 2 2 3 3 2490 2654 5246
3467 2 2 1 1 2871 2722 5247
3468 2 2 9 9 2728 2622 5248
3469 2 2 9 9 2877 2780 5249
3470 2 2 9 9 2622 2779 5250
3471 2 2 9 9 2780 2925 5251
3472 2 2 3 3 2654 2810 5252
3473 2 2 3 3 2655 2814 5253
3474 2 2 3 3 2954 2948 5254
3475 2 2 1 1 3004 2871 5255
3476 2 2 1 1 3005 2872 5256
3477 2 2 3 3 2814 2948 5257
3478 2 2 3 3 3077 3074 5258
3479 2 2 3 3 3078 2954 5259
3480 2 2 1 1 3123 3004 5260
3481 2 2 1 1 3124 3005 5261
3482 2 2 1 1 3125 3006 5262
3483 2 2 3 3 3197 3077 5263
3484 2 2 1 1 3238 3123 5264
3485 2 2 1 1 3239 3124 5265
3486 2 2 1 1 3240 3125 5266
3487 2 2 1 1 3241 3126 5267
3488 2 2 1 1 3349 3238 5268
3489 2 2 1 1 3350 3239 5269
3490 2 2 1 1 3351 3240 5270
3491 2 2 1 1 3352 3241 5271
3492 2 2 1 1 3353 3242 5272
3493 2 2 1 1 3450 3349 5273
3494 2 2 1 1 3451 3350 5274
3495 2 2 1 1 3452 3351 5275
3496 2 2 1 1 3453 3352 5276
3497 2 2 1 1 3454 3353 5277
3498 2 2 1 1 3455 3354 5278
3499 2 2 1 1 3547 3450 5279
3500 2 2 1 1 3548 3451 5280
3501 2 2 1 1 3549 3452 5281
3502 2 2 1 1 3550 3453 5282
3503 2 2 1 1 3551 3454 5283
3504 2 2 1 1 3552 3455 5284
3505 2 2 1 1 3553 3456 5285
3506 2 2 1 1 3645 3547 5286
3507 2 2 1 1 3646 3548 5287
3508 2 2 1 1 3647 3549 5288
3509 2 2 1 1 3648 3550 5289
3510 2 2 1 1 3649 3551 5290
3511 2 2 1 1 3650 3552 5291
3512 2 2 1 1 3651 3553 5292
3513 2 2 1 1 3652 3554 5293
3514 2 2 1 1 3733 3645 5294
3515 2 2 1 1 3734 3646 5295
3516 2 2 1 1 3735 3647 5296
3517 2 2 1 1 3736 3648 5297
3518 2 2 1 1 3737 3649 5298
3519 2 2 1 1 3738 3650 5299
3520 2 2 1 1 3739 3651 5300
3521 2 2 1 1 3740 3652 5301
3522 2 2 1 1 3814 3733 5302
3523 2 2 1 1 3815 3734 5303
3524 2 2 1 1 3816 3735 5304
3525 2 2 1 1 3817 3736 5305
3526 2 2 1 1 3818 3737 5306
3527 2 2 1 1 3819 3738 5307
3528 2 2 1 1 3820 3739 5308
3529 2 2 1 1 3821 3740 5309
3530 2 2 1 1 3886 3814 5310
3531 2 2 1 1 3887 3815 5311
3532 2 2 1 1 3888 3816 5312
3533 2 2 1 1 3889 3817 5313
3534 2 2 1 1 3890 3818 5314
3535 2 2 1 1 3891 3819 5315
3536 2 2 1 1 3892 3820 5316
3537 2 2 1 1 3893 3821 5317
3538 2 2 1 1 3949 3886 5318
3539 2 2 1 1 3950 3887 5319
3540 2 2 1 1 3951 3888 5320
3541 2 2 1 1 3952 3889 5321
3542 2 2 1 1 3953 3890 5322
3543 2 2 1 1 3954 3891 5323
3544 2 2 1 1 3955 3892 5324
3545 2 2 1 1 3956 3893 5325
3546 2 2 1 1 4004 3949 5326
3547 2 2 1 1 4005 3950 5327
3548 2 2 1 1 4006 3951 5328
3549 2 2 1 1 4007 3952 5329
3550 2 2 1 1 4008 3953 5330
3551 2 2 1 1 4009 3954 5331
3552 2 2 1 1 4010 3955 5332
3553 2 2 1 1 4011 3956 5333
3554 2 2 1 1 4054 4004 5334
3555 2 2 1 1 4055 4005 5335
3556 2 2 1 1 4056 4006 5336
3557 2 2 1 1 4057 4007 5337
3558 2 2 1 1 4058 4008 5338
3559 2 2 1 1 4059 4009 5339
3560 2 2 1 1 4060 4010 5340
3561 2 2 1 1 4061 4011 5341
3562 2 2 1 1 4099 4054 5342
3563 2 2 1 1 4100 4055 5343
3564 2 2 1 1 4101 4056 5344
3565 2 2 1 1 4102 4057 5345
3566 2 2 1 1 4103 4058 5346
3567 2 2 1 1 4104 4059 5347
3568 2 2 1 1 4105 4060 5348
3569 2 2 1 1 4106 4061 5349
3570 2 2 1 1 4139 4099 5350
3571 2 2 1 1 4140 4100 5351
3572 2 2 1 1 4141 4101 5352
3573 2 2 1 1 4142 4102 5353
3574 2 2 1 1 4143 4103 5354
3575 2 2 1 1 4144 4104 5355
3576 2 2 1 1 4145 4105 5356
3577 2 2 1 1 4146 4106 5357
3578 2 2 1 1 4177 4139 5358
3579 2 2 1 1 4178 4140 5359
3580 2 2 1 1 4179 4141 5360
3581 2 2 1 1 4180 4142 5361
3582 2 2 1 1 4181 4143 5362
3583 2 2 1 1 4182 4144 5363
3584 2 2 1 1 4183 4145 5364
3585 2 2 1 1 4184 4146 5365
3586 2 2 1 1 4210 4177 5366
3587 2 2 1 1 4211 4178 5367
3588 2 2 1 1 4212 4179 5368
3589 2 2 1 1 4213 4180 5369
3590 2 2 1 1 4214 4181 5370
3591 2 2 1 1 4215 4182 5371
3592 2 2 1 1 4216 4183 5372
3593 2 2 1 1 4217 4184 5373
3594 2 2 1 1 4240 4210 5374
3595 2 2 1 1 4241 4211 5375
3596 2 2 1 1 4242 4212 5376
3597 2 2 1 1 4243 4213 5377
3598 2 2 1 1 4244 4214 5378
3599 2 2 1 1 4245 4215 5379
3600 2 2 1 1 4246 4216 5380
3601 2 2 1 1 4247 4217 5381
3602 2 2 1 1 4267 4240 5382
3603 2 2 1 1 4268 4241 5383
3604 2 2 1 1 4269 4242 5384
3605 2 2 1 1 4270 4243 5385
3606 2 2 1 1 4271 4244 5386
3607 2 2 1 1 4272 4245 5387
3608 2 2 1 1 4273 4246 5388
3609 2 2 1 1 4274 4247 5389
3610 2 2 1 1 4292 4267 5390
3611 2 2 1 1 4293 4268 5391
3612 2 2 1 1 4294 4269 5392
3613 2 2 1 1 4295 4270 5393
3614 2 2 1 1 4296 4271 5394
3615 2 2 1 1 4297 4272 5395
3616 2 2 1 1 4298 4273 5396
3617 2 2 1 1 4299 4274 5397
3618 2 2 1 1 4315 4292 5398
3619 2 2 1 1 4316 4293 5399
3620 2 2 1 1 4317 4294 5400
3621 2 2 1 1 4318 4295 5401
3622 2 2 1 1 4319 4296 5402
3623 2 2 1 1 4320 4297 5403
3624 2 2 1 1 4321 4298 5404
3625 2 2 1 1 4322 4299 5405
3626 2 2 1 1 4335 4315 5406
3627 2 2 1 1 4336 4316 5407
3628 2 2 1 1 4337 4317 5408
3629 2 2 1 1 4338 4318 5409
3630 2 2 1 1 4339 4319 5410
3631 2 2 1 1 4340 4320 5411
3632 2 2 1 1 4341 4321 5412
3633 2 2 1 1 4342 4322 5413
3634 2 2 1 1 4354 4335 5414
3635 2 2 1 1 4355 4336 5415
3636 2 2 1 1 4356 4337 5416
3637 2 2 1 1 4357 4338 5417
3638 2 2 1 1 4358 4339 5418
3639 2 2 1 1 4359 4340 5419
3640 2 2 1 1 4360 4341 5420
3641 2 2 1 1 4361 4342 5421
3642 2 2 1 1 4373 4354 5422
3643 2 2 1 1 4374 4355 5423
3644 2 2 1 1 4375 4356 5424
3645 2 2 1 1 4376 4357 5425
3646 2 2 1 1 4377 4358 5426
3647 2 2 1 1 4378 4359 5427
3648 2 2 1 1 4379 4360 5428
3649 2 2 1 1 4380 4361 5429
3650 2 2 1 1 4391 4373 5430
3651 2 2 1 1 4392 4374 5431
3652 2 2 1 1 4393 4375 5432
3653 2 2 1 1 4394 4376 5433
3654 2 2 1 1 4395 4377 5434
3655 2 2 1 1 4396 4378 5435
3656 2 2 1 1 4397 4379 5436
3657 2 2 1 1 4398 4380 5437
3658 2 2 1 1 4407 4391 5438
3659 2 2 1 1 4408 4392 5439
3660 2 2 1 1 4409 4393 5440
3661 2 2 1 1 4410 4394 5441
3662 2 2 1 1 4411 4395 5442
3663 2 2 1 1 4412 4396 5443
3664 2 2 1 1 4413 4397 5444
3665 2 2 1 1 4414 4398 5445
3666 2 2 1 1 4404 4418 5446
3667 2 2 1 1 4421 4407 5447
3668 2 2 1 1 4422 4408 5448
3669 2 2 1 1 4423 4409 5449
3670 2 2 1 1 4424 4410 5450
3671 2 2 1 1 4425 4411 5451
3672 2 2 1 1 4426 4412 5452
3673 2 2 1 1 4427 4413 5453
3674 2 2 1 1 4428 4414 5454
3675 2 2 1 1 4418 4430 5455
3676 2 2 1 1 4419 4431 5456
3677 2 2 1 1 4433 4421 5457
3678 2 2 1 1 4434 4422 5458
3679 2 2 1 1 4435 4423 5459
3680 2 2 1 1 4436 4424 5460
3681 2 2 1 1 4437 4425 5461
3682 2 2 1 1 4438 4426 5462
3683 2 2 1 1 4439 4427 5463
3684 2 2 1 1 4440 4428 5464
3685 2 2 1 1 4430 4441 5465
3686 2 2 1 1 4441 4433 5466
3687 2 2 1 1 4431 4442 5467
3688 2 2 1 1 4432 4443 5468
3689 2 2 1 1 4445 4434 5469
3690 2 2 1 1 4446 4435 5470
3691 2 2 1 1 4447 4436 5471
3692 2 2 1 1 4448 4437 5472
3693 2 2 1 1 4449 4438 5473
3694 2 2 1 1 4450 4439 5474
3695 2 2 1 1 4451 4440 5475
3696 2 2 1 1 4442 4452 5476
3697 2 2 1 1 4452 4445 5477
3698 2 2 1 1 4443 4453 5478
3699 2 2 1 1 4444 4454 5479
3700 2 2 1 1 4456 4446 5480
3701 2 2 1 1 4457 4447 5481
3702 2 2 1 1 4458 4448 5482
3703 2 2 1 1 4459 4449 5483
3704 2 2 1 1 4460 4450 5484
3705 2 2 1 1 4461 4451 5485
3706 2 2 1 1 4453 4462 5486
3707 2 2 1 1 4462 4456 5487
3708 2 2 1 1 4454 4463 5488
3709 2 2 1 1 4455 4464 5489
3710 2 2 1 1 4466 4457 5490
3711 2 2 1 1 4467 4458 5491
3712 2 2 1 1 4468 4459 5492
3713 2 2 1 1 4469 4460 5493
3714 2 2 1 1 4470 4461 5494
3715 2 2 1 1 4463 4471 5495
3716 2 2 1 1 4471 4466 5496
3717 2 2 1 1 4464 4472 5497
3718 2 2 1 1 4465 4473 5498
3719 2 2 1 1 4475 4467 5499
3720 2 2 1 1 4476 4468 5500
3721 2 2 1 1 4477 4469 5501
3722 2 2 1 1 4478 4470 5502
3723 2 2 1 1 4472 4479 5503
3724 2 2 1 1 4479 4475 5504
3725 2 2 1 1 4473 4480 5505
3726 2 2 1 1 4474 4481 5506
3727 2 2 1 1 4483 4476 5507
3728 2 2 1 1 4484 4477 5508
3729 2 2 1 1 4485 4478 5509
3730 2 2 1 1 4480 4486 5510
3731 2 2 1 1 4486 4483 5511
3732 2 2 1 1 4481 4487 5512
3733 2 2 1 1 4482 4488 5513
3734 2 2 1 1 4489 4484 5514
3735 2 2 1 1 4490 4485 5515
3736 2 2 1 1 4487 4491 5516
3737 2 2 1 1 4491 4489 5517
3738 2 2 1 1 4488 4492 5518
3739 2 2 1 1 4493 4490 5519
3740 2 2 1 1 4492 4494 5520
3741 2 2 1 1 4494 4493 5521
3742 2 2 5 5 8 5 4495
3743 2 2 5 5 9 8 4496
3744 2 2 5 5 10 9 4497
3745 2 2 5 5 14 10 4498
3746 2 2 5 5 15 14 4499
3747 2 2 5 5 20 11 4500
3748 2 2 5 5 21 20 4501
3749 2 2 5 5 22 21 4502
3750 2 2 5 5 37 15 4503
3751 2 2 5 5 38 37 4504
3752 2 2 5 5 39 22 4505
3753 2 2 5 5 40 39 4506
3754 2 2 5 5 41 38 4507
3755 2 2 5 5 42 41 4508
3756 2 2 5 5 43 42 4509
3757 2 2 5 5 44 43 4510
3758 2 2 5 5 45 36 4511
3759 2 2 5 5 46 45 4512
3760 2 2 5 5 47 46 4513
3761 2 2 5 5 48 44 4514
3762 2 2 5 5 49 48 4515
3763 2 2 5 5 50 49 4516
3764 2 2 5 5 51 50 4517
3765 2 2 5 5 52 51 4518
3766 2 2 5 5 53 52 4519
3767 2 2 5 5 54 53 4520
3768 2 2 5 5 55 54 4521
3769 2 2 5 5 56 55 4522
3770 2 2 5 5 57 56 4523
3771 2 2 5 5 58 57 4524
3772 2 2 5 5 59 58 4525
3773 2 2 5 5 61 59 4526
3774 2 2 5 5 65 40 4527
3775 2 2 5 5 66 65 4528
3776 2 2 5 5 67 47 4529
3777 2 2 5 5 68 67 4530
3778 2 2 5 5 69 66 4531
3779 2 2 5 5 70 69 4532
3780 2 2 5 5 71 70 4533
3781 2 2 5 5 72 71 4534
3782 2 2 5 5 73 64 4535
3783 2 2 5 5 74 73 4536
3784 2 2 5 5 75 74 4537
3785 2 2 5 5 76 72 4538
3786 2 2 5 5 77 76 4539
3787 2 2 5 5 78 77 4540
3788 2 2 5 5 79 78 4541
3789 2 2 5 5 80 79 4542
3790 2 2 5 5 81 80 4543
3791 2 2 5 5 82 81 4544
3792 2 2 5 5 83 82 4545
3793 2 2 5 5 84 83 4546
3794 2 2 5 5 85 84 4547
3795 2 2 5 5 86 85 4548
3796 2 2 5 5 87 86 4549
3797 2 2 5 5 88 61 4550
3798 2 2 5 5 89 87 4551
3799 2 2 5 5 90 88 4552
3800 2 2 5 5 92 90 4553
3801 2 2 5 5 96 68 4554
3802 2 2 5 5 97 96 4555
3803 2 2 5 5 98 75 4556
3804 2 2 5 5 99 98 4557
3805 2 2 5 5 100 97 4558
3806 2 2 5 5 101 100 4559
3807 2 2 5 5 102 101 4560
3808 2 2 5 5 103 102 4561
3809 2 2 5 5 104 95 4562
3810 2 2 5 5 105 104 4563
3811 2 2 5 5 106 105 4564
3812 2 2 5 5 107 103 4565
3813 2 2 5 5 108 107 4566
3814 2 2 5 5 109 108 4567
3815 2 2 5 5 110 109 4568
3816 2 2 5 5 111 110 4569
3817 2 2 5 5 112 111 4570
3818 2 2 5 5 113 112 4571
3819 2 2 5 5 114 113 4572
3820 2 2 5 5 115 114 4573
3821 2 2 5 5 116 115 4574
3822 2 2 5 5 117 116 4575
3823 2 2 5 5 118 117 4576
3824 2 2 5 5 119 89 4577
3825 2 2 5 5 120 118 4578
3826 2 2 5 5 121 119 4579
3827 2 2 5 5 122 92 4580
3828 2 2 5 5 123 121 4581
3829 2 2 5 5 124 122 4582
3830 2 2 5 5 126 124 4583
3831 2 2 5 5 129 99 4584
3832 2 2 5 5 130 129 4585
3833 2 2 5 5 131 106 4586
3834 2 2 5 5 132 131 4587
3835 2 2 5 5 133 130 4588
3836 2 2 5 5 134 133 4589
3837 2 2 5 5 135 134 4590
3838 2 2 5 5 136 135 4591
3839 2 2 5 5 137 128 4592
3840 2 2 5 5 138 137 4593
3841 2 2 5 5 139 138 4594
3842 2 2 5 5 140 136 4595
3843 2 2 5 5 141 140 4596
3844 2 2 5 5 142 141 4597
3845 2 2 5 5 143 142 4598
3846 2 2 5 5 144 143 4599
3847 2 2 5 5 145 144 4600
3848 2 2 5 5 146 145 4601
3849 2 2 5 5 147 146 4602
3850 2 2 5 5 148 147 4603
3851 2 2 5 5 149 148 4604
3852 2 2 5 5 150 149 4605
3853 2 2 5 5 151 150 4606
3854 2 2 5 5 152 120 4607
3855 2 2 5 5 153 151 4608
3856 2 2 5 5 154 152 4609
3857 2 2 5 5 155 123 4610
3858 2 2 5 5 156 154 4611
3859 2 2 5 5 157 155 4612
3860 2 2 5 5 158 126 4613
3861 2 2 5 5 159 157 4614
3862 2 2 5 5 160 158 4615
3863 2 2 5 5 163 132 4616
3864 2 2 5 5 164 163 4617
3865 2 2 5 5 165 139 4618
3866 2 2 5 5 166 165 4619
3867 2 2 5 5 167 164 4620
3868 2 2 5 5 168 167 4621
3869 2 2 5 5 169 168 4622
3870 2 2 5 5 170 169 4623
3871 2 2 5 5 171 162 4624
3872 2 2 5 5 172 171 4625
3873 2 2 5 5 173 172 4626
3874 2 2 5 5 174 170 4627
3875 2 2 5 5 175 174 4628
3876 2 2 5 5 176 175 4629
3877 2 2 5 5 177 176 4630
3878 2 2 5 5 178 177 4631
3879 2 2 5 5 179 178 4632
3880 2 2 5 5 180 179 4633
3881 2 2 5 5 181 180 4634
3882 2 2 5 5 182 181 4635
3883 2 2 5 5 183 182 4636
3884 2 2 5 5 184 183 4637
3885 2 2 5 5 185 184 4638
3886 2 2 5 5 186 153 4639
3887 2 2 5 5 187 185 4640
3888 2 2 5 5 188 186 4641
3889 2 2 5 5 189 156 4642
3890 2 2 5 5 190 188 4643
3891 2 2 5 5 191 189 4644
3892 2 2 5 5 192 159 4645
3893 2 2 5 5 193 191 4646
3894 2 2 5 5 194 192 4647
3895 2 2 5 5 195 160 4648
3896 2 2 5 5 197 166 4649
3897 2 2 5 5 198 197 4650
3898 2 2 5 5 199 173 4651
3899 2 2 5 5 200 199 4652
3900 2 2 5 5 201 198 4653
3901 2 2 5 5 202 201 4654
3902 2 2 5 5 203 202 4655
3903 2 2 5 5 204 203 4656
3904 2 2 5 5 205 196 4657
3905 2 2 5 5 206 205 4658
3906 2 2 5 5 207 206 4659
3907 2 2 5 5 208 204 4660
3908 2 2 5 5 209 208 4661
3909 2 2 5 5 210 209 4662
3910 2 2 5 5 211 210 4663
3911 2 2 5 5 212 211 4664
3912 2 2 5 5 213 212 4665
3913 2 2 5 5 214 213 4666
3914 2 2 5 5 215 214 4667
3915 2 2 5 5 216 215 4668
3916 2 2 5 5 217 216 4669
3917 2 2 5 5 218 217 4670
3918 2 2 5 5 219 218 4671
3919 2 2 5 5 220 187 4672
3920 2 2 5 5 221 219 4673
3921 2 2 5 5 222 220 4674
3922 2 2 5 5 223 190 4675
3923 2 2 5 5 224 222 4676
3924 2 2 5 5 225 223 4677
3925 2 2 5 5 226 193 4678
3926 2 2 5 5 227 225 4679
3927 2 2 5 5 228 226 4680
3928 2 2 5 5 229 194 4681
3929 2 2 5 5 231 200 4682
3930 2 2 5 5 232 231 4683
3931 2 2 5 5 233 207 4684
3932 2 2 5 5 234 233 4685
3933 2 2 5 5 235 232 4686
3934 2 2 5 5 236 235 4687
3935 2 2 5 5 237 236 4688
3936 2 2 5 5 238 237 4689
3937 2 2 4 4 239 230 4690
3938 2 2 4 4 240 239 4691
3939 2 2 4 4 242 240 4692
3940 2 2 5 5 243 238 4693
3941 2 2 5 5 244 243 4694
3942 2 2 5 5 245 244 4695
3943 2 2 5 5 246 245 4696
3944 2 2 5 5 247 246 4697
3945 2 2 5 5 248 247 4698
3946 2 2 5 5 249 248 4699
3947 2 2 5 5 250 249 4700
3948 2 2 5 5 251 250 4701
3949 2 2 5 5 252 251 4702
3950 2 2 5 5 253 252 4703
3951 2 2 5 5 254 253 4704
3952 2 2 5 5 255 221 4705
3953 2 2 5 5 256 254 4706
3954 2 2 5 5 257 255 4707
3955 2 2 5 5 258 224 4708
3956 2 2 5 5 259 257 4709
3957 2 2 5 5 260 258 4710
3958 2 2 5 5 261 227 4711
3959 2 2 5 5 262 260 4712
3960 2 2 5 5 263 261 4713
3961 2 2 5 5 264 228 4714
3962 2 2 5 5 266 234 4715
3963 2 2 5 5 267 266 4716
3964 2 2 4 4 268 242 4717
3965 2 2 4 4 269 268 4718
3966 2 2 5 5 270 267 4719
3967 2 2 5 5 271 270 4720
3968 2 2 5 5 272 271 4721
3969 2 2 5 5 273 272 4722
3970 2 2 5 5 278 273 4723
3971 2 2 5 5 279 278 4724
3972 2 2 5 5 280 279 4725
3973 2 2 5 5 281 280 4726
3974 2 2 5 5 282 281 4727
3975 2 2 5 5 283 282 4728
3976 2 2 5 5 284 283 4729
3977 2 2 5 5 285 284 4730
3978 2 2 5 5 286 285 4731
3979 2 2 5 5 287 286 4732
3980 2 2 5 5 288 287 4733
3981 2 2 5 5 289 288 4734
3982 2 2 5 5 290 256 4735
3983 2 2 5 5 291 289 4736
3984 2 2 5 5 292 290 4737
3985 2 2 5 5 293 259 4738
3986 2 2 5 5 294 292 4739
3987 2 2 5 5 295 293 4740
3988 2 2 5 5 296 262 4741
3989 2 2 5 5 297 295 4742
3990 2 2 5 5 298 296 4743
3991 2 2 5 5 299 263 4744
3992 2 2 4 4 301 269 4745
3993 2 2 4 4 302 301 4746
3994 2 2 4 4 305 302 4747
3995 2 2 4 4 306 305 4748
3996 2 2 4 4 307 306 4749
3997 2 2 4 4 308 307 4750
3998 2 2 4 4 314 308 4751
3999 2 2 4 4 315 314 4752
4000 2 2 4 4 316 315 4753
4001 2 2 4 4 317 316 4754
4002 2 2 4 4 318 317 4755
4003 2 2 4 4 319 318 4756
4004 2 2 4 4 284 320 4757
4005 2 2 4 4 285 321 4758
4006 2 2 4 4 286 322 4759
4007 2 2 4 4 287 323 4760
4008 2 2 4 4 288 324 4761
4009 2 2 4 4 289 325 4762
4010 2 2 5 5 326 291 4763
4011 2 2 4 4 291 327 4764
4012 2 2 5 5 328 326 4765
4013 2 2 5 5 329 294 4766
4014 2 2 5 5 330 328 4767
4015 2 2 5 5 331 329 4768
4016 2 2 5 5 332 297 4769
4017 2 2 5 5 333 331 4770
4018 2 2 5 5 334 332 4771
4019 2 2 5 5 335 298 4772
4020 2 2 4 4 363 327 4773
4021 2 2 4 4 365 363 4774
4022 2 2 5 5 366 330 4775
4023 2 2 4 4 367 365 4776
4024 2 2 5 5 368 366 4777
4025 2 2 5 5 369 333 4778
4026 2 2 5 5 370 368 4779
4027 2 2 5 5 371 369 4780
4028 2 2 5 5 372 334 4781
4029 2 2 4 4 366 402 4782
4030 2 2 4 4 368 404 4783
4031 2 2 5 5 405 370 4784
4032 2 2 4 4 370 406 4785
4033 2 2 5 5 407 405 4786
4034 2 2 5 5 408 371 4787
4035 2 2 4 4 405 442 4788
4036 2 2 4 4 407 444 4789
4037 2 2 5 5 445 407 4790
4038 2 2 4 4 484 444 4791
4039 2 2 25 25 682 680 4792
4040 2 2 25 25 680 712 4793
4041 2 2 25 25 714 713 4794
4042 2 2 25 25 716 682 4795
4043 2 2 25 25 713 742 4796
4044 2 2 25 25 712 743 4797
4045 2 2 25 25 749 714 4798
4046 2 2 25 25 715 751 4799
4047 2 2 25 25 742 775 4800
4048 2 2 25 25 751 784 4801
4049 2 2 25 25 750 788 4802
4050 2 2 23 23 791 793 4803
4051 2 2 22 22 794 790 4804
4052 2 2 25 25 788 829 4805
4053 2 2 25 25 787 832 4806
4054 2 2 22 22 790 836 4807
4055 2 2 23 23 837 791 4808
4056 2 2 23 23 838 839 4809
4057 2 2 23 23 793 841 4810
4058 2 2 18 18 842 835 4811
4059 2 2 22 22 843 794 4812
4060 2 2 25 25 832 879 4813
4061 2 2 25 25 831 881 4814
4062 2 2 23 23 886 837 4815
4063 2 2 18 18 835 888 4816
4064 2 2 22 22 836 889 4817
4065 2 2 23 23 890 838 4818
4066 2 2 23 23 891 890 4819
4067 2 2 23 23 892 893 4820
4068 2 2 23 23 839 894 4821
4069 2 2 23 23 840 841 4822
4070 2 2 18 18 897 842 4823
4071 2 2 18 18 898 887 4824
4072 2 2 22 22 899 843 4825
4073 2 2 25 25 881 939 4826
4074 2 2 21 21 881 831 4827
4075 2 2 21 21 940 880 4828
4076 2 2 21 21 942 882 4829
4077 2 2 21 21 943 883 4830
4078 2 2 21 21 944 884 4831
4079 2 2 23 23 946 886 4832
4080 2 2 23 23 947 891 4833
4081 2 2 18 18 887 948 4834
4082 2 2 11 11 923 922 4835
4083 2 2 18 18 888 949 4836
4084 2 2 22 22 889 950 4837
4085 2 2 23 23 951 892 4838
4086 2 2 23 23 952 951 4839
4087 2 2 23 23 891 947 4840
4088 2 2 23 23 954 955 4841
4089 2 2 23 23 893 956 4842
4090 2 2 23 23 841 894 4843
4091 2 2 23 23 895 896 4844
4092 2 2 18 18 961 897 4845
4093 2 2 18 18 962 898 4846
4094 2 2 11 11 963 923 4847
4095 2 2 22 22 964 899 4848
4096 2 2 21 21 941 900 4849
4097 2 2 11 11 989 988 4850
4098 2 2 21 21 1013 966 4851
4099 2 2 21 21 1016 938 4852
4100 2 2 21 21 939 881 4853
4101 2 2 21 21 1019 941 4854
4102 2 2 21 21 1017 940 4855
4103 2 2 21 21 1020 942 4856
4104 2 2 21 21 1021 943 4857
4105 2 2 21 21 1022 944 4858
4106 2 2 23 23 1024 946 4859
4107 2 2 23 23 946 1024 4860
4108 2 2 18 18 948 1026 4861
4109 2 2 11 11 922 960 4862
4110 2 2 18 18 949 1027 4863
4111 2 2 22 22 950 1028 4864
4112 2 2 23 23 1029 954 4865
4113 2 2 23 23 1029 951 4866
4114 2 2 23 23 947 1025 4867
4115 2 2 23 23 952 953 4868
4116 2 2 23 23 1034 1033 4869
4117 2 2 23 23 955 1037 4870
4118 2 2 23 23 894 956 4871
4119 2 2 23 23 957 1039 4872
4120 2 2 23 23 959 1041 4873
4121 2 2 23 23 1033 1042 4874
4122 2 2 11 11 988 1043 4875
4123 2 2 18 18 1045 961 4876
4124 2 2 18 18 1046 962 4877
4125 2 2 11 11 1047 963 4878
4126 2 2 11 11 1048 989 4879
4127 2 2 22 22 1051 964 4880
4128 2 2 21 21 965 968 4881
4129 2 2 21 21 938 967 4882
4130 2 2 21 21 966 1056 4883
4131 2 2 8 8 1076 1075 4884
4132 2 2 8 8 1077 1076 4885
4133 2 2 23 23 1137 1138 4886
4134 2 2 23 23 1024 1138 4887
4135 2 2 23 23 1025 1139 4888
4136 2 2 18 18 1026 1141 4889
4137 2 2 11 11 960 1044 4890
4138 2 2 18 18 1027 1142 4891
4139 2 2 22 22 1028 1143 4892
4140 2 2 23 23 1144 1034 4893
4141 2 2 23 23 1144 1029 4894
4142 2 2 23 23 953 1031 4895
4143 2 2 23 23 1030 1032 4896
4144 2 2 23 23 1149 1148 4897
4145 2 2 23 23 1039 1157 4898
4146 2 2 23 23 956 1037 4899
4147 2 2 23 23 1038 1159 4900
4148 2 2 23 23 1037 1042 4901
4149 2 2 23 23 1148 1165 4902
4150 2 2 11 11 1043 1166 4903
4151 2 2 8 8 1075 1078 4904
4152 2 2 18 18 1168 1045 4905
4153 2 2 8 8 1169 1077 4906
4154 2 2 18 18 1170 1046 4907
4155 2 2 11 11 1171 1047 4908
4156 2 2 11 11 1172 1048 4909
4157 2 2 19 19 1177 1168 4910
4158 2 2 21 21 1054 1055 4911
4159 2 2 21 21 968 1058 4912
4160 2 2 21 21 1180 1181 4913
4161 2 2 6 6 1076 1201 4914
4162 2 2 6 6 1169 1199 4915
4163 2 2 6 6 1077 1202 4916
4164 2 2 6 6 1200 1203 4917
4165 2 2 6 6 1203 1204 4918
4166 2 2 23 23 1031 1140 4919
4167 2 2 23 23 1272 1273 4920
4168 2 2 23 23 1273 1274 4921
4169 2 2 23 23 1274 1275 4922
4170 2 2 18 18 1141 1276 4923
4171 2 2 11 11 1044 1167 4924
4172 2 2 18 18 1142 1277 4925
4173 2 2 22 22 1143 1278 4926
4174 2 2 23 23 1279 1149 4927
4175 2 2 23 23 1279 1144 4928
4176 2 2 23 23 1032 1146 4929
4177 2 2 23 23 1145 1147 4930
4178 2 2 23 23 1146 1271 4931
4179 2 2 23 23 1285 1284 4932
4180 2 2 23 23 1286 1285 4933
4181 2 2 23 23 1038 1158 4934
4182 2 2 23 23 1042 1165 4935
4183 2 2 11 11 1166 1306 4936
4184 2 2 8 8 1078 1198 4937
4185 2 2 18 18 1308 1170 4938
4186 2 2 8 8 1309 1169 4939
4187 2 2 11 11 1310 1171 4940
4188 2 2 11 11 1311 1172 4941
4189 2 2 6 6 1309 1312 4942
4190 2 2 19 19 1321 1177 4943
4191 2 2 19 19 1322 1308 4944
4192 2 2 21 21 1055 1179 4945
4193 2 2 21 21 1181 1326 4946
4194 2 2 6 6 1204 1342 4947
4195 2 2 6 6 1344 1200 4948
4196 2 2 6 6 1199 1343 4949
4197 2 2 6 6 1202 1346 4950
4198 2 2 6 6 1347 1203 4951
4199 2 2 6 6 1347 1348 4952
4200 2 2 6 6 1348 1349 4953
4201 2 2 23 23 1271 1140 4954
4202 2 2 23 23 1412 1413 4955
4203 2 2 23 23 1413 1414 4956
4204 2 2 23 23 1414 1415 4957
4205 2 2 18 18 1276 1416 4958
4206 2 2 11 11 1167 1307 4959
4207 2 2 18 18 1277 1417 4960
4208 2 2 22 22 1278 1418 4961
4209 2 2 23 23 1419 1286 4962
4210 2 2 23 23 1419 1279 4963
4211 2 2 23 23 1147 1281 4964
4212 2 2 23 23 1280 1282 4965
4213 2 2 23 23 1283 1271 4966
4214 2 2 23 23 1281 1283 4967
4215 2 2 23 23 1426 1425 4968
4216 2 2 23 23 1427 1426 4969
4217 2 2 11 11 1306 1455 4970
4218 2 2 8 8 1198 1341 4971
4219 2 2 6 6 1312 1457 4972
4220 2 2 11 11 1458 1310 4973
4221 2 2 8 8 1459 1309 4974
4222 2 2 11 11 1460 1311 4975
4223 2 2 6 6 1461 1312 4976
4224 2 2 19 19 1468 1322 4977
4225 2 2 12 12 1469 1458 4978
4226 2 2 21 21 1179 1325 4979
4227 2 2 21 21 1326 1478 4980
4228 2 2 6 6 1342 1494 4981
4229 2 2 6 6 1349 1495 4982
4230 2 2 6 6 1497 1344 4983
4231 2 2 6 6 1343 1496 4984
4232 2 2 6 6 1346 1499 4985
4233 2 2 6 6 1500 1347 4986
4234 2 2 6 6 1500 1502 4987
4235 2 2 6 6 1502 1503 4988
4236 2 2 6 6 1503 1501 4989
4237 2 2 23 23 1415 1563 4990
4238 2 2 23 23 1563 1564 4991
4239 2 2 23 23 1565 1566 4992
4240 2 2 23 23 1566 1567 4993
4241 2 2 23 23 1567 1568 4994
4242 2 2 18 18 1416 1569 4995
4243 2 2 11 11 1307 1456 4996
4244 2 2 18 18 1417 1570 4997
4245 2 2 22 22 1418 1571 4998
4246 2 2 23 23 1427 1286 4999
4247 2 2 23 23 1572 1419 5000
4248 2 2 23 23 1282 1421 5001
4249 2 2 23 23 1420 1422 5002
4250 2 2 23 23 1424 1283 5003
4251 2 2 23 23 1564 1577 5004
4252 2 2 23 23 1421 1424 5005
4253 2 2 11 11 1455 1616 5006
4254 2 2 8 8 1341 1493 5007
4255 2 2 6 6 1457 1618 5008
4256 2 2 6 6 1619 1457 5009
4257 2 2 11 11 1620 1460 5010
4258 2 2 8 8 1621 1459 5011
4259 2 2 6 6 1622 1461 5012
4260 2 2 12 12 1624 1620 5013
4261 2 2 12 12 1626 1469 5014
4262 2 2 21 21 1325 1479 5015
4263 2 2 20 20 1638 1477 5016
4264 2 2 13 13 1639 1627 5017
4265 2 2 20 20 1640 1476 5018
4266 2 2 21 21 1478 1641 5019
4267 2 2 6 6 1494 1656 5020
4268 2 2 6 6 1495 1657 5021
4269 2 2 6 6 1501 1658 5022
4270 2 2 6 6 1660 1497 5023
4271 2 2 6 6 1496 1659 5024
4272 2 2 6 6 1499 1662 5025
4273 2 2 6 6 1664 1500 5026
4274 2 2 6 6 1665 1663 5027
4275 2 2 6 6 1664 1666 5028
4276 2 2 6 6 1666 1667 5029
4277 2 2 6 6 1667 1665 5030
4278 2 2 23 23 1568 1718 5031
4279 2 2 23 23 1718 1719 5032
4280 2 2 23 23 1721 1566 5033
4281 2 2 23 23 1722 1567 5034
4282 2 2 23 23 1723 1568 5035
4283 2 2 18 18 1569 1724 5036
4284 2 2 11 11 1456 1617 5037
4285 2 2 18 18 1570 1725 5038
4286 2 2 22 22 1571 1726 5039
4287 2 2 23 23 1422 1574 5040
4288 2 2 23 23 1719 1731 5041
4289 2 2 23 23 1578 1424 5042
4290 2 2 23 23 1577 1733 5043
4291 2 2 23 23 1731 1734 5044
4292 2 2 23 23 1574 1578 5045
4293 2 2 20 20 1477 1585 5046
4294 2 2 20 20 1632 1586 5047
4295 2 2 20 20 1630 1631 5048
4296 2 2 20 20 1591 1630 5049
4297 2 2 11 11 1616 1775 5050
4298 2 2 8 8 1493 1655 5051
4299 2 2 6 6 1618 1777 5052
4300 2 2 6 6 1778 1618 5053
4301 2 2 6 6 1622 1779 5054
4302 2 2 8 8 1781 1621 5055
4303 2 2 6 6 1781 1782 5056
4304 2 2 13 13 1627 1785 5057
4305 2 2 12 12 1786 1624 5058
4306 2 2 13 13 1787 1626 5059
4307 2 2 13 13 1785 1787 5060
4308 2 2 13 13 1796 1789 5061
4309 2 2 21 21 1479 1643 5062
4310 2 2 20 20 1806 1640 5063
4311 2 2 14 14 1807 1639 5064
4312 2 2 21 21 1641 1808 5065
4313 2 2 21 21 1808 1811 5066
4314 2 2 6 6 1656 1823 5067
4315 2 2 6 6 1657 1824 5068
4316 2 2 6 6 1658 1825 5069
4317 2 2 6 6 1663 1826 5070
4318 2 2 6 6 1828 1660 5071
4319 2 2 6 6 1659 1827 5072
4320 2 2 6 6 1662 1830 5073
4321 2 2 6 6 1832 1831 5074
4322 2 2 6 6 1833 1664 5075
4323 2 2 6 6 1834 1832 5076
4324 2 2 6 6 1666 1664 5077
4325 2 2 6 6 1835 1836 5078
4326 2 2 6 6 1836 1834 5079
4327 2 2 6 6 1777 1837 5080
4328 2 2 20 20 1671 1839 5081
4329 2 2 20 20 1673 1841 5082
4330 2 2 20 20 1674 1842 5083
4331 2 2 20 20 1676 1844 5084
4332 2 2 23 23 1885 1718 5085
4333 2 2 23 23 1886 1719 5086
4334 2 2 23 23 1888 1721 5087
4335 2 2 23 23 1888 1889 5088
4336 2 2 23 23 1889 1890 5089
4337 2 2 18 18 1724 1891 5090
4338 2 2 11 11 1617 1776 5091
4339 2 2 18 18 1725 1892 5092
4340 2 2 22 22 1726 1893 5093
4341 2 2 23 23 1898 1731 5094
4342 2 2 23 23 1735 1578 5095
4343 2 2 23 23 1733 1900 5096
4344 2 2 23 23 1734 1901 5097
4345 2 2 20 20 1586 1742 5098
4346 2 2 20 20 1746 1743 5099
4347 2 2 20 20 1750 1746 5100
4348 2 2 20 20 1916 1749 5101
4349 2 2 11 11 1775 1941 5102
4350 2 2 8 8 1655 1822 5103
4351 2 2 6 6 1943 1777 5104
4352 2 2 6 6 1779 1944 5105
4353 2 2 6 6 1782 1945 5106
4354 2 2 13 13 1789 1953 5107
4355 2 2 13 13 1954 1786 5108
4356 2 2 13 13 1953 1954 5109
4357 2 2 14 14 1965 1796 5110
4358 2 2 21 21 1643 1812 5111
4359 2 2 14 14 1975 1807 5112
4360 2 2 21 21 1811 1813 5113
4361 2 2 6 6 1822 1823 5114
4362 2 2 6 6 1823 1824 5115
4363 2 2 6 6 1824 1825 5116
4364 2 2 6 6 1825 1826 5117
4365 2 2 6 6 2001 1828 5118
4366 2 2 6 6 1827 2000 5119
4367 2 2 6 6 1830 2003 5120
4368 2 2 6 6 1826 1831 5121
4369 2 2 6 6 2006 2004 5122
4370 2 2 6 6 2007 1833 5123
4371 2 2 6 6 2008 2006 5124
4372 2 2 6 6 1835 1833 5125
4373 2 2 6 6 2010 1836 5126
4374 2 2 6 6 2010 2008 5127
4375 2 2 6 6 1837 2011 5128
4376 2 2 6 6 2012 1837 5129
4377 2 2 20 20 1839 2014 5130
4378 2 2 20 20 1841 2017 5131
4379 2 2 20 20 1842 2018 5132
4380 2 2 20 20 1676 1843 5133
4381 2 2 20 20 1844 2020 5134
4382 2 2 23 23 2064 1885 5135
4383 2 2 23 23 2066 2067 5136
4384 2 2 23 23 2067 2068 5137
4385 2 2 11 11 1776 1942 5138
4386 2 2 18 18 1891 2069 5139
4387 2 2 22 22 1893 2071 5140
4388 2 2 18 18 1892 2072 5141
4389 2 2 20 20 2091 1916 5142
4390 2 2 20 20 2093 1915 5143
4391 2 2 20 20 2097 1920 5144
4392 2 2 20 20 2098 1921 5145
4393 2 2 20 20 2099 1922 5146
4394 2 2 20 20 2100 1923 5147
4395 2 2 20 20 1843 1923 5148
4396 2 2 11 11 1941 2117 5149
4397 2 2 8 8 1822 1995 5150
4398 2 2 6 6 2119 1943 5151
4399 2 2 14 14 2144 1965 5152
4400 2 2 21 21 1812 1987 5153
4401 2 2 15 15 2148 1975 5154
4402 2 2 16 16 1988 2158 5155
4403 2 2 6 6 1995 1996 5156
4404 2 2 6 6 1997 2167 5157
4405 2 2 6 6 1998 2168 5158
4406 2 2 6 6 1998 1999 5159
4407 2 2 6 6 2011 2013 5160
4408 2 2 6 6 2171 2001 5161
4409 2 2 6 6 2000 2170 5162
4410 2 2 6 6 2003 2173 5163
4411 2 2 6 6 1831 2004 5164
4412 2 2 6 6 2176 2174 5165
4413 2 2 6 6 2177 2007 5166
4414 2 2 6 6 2178 2176 5167
4415 2 2 6 6 2009 2007 5168
4416 2 2 6 6 2180 2010 5169
4417 2 2 6 6 2180 2178 5170
4418 2 2 6 6 2181 2011 5171
4419 2 2 20 20 1844 2019 5172
4420 2 2 11 11 1942 2118 5173
4421 2 2 18 18 2069 2240 5174
4422 2 2 18 18 2072 2242 5175
4423 2 2 20 20 2262 2093 5176
4424 2 2 20 20 2263 2092 5177
4425 2 2 20 20 1919 2095 5178
4426 2 2 20 20 2267 2097 5179
4427 2 2 20 20 2268 2098 5180
4428 2 2 20 20 2269 2099 5181
4429 2 2 20 20 2270 2100 5182
4430 2 2 20 20 2019 2100 5183
4431 2 2 20 20 2104 2105 5184
4432 2 2 20 20 2105 2108 5185
4433 2 2 20 20 2108 2109 5186
4434 2 2 8 8 1995 2165 5187
4435 2 2 11 11 2117 2286 5188
4436 2 2 15 15 2313 2144 5189
4437 2 2 16 16 2158 2315 5190
4438 2 2 15 15 2315 2148 5191
4439 2 2 16 16 2157 2321 5192
4440 2 2 6 6 2166 2328 5193
4441 2 2 6 6 2167 2329 5194
4442 2 2 6 6 2013 2182 5195
4443 2 2 6 6 2334 2171 5196
4444 2 2 6 6 2173 2170 5197
4445 2 2 6 6 2335 2172 5198
4446 2 2 6 6 2339 2337 5199
4447 2 2 6 6 2177 2171 5200
4448 2 2 6 6 2341 2339 5201
4449 2 2 6 6 2179 2177 5202
4450 2 2 6 6 2343 2180 5203
4451 2 2 6 6 2341 2178 5204
4452 2 2 11 11 2118 2287 5205
4453 2 2 18 18 2240 2404 5206
4454 2 2 17 17 2242 2405 5207
4455 2 2 20 20 2432 2260 5208
4456 2 2 20 20 2109 2260 5209
4457 2 2 20 20 2434 2263 5210
4458 2 2 20 20 2095 2264 5211
4459 2 2 20 20 2096 2265 5212
4460 2 2 20 20 2264 2272 5213
4461 2 2 20 20 2444 2273 5214
4462 2 2 20 20 2274 2275 5215
4463 2 2 20 20 2447 2276 5216
4464 2 2 20 20 2448 2277 5217
4465 2 2 20 20 2275 2278 5218
4466 2 2 20 20 2278 2279 5219
4467 2 2 8 8 2165 2327 5220
4468 2 2 11 11 2286 2457 5221
4469 2 2 16 16 2321 2488 5222
4470 2 2 15 15 2488 2313 5223
4471 2 2 3 3 2320 2491 5224
4472 2 2 17 17 2405 2566 5225
4473 2 2 10 10 2287 2459 5226
4474 2 2 17 17 2404 2567 5227
4475 2 2 20 20 2596 2432 5228
4476 2 2 20 20 2279 2432 5229
4477 2 2 20 20 2265 2435 5230
4478 2 2 20 20 2606 2442 5231
4479 2 2 20 20 2272 2442 5232
4480 2 2 20 20 2435 2443 5233
4481 2 2 20 20 2608 2444 5234
4482 2 2 20 20 2611 2447 5235
4483 2 2 20 20 2612 2448 5236
4484 2 2 10 10 2457 2619 5237
4485 2 2 3 3 2491 2653 5238
4486 2 2 3 3 2490 2655 5239
4487 2 2 10 10 2459 2622 5240
4488 2 2 17 17 2567 2728 5241
4489 2 2 20 20 2766 2606 5242
4490 2 2 20 20 2443 2606 5243
4491 2 2 10 10 2619 2779 5244
4492 2 2 3 3 2655 2813 5245
4493 2 2 3 3 2654 2814 5246
4494 2 2 1 1 2722 2559 5247
4495 2 2 9 9 2622 2780 5248
4496 2 2 9 9 2780 2782 5249
4497 2 2 9 9 2779 2925 5250
4498 2 2 9 9 2925 2926 5251
4499 2 2 3 3 2810 2948 5252
4500 2 2 3 3 2814 2951 5253
4501 2 2 3 3 2948 2810 5254
4502 2 2 1 1 2871 2721 5255
4503 2 2 1 1 2872 2722 5256
4504 2 2 3 3 2948 3074 5257
4505 2 2 3 3 3074 2948 5258
4506 2 2 3 3 2954 2817 5259
4507 2 2 1 1 3004 2870 5260
4508 2 2 1 1 3005 2871 5261
4509 2 2 1 1 3006 2872 5262
4510 2 2 3 3 3077 2954 5263
4511 2 2 1 1 3123 3003 5264
4512 2 2 1 1 3124 3004 5265
4513 2 2 1 1 3125 3005 5266
4514 2 2 1 1 3126 3006 5267
4515 2 2 1 1 3238 3122 5268
4516 2 2 1 1 3239 3123 5269
4517 2 2 1 1 3240 3124 5270
4518 2 2 1 1 3241 3125 5271
4519 2 2 1 1 3242 3126 5272
4520 2 2 1 1 3349 3237 5273
4521 2 2 1 1 3350 3238 5274
4522 2 2 1 1 3351 3239 5275
4523 2 2 1 1 3352 3240 5276
4524 2 2 1 1 3353 3241 5277
4525 2 2 1 1 3354 3242 5278
4526 2 2 1 1 3450 3348 5279
4527 2 2 1 1 3451 3349 5280
4528 2 2 1 1 3452 3350 5281
4529 2 2 1 1 3453 3351 5282
4530 2 2 1 1 3454 3352 5283
4531 2 2 1 1 3455 3353 5284
4532 2 2 1 1 3456 3354 5285
4533 2 2 1 1 3547 3449 5286
4534 2 2 1 1 3548 3450 5287
4535 2 2 1 1 3549 3451 5288
4536 2 2 1 1 3550 3452 5289
4537 2 2 1 1 3551 3453 5290
4538 2 2 1 1 3552 3454 5291
4539 2 2 1 1 3553 3455 5292
4540 2 2 1 1 3554 3456 5293
4541 2 2 1 1 3645 3546 5294
4542 2 2 1 1 3646 3547 5295
4543 2 2 1 1 3647 3548 5296
4544 2 2 1 1 3648 3549 5297
4545 2 2 1 1 3649 3550 5298
4546 2 2 1 1 3650 3551 5299
4547 2 2 1 1 3651 3552 5300
4548 2 2 1 1 3652 3553 5301
4549 2 2 1 1 3733 3644 5302
4550 2 2 1 1 3734 3645 5303
4551 2 2 1 1 3735 3646 5304
4552 2 2 1 1 3736 3647 5305
4553 2 2 1 1 3737 3648 5306
4554 2 2 1 1 3738 3649 5307
4555 2 2 1 1 3739 3650 5308
4556 2 2 1 1 3740 3651 5309
4557 2 2 1 1 3814 3732 5310
4558 2 2 1 1 3815 3733 5311
4559 2 2 1 1 3816 3734 5312
4560 2 2 1 1 3817 3735 5313
4561 2 2 1 1 3818 3736 5314
4562 2 2 1 1 3819 3737 5315
4563 2 2 1 1 3820 3738 5316
4564 2 2 1 1 3821 3739 5317
4565 2 2 1 1 3886 3813 5318
4566 2 2 1 1 3887 3814 5319
4567 2 2 1 1 3888 3815 5320
4568 2 2 1 1 3889 3816 5321
4569 2 2 1 1 3890 3817 5322
4570 2 2 1 1 3891 3818 5323
4571 2 2 1 1 3892 3819 5324
4572 2 2 1 1 3893 3820 5325
4573 2 2 1 1 3949 3885 5326
4574 2 2 1 1 3950 3886 5327
4575 2 2 1 1 3951 3887 5328
4576 2 2 1 1 3952 3888 5329
4577 2 2 1 1 3953 3889 5330
4578 2 2 1 1 3954 3890 5331
4579 2 2 1 1 3955 3891 5332
4580 2 2 1 1 3956 3892 5333
4581 2 2 1 1 4004 3948 5334
4582 2 2 1 1 4005 3949 5335
4583 2 2 1 1 4006 3950 5336
4584 2 2 1 1 4007 3951 5337
4585 2 2 1 1 4008 3952 5338
4586 2 2 1 1 4009 3953 5339
4587 2 2 1 1 4010 3954 5340
4588 2 2 1 1 4011 3955 5341
4589 2 2 1 1 4054 4003 5342
4590 2 2 1 1 4055 4004 5343
4591 2 2 1 1 4056 4005 5344
4592 2 2 1 1 4057 4006 5345
4593 2 2 1 1 4058 4007 5346
4594 2 2 1 1 4059 4008 5347
4595 2 2 1 1 4060 4009 5348
4596 2 2 1 1 4061 4010 5349
4597 2 2 1 1 4099 4053 5350
4598 2 2 1 1 4100 4054 5351
4599 2 2 1 1 4101 4055 5352
4600 2 2 1 1 4102 4056 5353
4601 2 2 1 1 4103 4057 5354
4602 2 2 1 1 4104 4058 5355
4603 2 2 1 1 4105 4059 5356
4604 2 2 1 1 4106 4060 5357
4605 2 2 1 1 4139 4098 5358
4606 2 2 1 1 4140 4099 5359
4607 2 2 1 1 4141 4100 5360
4608 2 2 1 1 4142 4101 5361
4609 2 2 1 1 4143 4102 5362
4610 2 2 1 1 4144 4103 5363
4611 2 2 1 1 4145 4104 5364
4612 2 2 1 1 4146 4105 5365
4613 2 2 1 1 4177 4138 5366
4614 2 2 1 1 4178 4139 5367
4615 2 2 1 1 4179 4140 5368
4616 2 2 1 1 4180 4141 5369
4617 2 2 1 1 4181 4142 5370
4618 2 2 1 1 4182 4143 5371
4619 2 2 1 1 4183 4144 5372
4620 2 2 1 1 4184 4145 5373
4621 2 2 1 1 4210 4176 5374
4622 2 2 1 1 4211 4177 5375
4623 2 2 1 1 4212 4178 5376
4624 2 2 1 1 4213 4179 5377
4625 2 2 1 1 4214 4180 5378
4626 2 2 1 1 4215 4181 5379
4627 2 2 1 1 4216 4182 5380
4628 2 2 1 1 4217 4183 5381
4629 2 2 1 1 4240 4209 5382
4630 2 2 1 1 4241 4210 5383
4631 2 2 1 1 4242 4211 5384
4632 2 2 1 1 4243 4212 5385
4633 2 2 1 1 4244 4213 5386
4634 2 2 1 1 4245 4214 5387
4635 2 2 1 1 4246 4215 5388
4636 2 2 1 1 4247 4216 5389
4637 2 2 1 1 4267 4239 5390
4638 2 2 1 1 4268 4240 5391
4639 2 2 1 1 4269 4241 5392
4640 2 2 1 1 4270 4242 5393
4641 2 2 1 1 4271 4243 5394
4642 2 2 1 1 4272 4244 5395
4643 2 2 1 1 4273 4245 5396
4644 2 2 1 1 4274 4246 5397
4645 2 2 1 1 4292 4266 5398
4646 2 2 1 1 4293 4267 5399
4647 2 2 1 1 4294 4268 5400
4648 2 2 1 1 4295 4269 5401
4649 2 2 1 1 4296 4270 5402
4650 2 2 1 1 4297 4271 5403
4651 2 2 1 1 4298 4272 5404
4652 2 2 1 1 4299 4273 5405
4653 2 2 1 1 4315 4291 5406
4654 2 2 1 1 4316 4292 5407
4655 2 2 1 1 4317 4293 5408
4656 2 2 1 1 4318 4294 5409
4657 2 2 1 1 4319 4295 5410
4658 2 2 1 1 4320 4296 5411
4659 2 2 1 1 4321 4297 5412
4660 2 2 1 1 4322 4298 5413
4661 2 2 1 1 4335 4314 5414
4662 2 2 1 1 4336 4315 5415
4663 2 2 1 1 4337 4316 5416
4664 2 2 1 1 4338 4317 5417
4665 2 2 1 1 4339 4318 5418
4666 2 2 1 1 4340 4319 5419
4667 2 2 1 1 4341 4320 5420
4668 2 2 1 1 4342 4321 5421
4669 2 2 1 1 4354 4334 5422
4670 2 2 1 1 4355 4335 5423
4671 2 2 1 1 4356 4336 5424
4672 2 2 1 1 4357 4337 5425
4673 2 2 1 1 4358 4338 5426
4674 2 2 1 1 4359 4339 5427
4675 2 2 1 1 4360 4340 5428
4676 2 2 1 1 4361 4341 5429
4677 2 2 1 1 4373 4353 5430
4678 2 2 1 1 4374 4354 5431
4679 2 2 1 1 4375 4355 5432
4680 2 2 1 1 4376 4356 5433
4681 2 2 1 1 4377 4357 5434
4682 2 2 1 1 4378 4358 5435
4683 2 2 1 1 4379 4359 5436
4684 2 2 1 1 4380 4360 5437
4685 2 2 1 1 4391 4372 5438
4686 2 2 1 1 4392 4373 5439
4687 2 2 1 1 4393 4374 5440
4688 2 2 1 1 4394 4375 5441
4689 2 2 1 1 4395 4376 5442
4690 2 2 1 1 4396 4377 5443
4691 2 2 1 1 4397 4378 5444
4692 2 2 1 1 4398 4379 5445
4693 2 2 1 1 4418 4403 5446
4694 2 2 1 1 4407 4390 5447
4695 2 2 1 1 4408 4391 5448
4696 2 2 1 1 4409 4392 5449
4697 2 2 1 1 4410 4393 5450
4698 2 2 1 1 4411 4394 5451
4699 2 2 1 1 4412 4395 5452
4700 2 2 1 1 4413 4396 5453
4701 2 2 1 1 4414 4397 5454
4702 2 2 1 1 4430 4417 5455
4703 2 2 1 1 4431 4418 5456
4704 2 2 1 1 4421 4406 5457
4705 2 2 1 1 4422 4407 5458
4706 2 2 1 1 4423 4408 5459
4707 2 2 1 1 4424 4409 5460
4708 2 2 1 1 4425 4410 5461
4709 2 2 1 1 4426 4411 5462
4710 2 2 1 1 4427 4412 5463
4711 2 2 1 1 4428 4413 5464
4712 2 2 1 1 4441 4429 5465
4713 2 2 1 1 4433 4420 5466
4714 2 2 1 1 4442 4430 5467
4715 2 2 1 1 4443 4431 5468
4716 2 2 1 1 4434 4421 5469
4717 2 2 1 1 4435 4422 5470
4718 2 2 1 1 4436 4423 5471
4719 2 2 1 1 4437 4424 5472
4720 2 2 1 1 4438 4425 5473
4721 2 2 1 1 4439 4426 5474
4722 2 2 1 1 4440 4427 5475
4723 2 2 1 1 4452 4441 5476
4724 2 2 1 1 4445 4433 5477
4725 2 2 1 1 4453 4442 5478
4726 2 2 1 1 4454 4443 5479
4727 2 2 1 1 4446 4434 5480
4728 2 2 1 1 4447 4435 5481
4729 2 2 1 1 4448 4436 5482
4730 2 2 1 1 4449 4437 5483
4731 2 2 1 1 4450 4438 5484
4732 2 2 1 1 4451 4439 5485
4733 2 2 1 1 4462 4452 5486
4734 2 2 1 1 4456 4445 5487
4735 2 2 1 1 4463 4453 5488
4736 2 2 1 1 4464 4454 5489
4737 2 2 1 1 4457 4446 5490
4738 2 2 1 1 4458 4447 5491
4739 2 2 1 1 4459 4448 5492
4740 2 2 1 1 4460 4449 5493
4741 2 2 1 1 4461 4450 5494
4742 2 2 1 1 4471 4462 5495
4743 2 2 1 1 4466 4456 5496
4744 2 2 1 1 4472 4463 5497
4745 2 2 1 1 4473 4464 5498
4746 2 2 1 1 4467 4457 5499
4747 2 2 1 1 4468 4458 5500
4748 2 2 1 1 4469 4459 5501
4749 2 2 1 1 4470 4460 5502
4750 2 2 1 1 4479 4471 5503
4751 2 2 1 1 4475 4466 5504
4752 2 2 1 1 4480 4472 5505
4753 2 2 1 1 4481 4473 5506
4754 2 2 1 1 4476 4467 5507
4755 2 2 1 1 4477 4468 5508
4756 2 2 1 1 4478 4469 5509
4757 2 2 1 1 4486 4479 5510
4758 2 2 1 1 4483 4475 5511
4759 2 2 1 1 4487 4480 5512
4760 2 2 1 1 4488 4481 5513
4761 2 2 1 1 4484 4476 5514
4762 2 2 1 1 4485 4477 5515
4763 2 2 1 1 4491 4486 5516
4764 2 2 1 1 4489 4483 5517
4765 2 2 1 1 4492 4487 5518
4766 2 2 1 1 4490 4484 5519
4767 2 2 1 1 4494 4491 5520
4768 2 2 1 1 4493 4489 5521
4769 2 2 4 4 241 230 239
4770 2 2 4 4 241 265 230
4771 2 2 4 4 274 240 242
4772 2 2 4 4 240 275 239
4773 2 2 4 4 241 239 275
4774 2 2 4 4 275 240 274
4775 2 2 4 4 241 276 265
4776 2 2 4 4 241 275 276
4777 2 2 4 4 277 242 268
4778 2 2 4 4 274 242 277
4779 2 2 4 4 276 300 265
4780 2 2 4 4 303 268 269
4781 2 2 4 4 277 268 303
4782 2 2 4 4 304 269 301
4783 2 2 4 4 303 269 304
4784 2 2 4 4 309 274 277
4785 2 2 4 4 310 275 274
4786 2 2 4 4 310 274 309
4787 2 2 4 4 276 275 311
4788 2 2 4 4 310 311 275
4789 2 2 4 4 300 276 312
4790 2 2 4 4 311 312 276
4791 2 2 4 4 303 313 277
4792 2 2 4 4 309 277 313
4793 2 2 4 4 312 336 300
4794 2 2 4 4 337 301 302
4795 2 2 4 4 304 301 337
4796 2 2 4 4 338 302 305
4797 2 2 4 4 337 302 338
4798 2 2 4 4 304 339 303
4799 2 2 4 4 313 303 339
4800 2 2 4 4 337 340 304
4801 2 2 4 4 339 304 340
4802 2 2 4 4 341 305 306
4803 2 2 4 4 341 338 305
4804 2 2 4 4 342 306 307
4805 2 2 4 4 342 341 306
4806 2 2 4 4 343 307 308
4807 2 2 4 4 343 342 307
4808 2 2 4 4 344 308 314
4809 2 2 4 4 344 343 308
4810 2 2 4 4 313 345 309
4811 2 2 4 4 310 309 346
4812 2 2 4 4 310 346 311
4813 2 2 4 4 346 309 345
4814 2 2 4 4 312 311 347
4815 2 2 4 4 346 347 311
4816 2 2 4 4 336 312 348
4817 2 2 4 4 347 348 312
4818 2 2 4 4 339 349 313
4819 2 2 4 4 345 313 349
4820 2 2 4 4 350 345 349
4821 2 2 4 4 351 314 315
4822 2 2 4 4 351 344 314
4823 2 2 4 4 352 315 316
4824 2 2 4 4 352 351 315
4825 2 2 4 4 353 316 317
4826 2 2 4 4 353 352 316
4827 2 2 4 4 354 317 318
4828 2 2 4 4 354 353 317
4829 2 2 4 4 355 318 319
4830 2 2 4 4 355 354 318
4831 2 2 4 4 356 319 320
4832 2 2 4 4 356 355 319
4833 2 2 4 4 357 320 321
4834 2 2 4 4 357 356 320
4835 2 2 4 4 358 321 322
4836 2 2 4 4 358 357 321
4837 2 2 4 4 359 322 323
4838 2 2 4 4 359 358 322
4839 2 2 4 4 360 323 324
4840 2 2 4 4 360 359 323
4841 2 2 4 4 361 324 325
4842 2 2 4 4 361 360 324
4843 2 2 4 4 362 325 327
4844 2 2 4 4 362 361 325
4845 2 2 4 4 364 327 363
4846 2 2 4 4 364 362 327
4847 2 2 4 4 348 373 336
4848 2 2 4 4 337 338 374
4849 2 2 4 4 340 337 374
4850 2 2 4 4 338 341 375
4851 2 2 4 4 375 374 338
4852 2 2 4 4 340 376 339
4853 2 2 4 4 349 339 376
4854 2 2 4 4 340 374 377
4855 2 2 4 4 376 340 377
4856 2 2 4 4 341 342 378
4857 2 2 4 4 378 375 341
4858 2 2 4 4 342 343 379
4859 2 2 4 4 379 378 342
4860 2 2 4 4 343 344 380
4861 2 2 4 4 380 379 343
4862 2 2 4 4 344 351 381
4863 2 2 4 4 381 380 344
4864 2 2 4 4 346 382 347
4865 2 2 4 4 345 382 346
4866 2 2 4 4 350 382 345
4867 2 2 4 4 373 348 383
4868 2 2 4 4 384 383 348
4869 2 2 4 4 348 347 384
4870 2 2 4 4 384 347 382
4871 2 2 4 4 349 376 385
4872 2 2 4 4 350 349 385
4873 2 2 4 4 350 386 382
4874 2 2 4 4 350 385 386
4875 2 2 4 4 351 352 387
4876 2 2 4 4 387 381 351
4877 2 2 4 4 352 353 388
4878 2 2 4 4 388 387 352
4879 2 2 4 4 353 354 389
4880 2 2 4 4 389 388 353
4881 2 2 4 4 354 355 390
4882 2 2 4 4 390 389 354
4883 2 2 4 4 355 356 391
4884 2 2 4 4 391 390 355
4885 2 2 4 4 358 359 392
4886 2 2 4 4 356 357 393
4887 2 2 4 4 393 391 356
4888 2 2 4 4 357 358 394
4889 2 2 4 4 394 393 357
4890 2 2 4 4 392 394 358
4891 2 2 4 4 359 360 395
4892 2 2 4 4 395 392 359
4893 2 2 4 4 360 361 396
4894 2 2 4 4 396 395 360
4895 2 2 4 4 361 362 397
4896 2 2 4 4 397 396 361
4897 2 2 4 4 362 364 398
4898 2 2 4 4 398 397 362
4899 2 2 4 4 399 363 365
4900 2 2 4 4 399 364 363
4901 2 2 4 4 364 399 400
4902 2 2 4 4 400 398 364
4903 2 2 4 4 401 365 367
4904 2 2 4 4 401 399 365
4905 2 2 4 4 403 367 402
4906 2 2 4 4 403 401 367
4907 2 2 4 4 383 410 373
4908 2 2 4 4 410 383 409
4909 2 2 4 4 374 375 411
4910 2 2 4 4 411 377 374
4911 2 2 4 4 378 412 375
4912 2 2 4 4 411 375 412
4913 2 2 4 4 376 377 413
4914 2 2 4 4 385 376 413
4915 2 2 4 4 377 411 414
4916 2 2 4 4 414 413 377
4917 2 2 4 4 379 415 378
4918 2 2 4 4 412 378 415
4919 2 2 4 4 379 380 416
4920 2 2 4 4 415 379 416
4921 2 2 4 4 381 387 417
4922 2 2 4 4 380 381 418
4923 2 2 4 4 416 380 418
4924 2 2 4 4 417 418 381
4925 2 2 4 4 384 382 419
4926 2 2 4 4 386 419 382
4927 2 2 4 4 420 409 383
4928 2 2 4 4 383 384 420
4929 2 2 4 4 419 420 384
4930 2 2 4 4 385 413 421
4931 2 2 4 4 386 385 421
4932 2 2 4 4 386 422 419
4933 2 2 4 4 421 422 386
4934 2 2 4 4 423 409 420
4935 2 2 4 4 387 388 424
4936 2 2 4 4 424 417 387
4937 2 2 4 4 388 389 425
4938 2 2 4 4 425 424 388
4939 2 2 4 4 389 390 426
4940 2 2 4 4 426 425 389
4941 2 2 4 4 390 391 427
4942 2 2 4 4 427 426 390
4943 2 2 4 4 391 393 428
4944 2 2 4 4 428 427 391
4945 2 2 4 4 392 395 429
4946 2 2 4 4 394 392 430
4947 2 2 4 4 429 430 392
4948 2 2 4 4 393 394 431
4949 2 2 4 4 431 428 393
4950 2 2 4 4 430 431 394
4951 2 2 4 4 395 396 432
4952 2 2 4 4 432 429 395
4953 2 2 4 4 396 397 433
4954 2 2 4 4 433 432 396
4955 2 2 4 4 397 398 434
4956 2 2 4 4 434 433 397
4957 2 2 4 4 398 400 435
4958 2 2 4 4 435 434 398
4959 2 2 4 4 399 401 436
4960 2 2 4 4 436 400 399
4961 2 2 4 4 400 436 437
4962 2 2 4 4 437 435 400
4963 2 2 4 4 401 403 438
4964 2 2 4 4 438 436 401
4965 2 2 4 4 402 404 439
4966 2 2 4 4 439 403 402
4967 2 2 4 4 403 439 440
4968 2 2 4 4 438 403 440
4969 2 2 4 4 404 406 441
4970 2 2 4 4 441 439 404
4971 2 2 4 4 406 442 443
4972 2 2 4 4 443 441 406
4973 2 2 4 4 409 423 447
4974 2 2 4 4 446 447 423
4975 2 2 4 4 409 448 410
4976 2 2 4 4 447 448 409
4977 2 2 4 4 412 449 411
4978 2 2 4 4 449 414 411
4979 2 2 4 4 415 450 412
4980 2 2 4 4 449 412 450
4981 2 2 4 4 451 414 449
4982 2 2 4 4 413 414 452
4983 2 2 4 4 421 413 452
4984 2 2 4 4 451 452 414
4985 2 2 4 4 416 453 415
4986 2 2 4 4 450 415 453
4987 2 2 4 4 417 424 454
4988 2 2 4 4 416 418 455
4989 2 2 4 4 453 416 455
4990 2 2 4 4 418 417 456
4991 2 2 4 4 456 455 418
4992 2 2 4 4 454 456 417
4993 2 2 4 4 420 457 423
4994 2 2 4 4 419 457 420
4995 2 2 4 4 422 457 419
4996 2 2 4 4 422 421 458
4997 2 2 4 4 458 421 452
4998 2 2 4 4 459 457 422
4999 2 2 4 4 459 422 458
5000 2 2 4 4 460 446 423
5001 2 2 4 4 460 423 457
5002 2 2 4 4 461 446 460
5003 2 2 4 4 424 425 462
5004 2 2 4 4 462 454 424
5005 2 2 4 4 425 426 463
5006 2 2 4 4 463 462 425
5007 2 2 4 4 454 462 464
5008 2 2 4 4 426 427 465
5009 2 2 4 4 465 463 426
5010 2 2 4 4 427 428 466
5011 2 2 4 4 466 465 427
5012 2 2 4 4 429 432 467
5013 2 2 4 4 428 431 468
5014 2 2 4 4 468 466 428
5015 2 2 4 4 430 429 469
5016 2 2 4 4 467 469 429
5017 2 2 4 4 431 430 470
5018 2 2 4 4 470 468 431
5019 2 2 4 4 469 470 430
5020 2 2 4 4 432 433 471
5021 2 2 4 4 471 467 432
5022 2 2 4 4 433 434 472
5023 2 2 4 4 472 471 433
5024 2 2 4 4 434 435 473
5025 2 2 4 4 473 472 434
5026 2 2 4 4 435 437 474
5027 2 2 4 4 474 473 435
5028 2 2 4 4 436 438 475
5029 2 2 4 4 475 437 436
5030 2 2 4 4 437 475 476
5031 2 2 4 4 476 474 437
5032 2 2 4 4 440 477 438
5033 2 2 4 4 477 475 438
5034 2 2 4 4 439 441 478
5035 2 2 4 4 478 440 439
5036 2 2 4 4 440 478 479
5037 2 2 4 4 479 477 440
5038 2 2 4 4 443 480 441
5039 2 2 4 4 478 441 480
5040 2 2 4 4 481 442 444
5041 2 2 4 4 481 443 442
5042 2 2 4 4 482 443 481
5043 2 2 4 4 482 480 443
5044 2 2 4 4 483 481 444
5045 2 2 4 4 483 444 484
5046 2 2 4 4 461 485 446
5047 2 2 4 4 446 486 447
5048 2 2 4 4 485 486 446
5049 2 2 4 4 447 487 448
5050 2 2 4 4 486 487 447
5051 2 2 4 4 488 485 461
5052 2 2 4 4 450 489 449
5053 2 2 4 4 451 449 489
5054 2 2 4 4 450 453 490
5055 2 2 4 4 489 450 490
5056 2 2 4 4 491 452 451
5057 2 2 4 4 492 451 489
5058 2 2 4 4 492 491 451
5059 2 2 4 4 458 452 493
5060 2 2 4 4 491 493 452
5061 2 2 4 4 455 494 453
5062 2 2 4 4 490 453 494
5063 2 2 4 4 456 454 495
5064 2 2 4 4 464 495 454
5065 2 2 4 4 456 496 455
5066 2 2 4 4 494 455 496
5067 2 2 4 4 495 496 456
5068 2 2 4 4 497 460 457
5069 2 2 4 4 459 497 457
5070 2 2 4 4 459 498 497
5071 2 2 4 4 459 458 498
5072 2 2 4 4 498 458 493
5073 2 2 4 4 499 488 461
5074 2 2 4 4 460 500 461
5075 2 2 4 4 499 461 500
5076 2 2 4 4 500 460 497
5077 2 2 4 4 462 463 501
5078 2 2 4 4 501 464 462
5079 2 2 4 4 463 465 502
5080 2 2 4 4 502 501 463
5081 2 2 4 4 495 464 503
5082 2 2 4 4 464 501 504
5083 2 2 4 4 504 503 464
5084 2 2 4 4 465 466 505
5085 2 2 4 4 505 502 465
5086 2 2 4 4 466 468 506
5087 2 2 4 4 505 466 506
5088 2 2 4 4 467 471 507
5089 2 2 4 4 469 467 508
5090 2 2 4 4 507 508 467
5091 2 2 4 4 468 470 509
5092 2 2 4 4 509 506 468
5093 2 2 4 4 470 469 510
5094 2 2 4 4 510 509 470
5095 2 2 4 4 508 510 469
5096 2 2 4 4 471 472 511
5097 2 2 4 4 511 507 471
5098 2 2 4 4 472 473 512
5099 2 2 4 4 512 511 472
5100 2 2 4 4 473 474 513
5101 2 2 4 4 513 512 473
5102 2 2 4 4 474 476 514
5103 2 2 4 4 514 513 474
5104 2 2 4 4 477 515 475
5105 2 2 4 4 476 475 515
5106 2 2 4 4 516 476 515
5107 2 2 4 4 516 514 476
5108 2 2 4 4 479 517 477
5109 2 2 4 4 515 477 517
5110 2 2 4 4 518 478 480
5111 2 2 4 4 518 479 478
5112 2 2 4 4 519 479 518
5113 2 2 4 4 519 517 479
5114 2 2 4 4 520 480 482
5115 2 2 4 4 521 518 480
5116 2 2 4 4 520 521 480
5117 2 2 4 4 520 482 522
5118 2 2 4 4 483 523 481
5119 2 2 4 4 482 481 523
5120 2 2 4 4 522 482 523
5121 2 2 4 4 483 484 524
5122 2 2 4 4 483 524 523
5123 2 2 4 4 488 526 485
5124 2 2 4 4 525 526 488
5125 2 2 4 4 485 527 486
5126 2 2 4 4 526 527 485
5127 2 2 4 4 486 528 487
5128 2 2 4 4 527 528 486
5129 2 2 4 4 529 525 488
5130 2 2 4 4 529 488 499
5131 2 2 4 4 525 529 530
5132 2 2 4 4 489 490 532
5133 2 2 4 4 492 489 532
5134 2 2 4 4 490 494 533
5135 2 2 4 4 532 490 533
5136 2 2 4 4 492 534 491
5137 2 2 4 4 492 532 534
5138 2 2 4 4 491 534 493
5139 2 2 4 4 493 535 498
5140 2 2 4 4 493 534 535
5141 2 2 4 4 496 536 494
5142 2 2 4 4 533 494 536
5143 2 2 4 4 496 495 537
5144 2 2 4 4 536 496 537
5145 2 2 4 4 503 537 495
5146 2 2 4 4 538 533 536
5147 2 2 4 4 499 539 529
5148 2 2 4 4 497 540 500
5149 2 2 4 4 498 540 497
5150 2 2 4 4 498 535 540
5151 2 2 4 4 500 541 499
5152 2 2 4 4 539 499 541
5153 2 2 4 4 541 500 540
5154 2 2 4 4 542 537 503
5155 2 2 4 4 501 502 544
5156 2 2 4 4 544 504 501
5157 2 2 4 4 502 505 545
5158 2 2 4 4 545 544 502
5159 2 2 4 4 546 504 544
5160 2 2 4 4 503 504 547
5161 2 2 4 4 542 503 547
5162 2 2 4 4 546 547 504
5163 2 2 4 4 505 506 548
5164 2 2 4 4 548 545 505
5165 2 2 4 4 506 509 549
5166 2 2 4 4 548 506 549
5167 2 2 4 4 507 511 550
5168 2 2 4 4 508 507 551
5169 2 2 4 4 550 551 507
5170 2 2 4 4 510 508 552
5171 2 2 4 4 551 552 508
5172 2 2 4 4 510 553 509
5173 2 2 4 4 553 549 509
5174 2 2 4 4 552 553 510
5175 2 2 4 4 511 512 554
5176 2 2 4 4 554 550 511
5177 2 2 4 4 555 550 554
5178 2 2 4 4 512 513 556
5179 2 2 4 4 554 512 556
5180 2 2 4 4 513 514 557
5181 2 2 4 4 556 513 557
5182 2 2 4 4 516 558 514
5183 2 2 4 4 558 557 514
5184 2 2 4 4 515 517 559
5185 2 2 4 4 516 515 559
5186 2 2 4 4 516 559 558
5187 2 2 4 4 519 560 517
5188 2 2 4 4 517 560 559
5189 2 2 4 4 521 561 518
5190 2 2 4 4 519 518 561
5191 2 2 4 4 519 561 560
5192 2 2 4 4 520 522 562
5193 2 2 4 4 521 562 561
5194 2 2 4 4 520 562 521
5195 2 2 4 4 522 523 563
5196 2 2 4 4 522 563 562
5197 2 2 4 4 523 524 564
5198 2 2 4 4 564 563 523
5199 2 2 4 4 530 565 525
5200 2 2 4 4 531 565 530
5201 2 2 4 4 525 566 526
5202 2 2 4 4 565 566 525
5203 2 2 4 4 526 567 527
5204 2 2 4 4 567 526 566
5205 2 2 4 4 527 568 528
5206 2 2 4 4 567 568 527
5207 2 2 4 4 531 569 565
5208 2 2 4 4 570 530 529
5209 2 2 4 4 570 529 539
5210 2 2 4 4 571 570 539
5211 2 2 4 4 543 571 539
5212 2 2 4 4 530 570 573
5213 2 2 4 4 531 530 573
5214 2 2 4 4 572 569 574
5215 2 2 4 4 531 573 574
5216 2 2 4 4 574 569 531
5217 2 2 4 4 575 571 543
5218 2 2 4 4 576 540 535
5219 2 2 4 4 533 577 532
5220 2 2 4 4 532 577 534
5221 2 2 4 4 538 577 533
5222 2 2 4 4 578 534 577
5223 2 2 4 4 535 534 578
5224 2 2 4 4 576 535 578
5225 2 2 4 4 536 537 579
5226 2 2 4 4 538 536 579
5227 2 2 4 4 542 579 537
5228 2 2 4 4 538 580 577
5229 2 2 4 4 538 579 580
5230 2 2 4 4 581 539 541
5231 2 2 4 4 543 539 581
5232 2 2 4 4 582 541 540
5233 2 2 4 4 581 541 582
5234 2 2 4 4 576 582 540
5235 2 2 4 4 542 583 579
5236 2 2 4 4 542 547 583
5237 2 2 4 4 543 584 575
5238 2 2 4 4 543 581 584
5239 2 2 4 4 585 575 584
5240 2 2 4 4 586 545 548
5241 2 2 4 4 544 545 587
5242 2 2 4 4 546 544 587
5243 2 2 4 4 586 587 545
5244 2 2 4 4 546 588 547
5245 2 2 4 4 546 587 588
5246 2 2 4 4 588 589 547
5247 2 2 4 4 583 547 589
5248 2 2 4 4 548 549 590
5249 2 2 4 4 586 548 590
5250 2 2 4 4 553 591 549
5251 2 2 4 4 591 590 549
5252 2 2 4 4 550 592 551
5253 2 2 4 4 555 592 550
5254 2 2 4 4 593 552 551
5255 2 2 4 4 593 551 592
5256 2 2 4 4 552 594 553
5257 2 2 4 4 591 553 594
5258 2 2 4 4 593 594 552
5259 2 2 4 4 554 556 595
5260 2 2 4 4 555 554 595
5261 2 2 4 4 555 596 592
5262 2 2 4 4 555 595 596
5263 2 2 4 4 556 557 597
5264 2 2 4 4 595 556 597
5265 2 2 4 4 557 558 598
5266 2 2 4 4 598 597 557
5267 2 2 4 4 558 599 598
5268 2 2 4 4 558 559 599
5269 2 2 4 4 560 600 559
5270 2 2 4 4 600 599 559
5271 2 2 4 4 560 561 601
5272 2 2 4 4 560 601 600
5273 2 2 4 4 561 562 602
5274 2 2 4 4 602 601 561
5275 2 2 4 4 563 603 562
5276 2 2 4 4 603 602 562
5277 2 2 4 4 563 564 604
5278 2 2 4 4 604 603 563
5279 2 2 4 4 565 605 566
5280 2 2 4 4 569 605 565
5281 2 2 4 4 566 606 567
5282 2 2 4 4 606 566 605
5283 2 2 4 4 567 607 568
5284 2 2 4 4 607 567 606
5285 2 2 4 4 608 605 569
5286 2 2 4 4 609 605 608
5287 2 2 4 4 572 610 569
5288 2 2 4 4 608 569 610
5289 2 2 4 4 610 572 611
5290 2 2 4 4 612 573 570
5291 2 2 4 4 612 570 571
5292 2 2 4 4 613 612 571
5293 2 2 4 4 571 575 613
5294 2 2 4 4 572 574 615
5295 2 2 4 4 572 615 611
5296 2 2 4 4 614 611 615
5297 2 2 4 4 574 616 615
5298 2 2 4 4 616 574 573
5299 2 2 4 4 573 612 616
5300 2 2 4 4 613 575 617
5301 2 2 4 4 575 585 617
5302 2 2 4 4 576 618 582
5303 2 2 4 4 576 578 618
5304 2 2 4 4 578 619 618
5305 2 2 4 4 578 577 619
5306 2 2 4 4 580 619 577
5307 2 2 4 4 583 620 579
5308 2 2 4 4 580 579 620
5309 2 2 4 4 580 620 619
5310 2 2 4 4 581 582 621
5311 2 2 4 4 584 581 621
5312 2 2 4 4 582 618 621
5313 2 2 4 4 620 583 622
5314 2 2 4 4 589 622 583
5315 2 2 4 4 585 623 617
5316 2 2 4 4 585 624 623
5317 2 2 4 4 585 584 624
5318 2 2 4 4 584 621 624
5319 2 2 4 4 586 625 587
5320 2 2 4 4 586 590 625
5321 2 2 4 4 625 626 587
5322 2 2 4 4 588 587 626
5323 2 2 4 4 589 588 627
5324 2 2 4 4 626 627 588
5325 2 2 4 4 627 628 589
5326 2 2 4 4 628 622 589
5327 2 2 4 4 625 590 629
5328 2 2 4 4 591 630 590
5329 2 2 4 4 591 594 630
5330 2 2 4 4 629 590 630
5331 2 2 4 4 593 631 594
5332 2 2 4 4 593 592 631
5333 2 2 4 4 592 596 631
5334 2 2 4 4 632 594 631
5335 2 2 4 4 632 630 594
5336 2 2 4 4 633 631 596
5337 2 2 4 4 595 597 634
5338 2 2 4 4 596 595 634
5339 2 2 4 4 596 634 633
5340 2 2 4 4 597 598 635
5341 2 2 4 4 597 635 634
5342 2 2 4 4 598 599 636
5343 2 2 4 4 636 635 598
5344 2 2 4 4 599 600 637
5345 2 2 4 4 637 636 599
5346 2 2 4 4 600 601 638
5347 2 2 4 4 638 637 600
5348 2 2 4 4 601 602 639
5349 2 2 4 4 639 638 601
5350 2 2 4 4 602 603 640
5351 2 2 4 4 640 639 602
5352 2 2 4 4 603 604 641
5353 2 2 4 4 641 640 603
5354 2 2 4 4 605 642 606
5355 2 2 4 4 609 642 605
5356 2 2 4 4 606 643 607
5357 2 2 4 4 643 606 642
5358 2 2 4 4 608 610 644
5359 2 2 4 4 609 608 644
5360 2 2 4 4 645 609 644
5361 2 2 4 4 609 645 642
5362 2 2 4 4 611 646 610
5363 2 2 4 4 644 610 646
5364 2 2 4 4 646 611 648
5365 2 2 4 4 647 648 614
5366 2 2 4 4 614 648 611
5367 2 2 4 4 649 616 612
5368 2 2 4 4 612 613 649
5369 2 2 4 4 650 649 613
5370 2 2 4 4 650 613 617
5371 2 2 4 4 614 651 647
5372 2 2 4 4 614 615 651
5373 2 2 4 4 615 652 651
5374 2 2 4 4 652 615 616
5375 2 2 4 4 616 649 652
5376 2 2 4 4 647 651 653
5377 2 2 4 4 654 650 617
5378 2 2 4 4 654 617 655
5379 2 2 4 4 655 617 623
5380 2 2 4 4 656 655 623
5381 2 2 4 4 618 657 621
5382 2 2 4 4 618 619 657
5383 2 2 4 4 658 657 619
5384 2 2 4 4 620 658 619
5385 2 2 4 4 622 658 620
5386 2 2 4 4 659 621 657
5387 2 2 4 4 624 621 659
5388 2 2 4 4 660 658 622
5389 2 2 4 4 628 660 622
5390 2 2 4 4 656 623 661
5391 2 2 4 4 623 624 661
5392 2 2 4 4 624 659 661
5393 2 2 4 4 626 625 662
5394 2 2 4 4 629 662 625
5395 2 2 4 4 662 663 626
5396 2 2 4 4 663 627 626
5397 2 2 4 4 628 627 664
5398 2 2 4 4 628 664 660
5399 2 2 4 4 627 663 664
5400 2 2 4 4 665 629 630
5401 2 2 4 4 665 666 629
5402 2 2 4 4 662 629 666
5403 2 2 4 4 665 630 667
5404 2 2 4 4 632 667 630
5405 2 2 4 4 633 668 631
5406 2 2 4 4 632 631 668
5407 2 2 4 4 632 668 667
5408 2 2 4 4 633 634 669
5409 2 2 4 4 633 669 668
5410 2 2 4 4 670 634 635
5411 2 2 4 4 670 669 634
5412 2 2 4 4 635 636 671
5413 2 2 4 4 671 670 635
5414 2 2 4 4 636 637 672
5415 2 2 4 4 672 671 636
5416 2 2 4 4 637 638 673
5417 2 2 4 4 673 672 637
5418 2 2 4 4 638 639 674
5419 2 2 4 4 674 673 638
5420 2 2 4 4 639 640 675
5421 2 2 4 4 675 674 639
5422 2 2 4 4 640 641 676
5423 2 2 4 4 676 675 640
5424 2 2 4 4 645 677 642
5425 2 2 4 4 678 643 642
5426 2 2 4 4 677 678 642
5427 2 2 4 4 679 644 646
5428 2 2 4 4 645 644 679
5429 2 2 4 4 677 645 679
5430 2 2 4 4 647 653 681
5431 2 2 4 4 647 681 648
5432 2 2 4 4 683 653 651
5433 2 2 4 4 650 654 684
5434 2 2 4 4 650 684 649
5435 2 2 4 4 684 652 649
5436 2 2 4 4 652 684 685
5437 2 2 4 4 683 651 685
5438 2 2 4 4 685 651 652
5439 2 2 4 4 686 681 653
5440 2 2 4 4 687 653 683
5441 2 2 4 4 653 687 686
5442 2 2 4 4 654 655 689
5443 2 2 4 4 654 689 684
5444 2 2 4 4 656 690 655
5445 2 2 4 4 655 690 689
5446 2 2 4 4 656 661 691
5447 2 2 4 4 656 691 690
5448 2 2 4 4 660 692 658
5449 2 2 4 4 657 658 692
5450 2 2 4 4 659 692 661
5451 2 2 4 4 659 657 692
5452 2 2 4 4 693 660 664
5453 2 2 4 4 693 692 660
5454 2 2 4 4 691 661 694
5455 2 2 4 4 695 661 692
5456 2 2 4 4 694 661 695
5457 2 2 4 4 666 696 662
5458 2 2 4 4 663 696 664
5459 2 2 4 4 663 662 696
5460 2 2 4 4 697 664 696
5461 2 2 4 4 697 698 664
5462 2 2 4 4 698 693 664
5463 2 2 4 4 665 667 699
5464 2 2 4 4 666 665 699
5465 2 2 4 4 700 696 666
5466 2 2 4 4 666 699 700
5467 2 2 4 4 701 699 667
5468 2 2 4 4 701 667 702
5469 2 2 4 4 702 667 668
5470 2 2 4 4 703 702 668
5471 2 2 4 4 703 668 669
5472 2 2 4 4 704 703 669
5473 2 2 4 4 669 670 704
5474 2 2 4 4 705 704 670
5475 2 2 4 4 670 671 705
5476 2 2 4 4 706 705 671
5477 2 2 4 4 671 672 706
5478 2 2 4 4 707 706 672
5479 2 2 4 4 672 673 707
5480 2 2 4 4 708 707 673
5481 2 2 4 4 673 674 708
5482 2 2 4 4 709 708 674
5483 2 2 4 4 674 675 709
5484 2 2 4 4 710 709 675
5485 2 2 4 4 675 676 710
5486 2 2 4 4 677 711 678
5487 2 2 4 4 677 679 711
5488 2 2 4 4 688 715 686
5489 2 2 4 4 681 686 715
5490 2 2 4 4 683 685 717
5491 2 2 4 4 683 717 687
5492 2 2 4 4 684 689 718
5493 2 2 4 4 718 685 684
5494 2 2 4 4 685 718 717
5495 2 2 4 4 719 718 689
5496 2 2 4 4 688 686 720
5497 2 2 4 4 687 720 686
5498 2 2 4 4 687 717 720
5499 2 2 4 4 721 688 720
5500 2 2 4 4 688 721 722
5501 2 2 4 4 722 715 688
5502 2 2 4 4 723 722 721
5503 2 2 4 4 724 689 690
5504 2 2 4 4 719 689 724
5505 2 2 4 4 690 691 725
5506 2 2 4 4 690 725 724
5507 2 2 4 4 694 726 691
5508 2 2 4 4 691 726 725
5509 2 2 4 4 693 727 692
5510 2 2 4 4 693 698 727
5511 2 2 4 4 695 692 727
5512 2 2 4 4 695 727 728
5513 2 2 4 4 694 695 728
5514 2 2 4 4 694 728 726
5515 2 2 4 4 697 696 729
5516 2 2 4 4 700 729 696
5517 2 2 4 4 730 698 697
5518 2 2 4 4 697 729 730
5519 2 2 4 4 730 731 698
5520 2 2 4 4 698 731 727
5521 2 2 4 4 700 699 732
5522 2 2 4 4 700 732 729
5523 2 2 4 4 701 732 699
5524 2 2 4 4 701 733 732
5525 2 2 4 4 701 702 733
5526 2 2 4 4 733 702 734
5527 2 2 4 4 702 703 734
5528 2 2 4 4 735 734 703
5529 2 2 4 4 703 704 735
5530 2 2 4 4 736 735 704
5531 2 2 4 4 704 705 736
5532 2 2 4 4 737 736 705
5533 2 2 4 4 705 706 737
5534 2 2 4 4 738 737 706
5535 2 2 4 4 706 707 738
5536 2 2 4 4 739 738 707
5537 2 2 4 4 707 708 739
5538 2 2 4 4 740 739 708
5539 2 2 4 4 708 709 740
5540 2 2 4 4 741 740 709
5541 2 2 4 4 709 710 741
5542 2 2 2 2 744 742 713
5543 2 2 2 2 745 742 744
5544 2 2 2 2 747 713 714
5545 2 2 2 2 744 713 747
5546 2 2 2 2 748 747 714
5547 2 2 2 2 748 714 749
5548 2 2 4 4 715 722 750
5549 2 2 4 4 719 752 718
5550 2 2 4 4 717 718 752
5551 2 2 4 4 717 752 720
5552 2 2 4 4 719 724 753
5553 2 2 4 4 719 753 752
5554 2 2 4 4 754 720 752
5555 2 2 4 4 721 720 754
5556 2 2 4 4 755 721 754
5557 2 2 4 4 723 721 755
5558 2 2 4 4 723 756 722
5559 2 2 4 4 722 756 750
5560 2 2 4 4 757 750 756
5561 2 2 4 4 723 755 758
5562 2 2 4 4 723 758 756
5563 2 2 4 4 760 724 725
5564 2 2 4 4 724 760 753
5565 2 2 4 4 761 725 726
5566 2 2 4 4 725 761 760
5567 2 2 4 4 726 728 762
5568 2 2 4 4 726 762 761
5569 2 2 4 4 731 763 727
5570 2 2 4 4 728 727 763
5571 2 2 4 4 728 763 762
5572 2 2 4 4 730 729 764
5573 2 2 4 4 730 764 731
5574 2 2 4 4 729 732 764
5575 2 2 4 4 765 763 731
5576 2 2 4 4 765 731 764
5577 2 2 4 4 766 764 732
5578 2 2 4 4 732 733 766
5579 2 2 4 4 767 766 733
5580 2 2 4 4 733 734 767
5581 2 2 4 4 768 767 734
5582 2 2 4 4 734 735 768
5583 2 2 4 4 769 768 735
5584 2 2 4 4 735 736 769
5585 2 2 4 4 770 769 736
5586 2 2 4 4 736 737 770
5587 2 2 4 4 771 770 737
5588 2 2 4 4 737 738 771
5589 2 2 4 4 772 771 738
5590 2 2 4 4 738 739 772
5591 2 2 4 4 773 772 739
5592 2 2 4 4 739 740 773
5593 2 2 4 4 774 773 740
5594 2 2 4 4 740 741 774
5595 2 2 2 2 745 775 742
5596 2 2 2 2 746 775 745
5597 2 2 2 2 776 744 747
5598 2 2 2 2 777 775 746
5599 2 2 2 2 778 744 776
5600 2 2 2 2 778 745 744
5601 2 2 2 2 779 746 745
5602 2 2 2 2 779 745 778
5603 2 2 2 2 746 780 777
5604 2 2 2 2 746 779 780
5605 2 2 2 2 781 748 749
5606 2 2 2 2 748 782 747
5607 2 2 2 2 748 781 782
5608 2 2 2 2 776 747 782
5609 2 2 2 2 783 776 782
5610 2 2 2 2 781 749 784
5611 2 2 2 2 785 781 784
5612 2 2 4 4 757 759 787
5613 2 2 4 4 786 787 759
5614 2 2 4 4 750 757 787
5615 2 2 4 4 795 753 760
5616 2 2 4 4 753 795 796
5617 2 2 4 4 753 796 752
5618 2 2 4 4 754 752 796
5619 2 2 4 4 797 796 795
5620 2 2 4 4 754 796 798
5621 2 2 4 4 755 754 798
5622 2 2 4 4 755 798 758
5623 2 2 4 4 757 799 759
5624 2 2 4 4 799 756 758
5625 2 2 4 4 756 799 757
5626 2 2 4 4 758 798 800
5627 2 2 4 4 758 800 799
5628 2 2 4 4 801 759 799
5629 2 2 4 4 802 759 801
5630 2 2 4 4 759 802 786
5631 2 2 4 4 802 803 786
5632 2 2 4 4 804 760 761
5633 2 2 4 4 760 804 795
5634 2 2 4 4 805 761 762
5635 2 2 4 4 761 805 804
5636 2 2 4 4 806 762 763
5637 2 2 4 4 762 806 805
5638 2 2 4 4 807 763 765
5639 2 2 4 4 807 806 763
5640 2 2 4 4 765 808 807
5641 2 2 4 4 765 764 808
5642 2 2 4 4 764 766 808
5643 2 2 4 4 809 808 766
5644 2 2 4 4 766 767 809
5645 2 2 4 4 810 809 767
5646 2 2 4 4 767 768 810
5647 2 2 4 4 811 810 768
5648 2 2 4 4 768 769 811
5649 2 2 4 4 812 811 769
5650 2 2 4 4 769 770 812
5651 2 2 4 4 813 812 770
5652 2 2 4 4 770 771 813
5653 2 2 4 4 814 813 771
5654 2 2 4 4 771 772 814
5655 2 2 4 4 815 814 772
5656 2 2 4 4 772 773 815
5657 2 2 4 4 816 815 773
5658 2 2 4 4 773 774 816
5659 2 2 2 2 817 775 777
5660 2 2 2 2 776 818 778
5661 2 2 2 2 783 818 776
5662 2 2 2 2 777 819 817
5663 2 2 2 2 777 820 819
5664 2 2 2 2 820 777 780
5665 2 2 2 2 779 821 780
5666 2 2 2 2 779 778 821
5667 2 2 2 2 821 778 818
5668 2 2 2 2 780 822 820
5669 2 2 2 2 822 780 821
5670 2 2 2 2 823 821 818
5671 2 2 2 2 824 817 819
5672 2 2 2 2 825 818 783
5673 2 2 2 2 781 785 826
5674 2 2 2 2 782 781 826
5675 2 2 2 2 782 826 783
5676 2 2 2 2 827 783 826
5677 2 2 2 2 825 783 827
5678 2 2 2 2 785 828 826
5679 2 2 2 2 785 784 829
5680 2 2 2 2 785 829 828
5681 2 2 4 4 803 830 786
5682 2 2 4 4 786 830 831
5683 2 2 4 4 787 786 831
5684 2 2 4 4 844 795 804
5685 2 2 4 4 797 795 844
5686 2 2 4 4 797 845 796
5687 2 2 4 4 845 798 796
5688 2 2 4 4 797 844 846
5689 2 2 4 4 797 846 845
5690 2 2 4 4 847 798 845
5691 2 2 4 4 798 847 800
5692 2 2 4 4 801 799 849
5693 2 2 4 4 849 799 800
5694 2 2 4 4 850 800 847
5695 2 2 4 4 800 850 849
5696 2 2 4 4 801 849 851
5697 2 2 4 4 802 801 851
5698 2 2 4 4 803 802 851
5699 2 2 4 4 803 851 852
5700 2 2 4 4 803 852 830
5701 2 2 4 4 830 852 833
5702 2 2 4 4 852 853 833
5703 2 2 4 4 848 833 853
5704 2 2 4 4 804 855 844
5705 2 2 4 4 855 804 805
5706 2 2 4 4 856 805 806
5707 2 2 4 4 805 856 855
5708 2 2 4 4 806 857 856
5709 2 2 4 4 807 857 806
5710 2 2 4 4 807 808 857
5711 2 2 4 4 858 857 808
5712 2 2 4 4 858 808 809
5713 2 2 4 4 859 858 809
5714 2 2 4 4 809 810 859
5715 2 2 4 4 860 859 810
5716 2 2 4 4 810 811 860
5717 2 2 4 4 861 860 811
5718 2 2 4 4 811 812 861
5719 2 2 4 4 862 861 812
5720 2 2 4 4 812 813 862
5721 2 2 4 4 863 862 813
5722 2 2 4 4 813 814 863
5723 2 2 4 4 864 863 814
5724 2 2 4 4 814 815 864
5725 2 2 4 4 865 864 815
5726 2 2 4 4 815 816 865
5727 2 2 2 2 866 817 824
5728 2 2 2 2 817 866 867
5729 2 2 2 2 823 818 868
5730 2 2 2 2 825 868 818
5731 2 2 2 2 819 869 824
5732 2 2 2 2 870 819 820
5733 2 2 2 2 869 819 870
5734 2 2 2 2 870 820 871
5735 2 2 2 2 822 871 820
5736 2 2 2 2 822 872 871
5737 2 2 2 2 822 821 872
5738 2 2 2 2 872 821 823
5739 2 2 2 2 823 873 872
5740 2 2 2 2 823 868 873
5741 2 2 2 2 874 866 824
5742 2 2 2 2 874 824 875
5743 2 2 2 2 869 875 824
5744 2 2 2 2 827 876 825
5745 2 2 2 2 825 876 868
5746 2 2 2 2 877 826 828
5747 2 2 2 2 827 826 877
5748 2 2 2 2 827 877 876
5749 2 2 2 2 878 877 828
5750 2 2 2 2 829 879 828
5751 2 2 2 2 828 879 878
5752 2 2 4 4 830 833 880
5753 2 2 4 4 880 831 830
5754 2 2 4 4 833 848 882
5755 2 2 4 4 833 882 880
5756 2 2 4 4 883 848 854
5757 2 2 4 4 848 883 882
5758 2 2 4 4 854 884 883
5759 2 2 4 4 901 844 855
5760 2 2 4 4 844 901 846
5761 2 2 4 4 902 845 846
5762 2 2 4 4 845 902 847
5763 2 2 4 4 903 846 901
5764 2 2 4 4 846 903 902
5765 2 2 4 4 904 847 902
5766 2 2 4 4 847 904 850
5767 2 2 4 4 905 850 904
5768 2 2 4 4 853 906 848
5769 2 2 4 4 854 848 906
5770 2 2 4 4 905 907 850
5771 2 2 4 4 850 907 849
5772 2 2 4 4 849 907 851
5773 2 2 4 4 908 851 907
5774 2 2 4 4 852 851 908
5775 2 2 4 4 852 908 853
5776 2 2 4 4 909 853 908
5777 2 2 4 4 906 853 909
5778 2 2 4 4 854 910 884
5779 2 2 4 4 900 884 910
5780 2 2 4 4 906 911 854
5781 2 2 4 4 910 854 911
5782 2 2 4 4 855 856 912
5783 2 2 4 4 855 912 901
5784 2 2 4 4 913 856 857
5785 2 2 4 4 913 912 856
5786 2 2 4 4 913 857 914
5787 2 2 4 4 857 858 914
5788 2 2 4 4 915 914 858
5789 2 2 4 4 858 859 915
5790 2 2 4 4 916 915 859
5791 2 2 4 4 859 860 916
5792 2 2 4 4 917 916 860
5793 2 2 4 4 860 861 917
5794 2 2 4 4 918 917 861
5795 2 2 4 4 861 862 918
5796 2 2 4 4 919 918 862
5797 2 2 4 4 862 863 919
5798 2 2 4 4 920 919 863
5799 2 2 4 4 863 864 920
5800 2 2 4 4 921 920 864
5801 2 2 4 4 864 865 921
5802 2 2 2 2 874 924 866
5803 2 2 2 2 866 925 867
5804 2 2 2 2 866 924 925
5805 2 2 2 2 867 925 926
5806 2 2 2 2 927 868 876
5807 2 2 2 2 928 868 927
5808 2 2 2 2 873 868 928
5809 2 2 2 2 869 929 875
5810 2 2 2 2 869 870 929
5811 2 2 2 2 871 930 870
5812 2 2 2 2 929 870 930
5813 2 2 2 2 930 871 931
5814 2 2 2 2 872 931 871
5815 2 2 2 2 931 872 873
5816 2 2 2 2 873 932 931
5817 2 2 2 2 932 873 928
5818 2 2 2 2 874 933 924
5819 2 2 2 2 874 875 933
5820 2 2 2 2 875 934 933
5821 2 2 2 2 929 934 875
5822 2 2 2 2 877 878 936
5823 2 2 2 2 876 877 936
5824 2 2 2 2 927 876 936
5825 2 2 2 2 937 936 878
5826 2 2 2 2 939 878 879
5827 2 2 2 2 878 939 937
5828 2 2 4 4 910 969 900
5829 2 2 4 4 967 900 969
5830 2 2 4 4 901 912 970
5831 2 2 4 4 903 901 970
5832 2 2 4 4 971 902 903
5833 2 2 4 4 902 971 904
5834 2 2 4 4 972 903 970
5835 2 2 4 4 972 971 903
5836 2 2 4 4 973 904 971
5837 2 2 4 4 905 904 973
5838 2 2 4 4 905 973 974
5839 2 2 4 4 905 974 907
5840 2 2 4 4 906 909 975
5841 2 2 4 4 911 906 975
5842 2 2 4 4 974 976 907
5843 2 2 4 4 908 907 976
5844 2 2 4 4 909 908 976
5845 2 2 4 4 977 909 976
5846 2 2 4 4 977 975 909
5847 2 2 4 4 911 978 910
5848 2 2 4 4 969 910 978
5849 2 2 4 4 975 979 911
5850 2 2 4 4 978 911 979
5851 2 2 4 4 913 980 912
5852 2 2 4 4 970 912 980
5853 2 2 4 4 913 914 980
5854 2 2 4 4 981 980 914
5855 2 2 4 4 914 915 981
5856 2 2 4 4 982 981 915
5857 2 2 4 4 915 916 982
5858 2 2 4 4 983 982 916
5859 2 2 4 4 916 917 983
5860 2 2 4 4 984 983 917
5861 2 2 4 4 917 918 984
5862 2 2 4 4 985 984 918
5863 2 2 4 4 918 919 985
5864 2 2 4 4 986 985 919
5865 2 2 4 4 919 920 986
5866 2 2 4 4 987 986 920
5867 2 2 4 4 920 921 987
5868 2 2 2 2 993 994 992
5869 2 2 2 2 991 992 995
5870 2 2 2 2 991 995 997
5871 2 2 2 2 990 991 997
5872 2 2 2 2 996 997 995
5873 2 2 2 2 924 933 998
5874 2 2 2 2 935 998 933
5875 2 2 2 2 999 998 935
5876 2 2 2 2 924 1000 925
5877 2 2 2 2 924 998 1000
5878 2 2 2 2 925 1001 926
5879 2 2 2 2 925 1000 1001
5880 2 2 2 2 926 1001 1002
5881 2 2 2 2 927 936 1003
5882 2 2 2 2 927 1003 928
5883 2 2 2 2 928 1003 1004
5884 2 2 2 2 932 928 1004
5885 2 2 2 2 929 1005 934
5886 2 2 2 2 930 1005 929
5887 2 2 2 2 931 1006 930
5888 2 2 2 2 1005 930 1006
5889 2 2 2 2 932 1006 931
5890 2 2 2 2 932 1004 1006
5891 2 2 2 2 935 933 1007
5892 2 2 2 2 934 1007 933
5893 2 2 2 2 934 1008 1007
5894 2 2 2 2 1008 934 1005
5895 2 2 2 2 999 935 1009
5896 2 2 2 2 1007 1010 935
5897 2 2 2 2 1009 935 1010
5898 2 2 2 2 1011 936 937
5899 2 2 2 2 1011 1003 936
5900 2 2 2 2 1012 1011 937
5901 2 2 2 2 1014 1013 965
5902 2 2 2 2 937 939 1015
5903 2 2 2 2 1012 937 1015
5904 2 2 2 2 1015 939 1017
5905 2 2 2 2 1018 1015 1017
5906 2 2 2 2 965 1036 1014
5907 2 2 2 2 1035 1014 1036
5908 2 2 2 2 1040 1050 1051
5909 2 2 2 2 1036 965 1053
5910 2 2 4 4 969 1057 967
5911 2 2 4 4 1056 967 1057
5912 2 2 4 4 978 1059 969
5913 2 2 4 4 1057 969 1059
5914 2 2 4 4 972 970 1060
5915 2 2 4 4 970 980 1060
5916 2 2 4 4 972 1060 1061
5917 2 2 4 4 972 1061 971
5918 2 2 4 4 971 1061 973
5919 2 2 4 4 973 1061 1062
5920 2 2 4 4 973 1062 974
5921 2 2 4 4 1063 974 1062
5922 2 2 4 4 1063 976 974
5923 2 2 4 4 977 1064 975
5924 2 2 4 4 979 975 1064
5925 2 2 4 4 1063 1065 976
5926 2 2 4 4 977 976 1065
5927 2 2 4 4 977 1065 1064
5928 2 2 4 4 979 1066 978
5929 2 2 4 4 1059 978 1066
5930 2 2 4 4 1064 1067 979
5931 2 2 4 4 1066 979 1067
5932 2 2 4 4 1060 980 1068
5933 2 2 4 4 980 981 1068
5934 2 2 4 4 1069 1068 981
5935 2 2 4 4 981 982 1069
5936 2 2 4 4 1070 1069 982
5937 2 2 4 4 982 983 1070
5938 2 2 4 4 1071 1070 983
5939 2 2 4 4 983 984 1071
5940 2 2 4 4 1072 1071 984
5941 2 2 4 4 984 985 1072
5942 2 2 4 4 1073 1072 985
5943 2 2 4 4 985 986 1073
5944 2 2 4 4 1074 1073 986
5945 2 2 4 4 986 987 1074
5946 2 2 2 2 993 1080 1079
5947 2 2 2 2 993 992 1080
5948 2 2 2 2 990 997 1081
5949 2 2 2 2 990 1081 1082
5950 2 2 2 2 1082 1086 990
5951 2 2 2 2 990 1086 991
5952 2 2 2 2 1087 991 1086
5953 2 2 2 2 991 1087 992
5954 2 2 2 2 1080 992 1087
5955 2 2 2 2 1088 1080 1087
5956 2 2 2 2 995 992 1090
5957 2 2 2 2 994 1090 992
5958 2 2 2 2 994 1091 1090
5959 2 2 2 2 993 1079 1092
5960 2 2 2 2 993 1092 994
5961 2 2 2 2 1093 1092 1079
5962 2 2 2 2 1092 1094 994
5963 2 2 2 2 1094 1091 994
5964 2 2 2 2 996 1095 997
5965 2 2 2 2 1090 1096 995
5966 2 2 2 2 996 995 1096
5967 2 2 2 2 996 1097 1095
5968 2 2 2 2 996 1096 1097
5969 2 2 2 2 1098 1085 1081
5970 2 2 2 2 1085 1099 1084
5971 2 2 2 2 1098 1099 1085
5972 2 2 2 2 1098 1081 1100
5973 2 2 2 2 997 1100 1081
5974 2 2 2 2 1095 1100 997
5975 2 2 2 2 1083 1084 1101
5976 2 2 2 2 1084 1099 1101
5977 2 2 2 2 1102 1101 1099
5978 2 2 2 2 1103 999 1009
5979 2 2 2 2 998 1104 1000
5980 2 2 2 2 999 1104 998
5981 2 2 2 2 1103 1104 999
5982 2 2 2 2 1000 1105 1001
5983 2 2 2 2 1000 1104 1105
5984 2 2 2 2 1001 1106 1002
5985 2 2 2 2 1001 1105 1106
5986 2 2 2 2 1002 1106 1107
5987 2 2 2 2 1103 1009 1108
5988 2 2 2 2 1003 1011 1109
5989 2 2 2 2 1003 1109 1004
5990 2 2 2 2 1110 1004 1109
5991 2 2 2 2 1110 1111 1004
5992 2 2 2 2 1006 1004 1111
5993 2 2 2 2 1005 1006 1111
5994 2 2 2 2 1008 1005 1111
5995 2 2 2 2 1007 1112 1010
5996 2 2 2 2 1008 1112 1007
5997 2 2 2 2 1008 1111 1112
5998 2 2 2 2 1108 1009 1113
5999 2 2 2 2 1009 1010 1113
6000 2 2 2 2 1114 1010 1112
6001 2 2 2 2 1115 1010 1114
6002 2 2 2 2 1115 1113 1010
6003 2 2 2 2 1012 1116 1011
6004 2 2 2 2 1116 1109 1011
6005 2 2 2 2 1012 1015 1117
6006 2 2 2 2 1012 1117 1116
6007 2 2 2 2 1118 1016 1013
6008 2 2 2 2 1013 1014 1118
6009 2 2 2 2 1014 1119 1118
6010 2 2 2 2 1014 1035 1119
6011 2 2 2 2 1120 1119 1035
6012 2 2 2 2 1018 1121 1015
6013 2 2 2 2 1117 1015 1121
6014 2 2 2 2 1122 1019 1016
6015 2 2 2 2 1016 1118 1122
6016 2 2 2 2 1020 1123 1017
6017 2 2 2 2 1018 1017 1123
6018 2 2 2 2 1121 1018 1124
6019 2 2 2 2 1018 1123 1124
6020 2 2 2 2 1125 1022 1019
6021 2 2 2 2 1125 1019 1122
6022 2 2 2 2 1126 1020 1021
6023 2 2 2 2 1123 1020 1126
6024 2 2 2 2 1127 1021 1022
6025 2 2 2 2 1126 1021 1127
6026 2 2 2 2 1022 1125 1127
6027 2 2 2 2 1132 1134 1128
6028 2 2 2 2 1083 1135 1089
6029 2 2 2 2 1083 1101 1135
6030 2 2 2 2 1131 1089 1136
6031 2 2 2 2 1135 1136 1089
6032 2 2 2 2 1150 1151 1130
6033 2 2 2 2 1053 1154 1036
6034 2 2 2 2 1035 1155 1120
6035 2 2 2 2 1120 1155 1153
6036 2 2 2 2 1156 1036 1154
6037 2 2 2 2 1036 1156 1035
6038 2 2 2 2 1155 1035 1156
6039 2 2 23 23 1039 1159 1157
6040 2 2 2 2 1050 1040 1161
6041 2 2 2 2 1161 1049 1050
6042 2 2 23 23 1157 1160 1161
6043 2 2 23 23 1041 1161 1040
6044 2 2 23 23 1157 1161 1041
6045 2 2 2 2 1049 1161 1162
6046 2 2 2 2 1049 1162 1052
6047 2 2 2 2 1162 1163 1052
6048 2 2 2 2 1049 1173 1050
6049 2 2 2 2 1049 1052 1173
6050 2 2 2 2 1050 1174 1051
6051 2 2 2 2 1174 1050 1173
6052 2 2 2 2 1173 1052 1175
6053 2 2 2 2 1052 1176 1175
6054 2 2 2 2 1163 1176 1052
6055 2 2 2 2 1154 1053 1178
6056 2 2 4 4 1057 1182 1056
6057 2 2 4 4 1058 1056 1182
6058 2 2 4 4 1059 1183 1057
6059 2 2 4 4 1182 1057 1183
6060 2 2 4 4 1184 1058 1182
6061 2 2 4 4 1180 1058 1184
6062 2 2 4 4 1066 1185 1059
6063 2 2 4 4 1183 1059 1185
6064 2 2 4 4 1061 1186 1062
6065 2 2 4 4 1061 1060 1186
6066 2 2 4 4 1060 1068 1186
6067 2 2 4 4 1062 1186 1187
6068 2 2 4 4 1063 1187 1065
6069 2 2 4 4 1062 1187 1063
6070 2 2 4 4 1188 1064 1065
6071 2 2 4 4 1067 1064 1188
6072 2 2 4 4 1189 1065 1187
6073 2 2 4 4 1188 1065 1189
6074 2 2 4 4 1067 1190 1066
6075 2 2 4 4 1185 1066 1190
6076 2 2 4 4 1191 1067 1188
6077 2 2 4 4 1191 1190 1067
6078 2 2 4 4 1068 1192 1186
6079 2 2 4 4 1068 1069 1192
6080 2 2 4 4 1193 1192 1069
6081 2 2 4 4 1069 1070 1193
6082 2 2 4 4 1194 1193 1070
6083 2 2 4 4 1070 1071 1194
6084 2 2 4 4 1195 1194 1071
6085 2 2 4 4 1071 1072 1195
6086 2 2 4 4 1196 1195 1072
6087 2 2 4 4 1072 1073 1196
6088 2 2 4 4 1197 1196 1073
6089 2 2 4 4 1073 1074 1197
6090 2 2 2 2 1093 1079 1206
6091 2 2 2 2 1093 1206 1205
6092 2 2 2 2 1079 1207 1206
6093 2 2 2 2 1207 1080 1088
6094 2 2 2 2 1080 1207 1079
6095 2 2 2 2 1208 1081 1085
6096 2 2 2 2 1082 1081 1208
6097 2 2 2 2 1082 1208 1209
6098 2 2 2 2 1082 1209 1086
6099 2 2 2 2 1083 1210 1084
6100 2 2 2 2 1083 1089 1210
6101 2 2 2 2 1084 1210 1211
6102 2 2 2 2 1208 1085 1211
6103 2 2 2 2 1085 1084 1211
6104 2 2 2 2 1209 1212 1086
6105 2 2 2 2 1087 1086 1212
6106 2 2 2 2 1088 1087 1212
6107 2 2 2 2 1088 1212 1213
6108 2 2 2 2 1088 1213 1207
6109 2 2 2 2 1089 1214 1210
6110 2 2 2 2 1089 1131 1214
6111 2 2 2 2 1131 1215 1214
6112 2 2 2 2 1133 1216 1215
6113 2 2 2 2 1133 1132 1216
6114 2 2 2 2 1129 1130 1217
6115 2 2 2 2 1151 1217 1130
6116 2 2 2 2 1216 1132 1218
6117 2 2 2 2 1132 1128 1218
6118 2 2 2 2 1217 1219 1129
6119 2 2 2 2 1219 1128 1129
6120 2 2 2 2 1219 1220 1128
6121 2 2 2 2 1220 1218 1128
6122 2 2 2 2 1096 1090 1221
6123 2 2 2 2 1091 1221 1090
6124 2 2 2 2 1091 1094 1222
6125 2 2 2 2 1223 1221 1091
6126 2 2 2 2 1222 1223 1091
6127 2 2 2 2 1093 1224 1092
6128 2 2 2 2 1093 1205 1224
6129 2 2 2 2 1092 1224 1094
6130 2 2 2 2 1094 1224 1225
6131 2 2 2 2 1225 1222 1094
6132 2 2 2 2 1226 1222 1225
6133 2 2 2 2 1227 1224 1205
6134 2 2 2 2 1228 1100 1095
6135 2 2 2 2 1228 1095 1229
6136 2 2 2 2 1229 1095 1097
6137 2 2 2 2 1221 1230 1096
6138 2 2 2 2 1096 1230 1097
6139 2 2 2 2 1229 1097 1231
6140 2 2 2 2 1232 1231 1097
6141 2 2 2 2 1232 1097 1230
6142 2 2 2 2 1098 1233 1099
6143 2 2 2 2 1098 1100 1233
6144 2 2 2 2 1234 1102 1099
6145 2 2 2 2 1234 1099 1233
6146 2 2 2 2 1235 1233 1100
6147 2 2 2 2 1228 1235 1100
6148 2 2 2 2 1234 1236 1102
6149 2 2 2 2 1135 1101 1237
6150 2 2 2 2 1102 1237 1101
6151 2 2 2 2 1237 1102 1238
6152 2 2 2 2 1236 1238 1102
6153 2 2 2 2 1103 1239 1104
6154 2 2 2 2 1103 1108 1239
6155 2 2 2 2 1240 1239 1108
6156 2 2 2 2 1105 1104 1241
6157 2 2 2 2 1239 1241 1104
6158 2 2 2 2 1105 1242 1106
6159 2 2 2 2 1105 1241 1242
6160 2 2 2 2 1106 1243 1107
6161 2 2 2 2 1106 1242 1243
6162 2 2 2 2 1107 1243 1244
6163 2 2 2 2 1108 1245 1240
6164 2 2 2 2 1245 1108 1113
6165 2 2 2 2 1110 1246 1111
6166 2 2 2 2 1109 1116 1247
6167 2 2 2 2 1110 1109 1247
6168 2 2 2 2 1110 1247 1246
6169 2 2 2 2 1246 1248 1111
6170 2 2 2 2 1114 1112 1248
6171 2 2 2 2 1112 1111 1248
6172 2 2 2 2 1249 1248 1246
6173 2 2 2 2 1113 1250 1245
6174 2 2 2 2 1115 1250 1113
6175 2 2 2 2 1115 1114 1251
6176 2 2 2 2 1114 1248 1251
6177 2 2 2 2 1115 1251 1250
6178 2 2 2 2 1117 1121 1252
6179 2 2 2 2 1117 1252 1116
6180 2 2 2 2 1116 1252 1247
6181 2 2 2 2 1152 1253 1153
6182 2 2 2 2 1150 1130 1253
6183 2 2 2 2 1150 1253 1152
6184 2 2 2 2 1118 1254 1122
6185 2 2 2 2 1254 1118 1119
6186 2 2 2 2 1119 1255 1254
6187 2 2 2 2 1119 1120 1255
6188 2 2 2 2 1256 1255 1120
6189 2 2 2 2 1256 1120 1153
6190 2 2 2 2 1253 1256 1153
6191 2 2 2 2 1124 1257 1121
6192 2 2 2 2 1252 1121 1257
6193 2 2 2 2 1122 1258 1125
6194 2 2 2 2 1258 1122 1254
6195 2 2 2 2 1126 1259 1123
6196 2 2 2 2 1124 1123 1259
6197 2 2 2 2 1260 1257 1124
6198 2 2 2 2 1260 1124 1259
6199 2 2 2 2 1125 1261 1127
6200 2 2 2 2 1261 1125 1258
6201 2 2 2 2 1127 1262 1126
6202 2 2 2 2 1259 1126 1262
6203 2 2 2 2 1262 1127 1261
6204 2 2 2 2 1129 1128 1263
6205 2 2 2 2 1134 1263 1128
6206 2 2 2 2 1130 1129 1264
6207 2 2 2 2 1130 1264 1253
6208 2 2 2 2 1129 1263 1264
6209 2 2 2 2 1133 1215 1265
6210 2 2 2 2 1131 1265 1215
6211 2 2 2 2 1131 1136 1265
6212 2 2 2 2 1134 1266 1263
6213 2 2 2 2 1133 1267 1132
6214 2 2 2 2 1133 1265 1267
6215 2 2 2 2 1132 1267 1134
6216 2 2 2 2 1268 1134 1267
6217 2 2 2 2 1268 1266 1134
6218 2 2 2 2 1135 1269 1136
6219 2 2 2 2 1237 1269 1135
6220 2 2 2 2 1136 1270 1265
6221 2 2 2 2 1269 1270 1136
6222 2 2 2 2 1287 1288 1152
6223 2 2 2 2 1150 1288 1151
6224 2 2 2 2 1150 1152 1288
6225 2 2 2 2 1289 1151 1288
6226 2 2 2 2 1289 1290 1151
6227 2 2 2 2 1290 1217 1151
6228 2 2 2 2 1152 1153 1291
6229 2 2 2 2 1287 1152 1291
6230 2 2 2 2 1292 1153 1155
6231 2 2 2 2 1291 1153 1292
6232 2 2 2 2 1178 1293 1154
6233 2 2 2 2 1294 1154 1293
6234 2 2 2 2 1154 1294 1156
6235 2 2 2 2 1294 1295 1156
6236 2 2 2 2 1156 1295 1155
6237 2 2 2 2 1292 1155 1295
6238 2 2 23 23 1160 1157 1296
6239 2 2 23 23 1159 1296 1157
6240 2 2 23 23 1158 1164 1296
6241 2 2 23 23 1300 1160 1296
6242 2 2 23 23 1301 1161 1160
6243 2 2 23 23 1160 1300 1301
6244 2 2 2 2 1162 1161 1302
6245 2 2 23 23 1302 1161 1301
6246 2 2 2 2 1162 1302 1303
6247 2 2 2 2 1163 1162 1303
6248 2 2 2 2 1163 1303 1304
6249 2 2 2 2 1163 1304 1176
6250 2 2 2 2 1298 1176 1304
6251 2 2 23 23 1164 1305 1296
6252 2 2 23 23 1284 1305 1165
6253 2 2 2 2 1173 1313 1174
6254 2 2 2 2 1175 1313 1173
6255 2 2 2 2 1314 1175 1176
6256 2 2 2 2 1315 1313 1175
6257 2 2 2 2 1315 1175 1314
6258 2 2 2 2 1298 1299 1316
6259 2 2 2 2 1299 1297 1316
6260 2 2 2 2 1316 1317 1298
6261 2 2 2 2 1314 1176 1317
6262 2 2 2 2 1176 1298 1317
6263 2 2 2 2 1319 1297 1318
6264 2 2 2 2 1316 1297 1319
6265 2 2 2 2 1293 1178 1324
6266 2 2 2 2 1324 1323 1293
6267 2 2 4 4 1327 1180 1184
6268 2 2 4 4 1181 1180 1327
6269 2 2 4 4 1328 1181 1327
6270 2 2 4 4 1181 1328 1326
6271 2 2 4 4 1329 1182 1183
6272 2 2 4 4 1182 1329 1184
6273 2 2 4 4 1185 1330 1183
6274 2 2 4 4 1183 1330 1329
6275 2 2 4 4 1331 1184 1329
6276 2 2 4 4 1184 1331 1327
6277 2 2 4 4 1190 1332 1185
6278 2 2 4 4 1330 1185 1332
6279 2 2 4 4 1189 1187 1333
6280 2 2 4 4 1187 1186 1333
6281 2 2 4 4 1186 1192 1333
6282 2 2 4 4 1191 1188 1334
6283 2 2 4 4 1189 1334 1188
6284 2 2 4 4 1189 1333 1334
6285 2 2 4 4 1191 1334 1335
6286 2 2 4 4 1191 1335 1190
6287 2 2 4 4 1332 1190 1335
6288 2 2 4 4 1336 1333 1192
6289 2 2 4 4 1192 1193 1336
6290 2 2 4 4 1337 1336 1193
6291 2 2 4 4 1193 1194 1337
6292 2 2 4 4 1338 1337 1194
6293 2 2 4 4 1194 1195 1338
6294 2 2 4 4 1339 1338 1195
6295 2 2 4 4 1195 1196 1339
6296 2 2 4 4 1340 1339 1196
6297 2 2 4 4 1196 1197 1340
6298 2 2 2 2 1205 1350 1227
6299 2 2 2 2 1350 1205 1351
6300 2 2 2 2 1351 1205 1206
6301 2 2 2 2 1352 1351 1206
6302 2 2 2 2 1207 1213 1353
6303 2 2 2 2 1207 1353 1206
6304 2 2 2 2 1352 1206 1353
6305 2 2 2 2 1208 1211 1354
6306 2 2 2 2 1209 1354 1212
6307 2 2 2 2 1209 1208 1354
6308 2 2 2 2 1211 1355 1354
6309 2 2 2 2 1211 1210 1355
6310 2 2 2 2 1210 1214 1355
6311 2 2 2 2 1212 1354 1356
6312 2 2 2 2 1213 1356 1353
6313 2 2 2 2 1213 1212 1356
6314 2 2 2 2 1355 1214 1357
6315 2 2 2 2 1214 1215 1357
6316 2 2 2 2 1358 1215 1216
6317 2 2 2 2 1358 1357 1215
6318 2 2 2 2 1358 1216 1359
6319 2 2 2 2 1216 1218 1359
6320 2 2 2 2 1219 1217 1360
6321 2 2 2 2 1290 1360 1217
6322 2 2 2 2 1361 1359 1218
6323 2 2 2 2 1361 1218 1220
6324 2 2 2 2 1362 1219 1360
6325 2 2 2 2 1220 1219 1362
6326 2 2 2 2 1363 1220 1362
6327 2 2 2 2 1363 1361 1220
6328 2 2 2 2 1221 1364 1230
6329 2 2 2 2 1223 1364 1221
6330 2 2 2 2 1226 1365 1222
6331 2 2 2 2 1223 1222 1365
6332 2 2 2 2 1223 1365 1364
6333 2 2 2 2 1366 1365 1226
6334 2 2 2 2 1227 1367 1224
6335 2 2 2 2 1367 1225 1224
6336 2 2 2 2 1225 1367 1368
6337 2 2 2 2 1226 1225 1368
6338 2 2 2 2 1226 1368 1366
6339 2 2 2 2 1369 1227 1350
6340 2 2 2 2 1227 1369 1370
6341 2 2 2 2 1370 1367 1227
6342 2 2 2 2 1228 1371 1235
6343 2 2 2 2 1228 1229 1371
6344 2 2 2 2 1229 1372 1371
6345 2 2 2 2 1231 1372 1229
6346 2 2 2 2 1231 1373 1372
6347 2 2 2 2 1230 1364 1374
6348 2 2 2 2 1232 1230 1374
6349 2 2 2 2 1232 1375 1231
6350 2 2 2 2 1373 1231 1375
6351 2 2 2 2 1232 1374 1375
6352 2 2 2 2 1374 1364 1376
6353 2 2 2 2 1234 1377 1236
6354 2 2 2 2 1234 1233 1377
6355 2 2 2 2 1235 1377 1233
6356 2 2 2 2 1378 1235 1371
6357 2 2 2 2 1378 1377 1235
6358 2 2 2 2 1377 1379 1236
6359 2 2 2 2 1238 1236 1380
6360 2 2 2 2 1379 1380 1236
6361 2 2 2 2 1380 1379 1381
6362 2 2 2 2 1237 1382 1269
6363 2 2 2 2 1238 1382 1237
6364 2 2 2 2 1382 1238 1383
6365 2 2 2 2 1380 1383 1238
6366 2 2 2 2 1240 1245 1384
6367 2 2 2 2 1239 1385 1241
6368 2 2 2 2 1240 1385 1239
6369 2 2 2 2 1240 1384 1385
6370 2 2 2 2 1241 1386 1242
6371 2 2 2 2 1241 1385 1386
6372 2 2 2 2 1242 1387 1243
6373 2 2 2 2 1242 1386 1387
6374 2 2 2 2 1243 1388 1244
6375 2 2 2 2 1243 1387 1388
6376 2 2 2 2 1244 1388 1389
6377 2 2 2 2 1245 1390 1384
6378 2 2 2 2 1245 1250 1390
6379 2 2 2 2 1391 1384 1390
6380 2 2 2 2 1247 1252 1392
6381 2 2 2 2 1246 1247 1392
6382 2 2 2 2 1249 1246 1392
6383 2 2 2 2 1249 1392 1393
6384 2 2 2 2 1249 1394 1248
6385 2 2 2 2 1393 1394 1249
6386 2 2 2 2 1251 1248 1394
6387 2 2 2 2 1250 1395 1390
6388 2 2 2 2 1250 1251 1395
6389 2 2 2 2 1251 1394 1395
6390 2 2 2 2 1257 1396 1252
6391 2 2 2 2 1396 1392 1252
6392 2 2 2 2 1397 1256 1253
6393 2 2 2 2 1264 1397 1253
6394 2 2 2 2 1254 1398 1258
6395 2 2 2 2 1398 1254 1255
6396 2 2 2 2 1255 1399 1398
6397 2 2 2 2 1256 1399 1255
6398 2 2 2 2 1397 1399 1256
6399 2 2 2 2 1260 1400 1257
6400 2 2 2 2 1396 1257 1400
6401 2 2 2 2 1258 1401 1261
6402 2 2 2 2 1401 1258 1398
6403 2 2 2 2 1259 1262 1402
6404 2 2 2 2 1260 1259 1402
6405 2 2 2 2 1260 1402 1400
6406 2 2 2 2 1262 1261 1403
6407 2 2 2 2 1262 1403 1402
6408 2 2 2 2 1403 1261 1401
6409 2 2 2 2 1264 1404 1397
6410 2 2 2 2 1266 1404 1263
6411 2 2 2 2 1263 1404 1264
6412 2 2 2 2 1405 1267 1265
6413 2 2 2 2 1270 1405 1265
6414 2 2 2 2 1406 1404 1266
6415 2 2 2 2 1268 1407 1266
6416 2 2 2 2 1407 1406 1266
6417 2 2 2 2 1268 1267 1408
6418 2 2 2 2 1405 1408 1267
6419 2 2 2 2 1268 1408 1407
6420 2 2 2 2 1269 1409 1270
6421 2 2 2 2 1382 1409 1269
6422 2 2 2 2 1270 1410 1405
6423 2 2 2 2 1409 1410 1270
6424 2 2 23 23 1284 1425 1305
6425 2 2 2 2 1287 1291 1429
6426 2 2 2 2 1287 1429 1430
6427 2 2 2 2 1287 1430 1288
6428 2 2 2 2 1430 1431 1288
6429 2 2 2 2 1289 1288 1431
6430 2 2 2 2 1289 1431 1432
6431 2 2 2 2 1290 1432 1360
6432 2 2 2 2 1290 1289 1432
6433 2 2 2 2 1433 1360 1432
6434 2 2 2 2 1429 1291 1434
6435 2 2 2 2 1291 1292 1434
6436 2 2 2 2 1435 1292 1295
6437 2 2 2 2 1434 1292 1435
6438 2 2 2 2 1436 1293 1323
6439 2 2 2 2 1293 1436 1294
6440 2 2 2 2 1323 1437 1436
6441 2 2 2 2 1438 1294 1436
6442 2 2 2 2 1438 1295 1294
6443 2 2 2 2 1439 1295 1438
6444 2 2 2 2 1435 1295 1439
6445 2 2 2 2 1440 1435 1439
6446 2 2 2 2 1442 1437 1441
6447 2 2 2 2 1444 1443 1320
6448 2 2 23 23 1445 1296 1305
6449 2 2 23 23 1296 1445 1300
6450 2 2 2 2 1318 1446 1320
6451 2 2 2 2 1444 1320 1446
6452 2 2 2 2 1447 1446 1318
6453 2 2 2 2 1297 1447 1318
6454 2 2 23 23 1448 1300 1445
6455 2 2 2 2 1299 1449 1297
6456 2 2 2 2 1447 1297 1449
6457 2 2 2 2 1304 1450 1298
6458 2 2 2 2 1299 1450 1449
6459 2 2 2 2 1299 1298 1450
6460 2 2 23 23 1301 1451 1302
6461 2 2 23 23 1301 1300 1451
6462 2 2 23 23 1300 1448 1451
6463 2 2 2 2 1303 1302 1452
6464 2 2 23 23 1452 1302 1451
6465 2 2 2 2 1452 1453 1303
6466 2 2 2 2 1304 1303 1453
6467 2 2 2 2 1304 1453 1450
6468 2 2 23 23 1454 1305 1425
6469 2 2 23 23 1305 1454 1445
6470 2 2 2 2 1315 1314 1464
6471 2 2 2 2 1314 1317 1464
6472 2 2 2 2 1313 1464 1321
6473 2 2 2 2 1315 1464 1313
6474 2 2 2 2 1317 1465 1464
6475 2 2 2 2 1317 1316 1465
6476 2 2 2 2 1319 1465 1316
6477 2 2 2 2 1318 1320 1466
6478 2 2 2 2 1319 1466 1465
6479 2 2 2 2 1319 1318 1466
6480 2 2 2 2 1466 1320 1467
6481 2 2 2 2 1463 1467 1443
6482 2 2 2 2 1320 1443 1467
6483 2 2 2 2 1321 1464 1468
6484 2 2 2 2 1428 1470 1462
6485 2 2 2 2 1471 1437 1323
6486 2 2 2 2 1441 1437 1471
6487 2 2 2 2 1323 1324 1472
6488 2 2 2 2 1471 1323 1472
6489 2 2 2 2 1474 1441 1471
6490 2 2 2 2 1474 1473 1441
6491 2 2 2 2 1428 1476 1470
6492 2 2 4 4 1326 1328 1480
6493 2 2 4 4 1480 1478 1326
6494 2 2 4 4 1481 1327 1331
6495 2 2 4 4 1327 1481 1328
6496 2 2 4 4 1482 1328 1481
6497 2 2 4 4 1328 1482 1480
6498 2 2 4 4 1483 1329 1330
6499 2 2 4 4 1329 1483 1331
6500 2 2 4 4 1484 1330 1332
6501 2 2 4 4 1330 1484 1483
6502 2 2 4 4 1485 1331 1483
6503 2 2 4 4 1331 1485 1481
6504 2 2 4 4 1335 1486 1332
6505 2 2 4 4 1332 1486 1484
6506 2 2 4 4 1487 1334 1333
6507 2 2 4 4 1487 1333 1336
6508 2 2 4 4 1486 1335 1488
6509 2 2 4 4 1335 1334 1488
6510 2 2 4 4 1488 1334 1487
6511 2 2 4 4 1489 1487 1336
6512 2 2 4 4 1336 1337 1489
6513 2 2 4 4 1490 1489 1337
6514 2 2 4 4 1337 1338 1490
6515 2 2 4 4 1491 1490 1338
6516 2 2 4 4 1338 1339 1491
6517 2 2 4 4 1492 1491 1339
6518 2 2 4 4 1339 1340 1492
6519 2 2 2 2 1504 1369 1350
6520 2 2 2 2 1504 1350 1505
6521 2 2 2 2 1351 1505 1350
6522 2 2 2 2 1351 1352 1505
6523 2 2 2 2 1352 1353 1506
6524 2 2 2 2 1352 1506 1505
6525 2 2 2 2 1353 1356 1507
6526 2 2 2 2 1506 1353 1507
6527 2 2 2 2 1354 1355 1508
6528 2 2 2 2 1355 1357 1508
6529 2 2 2 2 1354 1508 1356
6530 2 2 2 2 1507 1356 1509
6531 2 2 2 2 1356 1508 1509
6532 2 2 2 2 1369 1504 1510
6533 2 2 2 2 1357 1511 1508
6534 2 2 2 2 1358 1359 1511
6535 2 2 2 2 1357 1358 1511
6536 2 2 2 2 1359 1512 1511
6537 2 2 2 2 1359 1361 1512
6538 2 2 2 2 1362 1360 1513
6539 2 2 2 2 1433 1513 1360
6540 2 2 2 2 1514 1512 1361
6541 2 2 2 2 1363 1514 1361
6542 2 2 2 2 1513 1515 1362
6543 2 2 2 2 1363 1515 1514
6544 2 2 2 2 1363 1362 1515
6545 2 2 2 2 1376 1364 1516
6546 2 2 2 2 1365 1516 1364
6547 2 2 2 2 1366 1517 1365
6548 2 2 2 2 1517 1516 1365
6549 2 2 2 2 1366 1368 1518
6550 2 2 2 2 1366 1518 1517
6551 2 2 2 2 1517 1519 1516
6552 2 2 2 2 1370 1520 1367
6553 2 2 2 2 1367 1520 1368
6554 2 2 2 2 1368 1520 1518
6555 2 2 2 2 1369 1510 1521
6556 2 2 2 2 1370 1369 1521
6557 2 2 2 2 1370 1521 1520
6558 2 2 2 2 1522 1521 1510
6559 2 2 2 2 1523 1378 1371
6560 2 2 2 2 1524 1523 1371
6561 2 2 2 2 1524 1371 1372
6562 2 2 2 2 1524 1372 1525
6563 2 2 2 2 1373 1525 1372
6564 2 2 2 2 1375 1526 1373
6565 2 2 2 2 1373 1527 1525
6566 2 2 2 2 1526 1527 1373
6567 2 2 2 2 1376 1528 1374
6568 2 2 2 2 1375 1374 1528
6569 2 2 2 2 1526 1375 1528
6570 2 2 2 2 1376 1516 1529
6571 2 2 2 2 1376 1529 1528
6572 2 2 2 2 1379 1377 1530
6573 2 2 2 2 1378 1530 1377
6574 2 2 2 2 1523 1530 1378
6575 2 2 2 2 1379 1530 1531
6576 2 2 2 2 1381 1379 1531
6577 2 2 2 2 1532 1381 1531
6578 2 2 2 2 1383 1380 1533
6579 2 2 2 2 1381 1533 1380
6580 2 2 2 2 1534 1533 1381
6581 2 2 2 2 1532 1534 1381
6582 2 2 2 2 1409 1382 1535
6583 2 2 2 2 1383 1535 1382
6584 2 2 2 2 1536 1535 1383
6585 2 2 2 2 1533 1536 1383
6586 2 2 2 2 1538 1385 1384
6587 2 2 2 2 1391 1538 1384
6588 2 2 2 2 1391 1539 1538
6589 2 2 2 2 1540 1386 1385
6590 2 2 2 2 1538 1540 1385
6591 2 2 2 2 1386 1541 1387
6592 2 2 2 2 1386 1540 1541
6593 2 2 2 2 1387 1542 1388
6594 2 2 2 2 1387 1541 1542
6595 2 2 2 2 1389 1543 1537
6596 2 2 2 2 1388 1543 1389
6597 2 2 2 2 1388 1542 1543
6598 2 2 2 2 1539 1391 1544
6599 2 2 2 2 1391 1390 1544
6600 2 2 2 2 1390 1395 1544
6601 2 2 2 2 1539 1544 1545
6602 2 2 2 2 1546 1392 1396
6603 2 2 2 2 1393 1392 1546
6604 2 2 2 2 1393 1546 1547
6605 2 2 2 2 1393 1547 1394
6606 2 2 2 2 1547 1548 1394
6607 2 2 2 2 1548 1395 1394
6608 2 2 2 2 1549 1544 1395
6609 2 2 2 2 1549 1395 1548
6610 2 2 2 2 1400 1550 1396
6611 2 2 2 2 1546 1396 1550
6612 2 2 2 2 1397 1551 1399
6613 2 2 2 2 1404 1551 1397
6614 2 2 2 2 1398 1552 1401
6615 2 2 2 2 1399 1552 1398
6616 2 2 2 2 1552 1399 1551
6617 2 2 2 2 1400 1402 1553
6618 2 2 2 2 1400 1553 1550
6619 2 2 2 2 1401 1554 1403
6620 2 2 2 2 1554 1401 1552
6621 2 2 2 2 1555 1402 1403
6622 2 2 2 2 1553 1402 1555
6623 2 2 2 2 1555 1403 1554
6624 2 2 2 2 1556 1551 1404
6625 2 2 2 2 1406 1556 1404
6626 2 2 2 2 1408 1405 1557
6627 2 2 2 2 1410 1557 1405
6628 2 2 2 2 1558 1557 1410
6629 2 2 2 2 1559 1556 1406
6630 2 2 2 2 1407 1560 1406
6631 2 2 2 2 1559 1406 1560
6632 2 2 2 2 1408 1561 1407
6633 2 2 2 2 1561 1560 1407
6634 2 2 2 2 1557 1561 1408
6635 2 2 2 2 1409 1562 1410
6636 2 2 2 2 1558 1410 1562
6637 2 2 2 2 1535 1562 1409
6638 2 2 23 23 1579 1425 1426
6639 2 2 23 23 1425 1579 1454
6640 2 2 23 23 1580 1426 1427
6641 2 2 23 23 1426 1580 1579
6642 2 2 23 23 1581 1427 1572
6643 2 2 23 23 1427 1581 1580
6644 2 2 2 2 1463 1583 1462
6645 2 2 2 2 1582 1462 1583
6646 2 2 2 2 1583 1463 1443
6647 2 2 2 2 1584 1583 1443
6648 2 2 2 2 1428 1585 1476
6649 2 2 2 2 1428 1587 1585
6650 2 2 2 2 1428 1462 1587
6651 2 2 2 2 1582 1587 1462
6652 2 2 2 2 1473 1588 1441
6653 2 2 2 2 1588 1473 1589
6654 2 2 2 2 1475 1589 1473
6655 2 2 2 2 1589 1475 1590
6656 2 2 2 2 1429 1434 1592
6657 2 2 2 2 1592 1593 1429
6658 2 2 2 2 1430 1429 1593
6659 2 2 2 2 1593 1594 1430
6660 2 2 2 2 1431 1430 1594
6661 2 2 2 2 1594 1595 1431
6662 2 2 2 2 1595 1432 1431
6663 2 2 2 2 1596 1432 1595
6664 2 2 2 2 1433 1432 1596
6665 2 2 2 2 1433 1596 1597
6666 2 2 2 2 1433 1597 1513
6667 2 2 2 2 1592 1434 1598
6668 2 2 2 2 1435 1598 1434
6669 2 2 2 2 1440 1598 1435
6670 2 2 2 2 1599 1436 1437
6671 2 2 2 2 1438 1436 1599
6672 2 2 2 2 1600 1599 1437
6673 2 2 2 2 1442 1600 1437
6674 2 2 2 2 1601 1438 1599
6675 2 2 2 2 1601 1439 1438
6676 2 2 2 2 1602 1439 1601
6677 2 2 2 2 1440 1439 1602
6678 2 2 2 2 1603 1440 1602
6679 2 2 2 2 1440 1603 1598
6680 2 2 2 2 1604 1600 1442
6681 2 2 2 2 1442 1441 1605
6682 2 2 2 2 1605 1441 1588
6683 2 2 2 2 1604 1442 1605
6684 2 2 2 2 1584 1443 1606
6685 2 2 2 2 1444 1606 1443
6686 2 2 2 2 1444 1446 1607
6687 2 2 2 2 1444 1607 1606
6688 2 2 23 23 1608 1445 1454
6689 2 2 23 23 1445 1608 1448
6690 2 2 2 2 1447 1449 1609
6691 2 2 2 2 1447 1609 1446
6692 2 2 2 2 1446 1609 1607
6693 2 2 23 23 1448 1610 1451
6694 2 2 23 23 1448 1608 1610
6695 2 2 2 2 1449 1450 1611
6696 2 2 2 2 1449 1611 1609
6697 2 2 2 2 1453 1612 1450
6698 2 2 2 2 1612 1611 1450
6699 2 2 23 23 1451 1613 1452
6700 2 2 23 23 1610 1613 1451
6701 2 2 2 2 1453 1452 1614
6702 2 2 2 2 1453 1614 1612
6703 2 2 23 23 1614 1452 1613
6704 2 2 23 23 1615 1454 1579
6705 2 2 23 23 1454 1615 1608
6706 2 2 2 2 1462 1470 1623
6707 2 2 2 2 1463 1462 1623
6708 2 2 2 2 1463 1623 1467
6709 2 2 2 2 1467 1623 1625
6710 2 2 2 2 1466 1467 1625
6711 2 2 2 2 1465 1466 1625
6712 2 2 2 2 1464 1625 1468
6713 2 2 2 2 1465 1625 1464
6714 2 2 2 2 1471 1472 1633
6715 2 2 2 2 1474 1471 1633
6716 2 2 2 2 1474 1633 1634
6717 2 2 2 2 1474 1634 1473
6718 2 2 2 2 1475 1473 1634
6719 2 2 2 2 1590 1635 1591
6720 2 2 2 2 1635 1590 1475
6721 2 2 2 2 1636 1475 1634
6722 2 2 2 2 1636 1635 1475
6723 2 2 2 2 1591 1637 1630
6724 2 2 2 2 1637 1591 1635
6725 2 2 4 4 1478 1480 1642
6726 2 2 4 4 1642 1641 1478
6727 2 2 4 4 1644 1480 1482
6728 2 2 4 4 1480 1644 1642
6729 2 2 4 4 1645 1481 1485
6730 2 2 4 4 1481 1645 1482
6731 2 2 4 4 1646 1482 1645
6732 2 2 4 4 1482 1646 1644
6733 2 2 4 4 1647 1483 1484
6734 2 2 4 4 1483 1647 1485
6735 2 2 4 4 1648 1484 1486
6736 2 2 4 4 1484 1648 1647
6737 2 2 4 4 1649 1485 1647
6738 2 2 4 4 1649 1645 1485
6739 2 2 4 4 1486 1488 1650
6740 2 2 4 4 1648 1486 1650
6741 2 2 4 4 1488 1651 1650
6742 2 2 4 4 1488 1487 1651
6743 2 2 4 4 1487 1489 1651
6744 2 2 4 4 1489 1652 1651
6745 2 2 4 4 1489 1490 1652
6746 2 2 4 4 1653 1652 1490
6747 2 2 4 4 1490 1491 1653
6748 2 2 4 4 1654 1653 1491
6749 2 2 4 4 1491 1492 1654
6750 2 2 2 2 1668 1504 1505
6751 2 2 2 2 1504 1668 1510
6752 2 2 2 2 1506 1507 1669
6753 2 2 2 2 1505 1669 1668
6754 2 2 2 2 1506 1669 1505
6755 2 2 2 2 1509 1670 1507
6756 2 2 2 2 1669 1507 1670
6757 2 2 2 2 1508 1671 1509
6758 2 2 2 2 1671 1508 1511
6759 2 2 2 2 1510 1668 1672
6760 2 2 2 2 1510 1672 1522
6761 2 2 2 2 1511 1673 1671
6762 2 2 2 2 1673 1511 1512
6763 2 2 2 2 1512 1674 1673
6764 2 2 2 2 1514 1674 1512
6765 2 2 2 2 1515 1513 1675
6766 2 2 2 2 1597 1675 1513
6767 2 2 2 2 1674 1514 1676
6768 2 2 2 2 1675 1676 1515
6769 2 2 2 2 1514 1515 1676
6770 2 2 2 2 1519 1677 1516
6771 2 2 2 2 1529 1516 1677
6772 2 2 2 2 1678 1518 1520
6773 2 2 2 2 1518 1678 1679
6774 2 2 2 2 1518 1679 1517
6775 2 2 2 2 1517 1679 1519
6776 2 2 2 2 1680 1677 1519
6777 2 2 2 2 1681 1519 1679
6778 2 2 2 2 1519 1681 1680
6779 2 2 2 2 1522 1682 1521
6780 2 2 2 2 1521 1682 1520
6781 2 2 2 2 1520 1682 1678
6782 2 2 2 2 1522 1672 1683
6783 2 2 2 2 1522 1683 1682
6784 2 2 2 2 1523 1684 1530
6785 2 2 2 2 1523 1524 1684
6786 2 2 2 2 1524 1525 1684
6787 2 2 2 2 1525 1685 1684
6788 2 2 2 2 1525 1527 1685
6789 2 2 2 2 1526 1528 1686
6790 2 2 2 2 1526 1686 1527
6791 2 2 2 2 1527 1687 1685
6792 2 2 2 2 1527 1686 1687
6793 2 2 2 2 1529 1688 1528
6794 2 2 2 2 1686 1528 1688
6795 2 2 2 2 1677 1689 1529
6796 2 2 2 2 1689 1688 1529
6797 2 2 2 2 1531 1530 1690
6798 2 2 2 2 1684 1690 1530
6799 2 2 2 2 1531 1690 1691
6800 2 2 2 2 1532 1531 1691
6801 2 2 2 2 1532 1692 1534
6802 2 2 2 2 1532 1691 1692
6803 2 2 2 2 1533 1693 1536
6804 2 2 2 2 1534 1693 1533
6805 2 2 2 2 1534 1692 1693
6806 2 2 2 2 1535 1694 1562
6807 2 2 2 2 1536 1694 1535
6808 2 2 2 2 1536 1693 1694
6809 2 2 2 2 1537 1696 1695
6810 2 2 2 2 1543 1696 1537
6811 2 2 2 2 1538 1697 1540
6812 2 2 2 2 1539 1697 1538
6813 2 2 2 2 1539 1545 1697
6814 2 2 2 2 1540 1698 1541
6815 2 2 2 2 1540 1697 1698
6816 2 2 2 2 1541 1699 1542
6817 2 2 2 2 1541 1698 1699
6818 2 2 2 2 1543 1700 1696
6819 2 2 2 2 1542 1700 1543
6820 2 2 2 2 1542 1699 1700
6821 2 2 2 2 1545 1544 1701
6822 2 2 2 2 1702 1701 1544
6823 2 2 2 2 1702 1544 1549
6824 2 2 2 2 1545 1703 1697
6825 2 2 2 2 1545 1701 1703
6826 2 2 2 2 1704 1703 1701
6827 2 2 2 2 1546 1550 1705
6828 2 2 2 2 1547 1546 1705
6829 2 2 2 2 1706 1547 1705
6830 2 2 2 2 1706 1548 1547
6831 2 2 2 2 1706 1707 1548
6832 2 2 2 2 1549 1707 1702
6833 2 2 2 2 1549 1548 1707
6834 2 2 2 2 1550 1553 1708
6835 2 2 2 2 1705 1550 1708
6836 2 2 2 2 1552 1709 1554
6837 2 2 2 2 1551 1709 1552
6838 2 2 2 2 1556 1709 1551
6839 2 2 2 2 1553 1555 1710
6840 2 2 2 2 1708 1553 1710
6841 2 2 2 2 1554 1711 1555
6842 2 2 2 2 1710 1555 1711
6843 2 2 2 2 1711 1554 1709
6844 2 2 2 2 1712 1709 1556
6845 2 2 2 2 1559 1712 1556
6846 2 2 2 2 1557 1713 1561
6847 2 2 2 2 1558 1713 1557
6848 2 2 2 2 1714 1713 1558
6849 2 2 2 2 1558 1562 1714
6850 2 2 2 2 1559 1715 1712
6851 2 2 2 2 1559 1560 1715
6852 2 2 2 2 1561 1716 1560
6853 2 2 2 2 1713 1716 1561
6854 2 2 2 2 1560 1716 1715
6855 2 2 2 2 1694 1717 1562
6856 2 2 2 2 1714 1562 1717
6857 2 2 23 23 1727 1572 1573
6858 2 2 23 23 1572 1727 1581
6859 2 2 23 23 1728 1573 1575
6860 2 2 23 23 1573 1728 1727
6861 2 2 23 23 1730 1575 1729
6862 2 2 23 23 1575 1730 1728
6863 2 2 23 23 1736 1579 1580
6864 2 2 23 23 1579 1736 1615
6865 2 2 23 23 1737 1580 1581
6866 2 2 23 23 1580 1737 1736
6867 2 2 23 23 1738 1581 1727
6868 2 2 23 23 1581 1738 1737
6869 2 2 2 2 1582 1739 1587
6870 2 2 2 2 1582 1583 1739
6871 2 2 2 2 1740 1739 1583
6872 2 2 2 2 1584 1740 1583
6873 2 2 2 2 1584 1606 1741
6874 2 2 2 2 1584 1741 1740
6875 2 2 2 2 1585 1587 1742
6876 2 2 2 2 1744 1742 1587
6877 2 2 2 2 1739 1744 1587
6878 2 2 2 2 1745 1605 1588
6879 2 2 2 2 1589 1747 1588
6880 2 2 2 2 1745 1588 1747
6881 2 2 2 2 1590 1748 1589
6882 2 2 2 2 1747 1589 1748
6883 2 2 2 2 1591 1749 1590
6884 2 2 2 2 1748 1590 1749
6885 2 2 2 2 1751 1592 1598
6886 2 2 2 2 1592 1752 1593
6887 2 2 2 2 1751 1752 1592
6888 2 2 2 2 1752 1753 1593
6889 2 2 2 2 1594 1593 1753
6890 2 2 2 2 1753 1754 1594
6891 2 2 2 2 1754 1595 1594
6892 2 2 2 2 1754 1755 1595
6893 2 2 2 2 1596 1595 1755
6894 2 2 2 2 1755 1756 1596
6895 2 2 2 2 1597 1596 1756
6896 2 2 2 2 1756 1757 1597
6897 2 2 2 2 1675 1597 1757
6898 2 2 2 2 1751 1598 1758
6899 2 2 2 2 1603 1758 1598
6900 2 2 2 2 1759 1601 1599
6901 2 2 2 2 1759 1599 1760
6902 2 2 2 2 1760 1599 1600
6903 2 2 2 2 1760 1600 1761
6904 2 2 2 2 1604 1761 1600
6905 2 2 2 2 1759 1762 1601
6906 2 2 2 2 1762 1602 1601
6907 2 2 2 2 1602 1762 1763
6908 2 2 2 2 1603 1763 1758
6909 2 2 2 2 1603 1602 1763
6910 2 2 2 2 1604 1764 1761
6911 2 2 2 2 1604 1605 1764
6912 2 2 2 2 1765 1764 1605
6913 2 2 2 2 1745 1765 1605
6914 2 2 2 2 1741 1606 1766
6915 2 2 2 2 1607 1766 1606
6916 2 2 2 2 1607 1609 1767
6917 2 2 2 2 1607 1767 1766
6918 2 2 23 23 1768 1608 1615
6919 2 2 23 23 1608 1768 1610
6920 2 2 2 2 1611 1769 1609
6921 2 2 2 2 1609 1769 1767
6922 2 2 23 23 1610 1770 1613
6923 2 2 23 23 1770 1610 1768
6924 2 2 2 2 1611 1612 1771
6925 2 2 2 2 1611 1771 1769
6926 2 2 2 2 1612 1614 1772
6927 2 2 2 2 1772 1771 1612
6928 2 2 23 23 1772 1614 1773
6929 2 2 23 23 1613 1773 1614
6930 2 2 23 23 1773 1613 1770
6931 2 2 23 23 1774 1615 1736
6932 2 2 23 23 1615 1774 1768
6933 2 2 2 2 1780 1620 1624
6934 2 2 2 2 1780 1781 1620
6935 2 2 2 2 1780 1624 1783
6936 2 2 2 2 1624 1786 1783
6937 2 2 2 2 1790 1788 1628
6938 2 2 2 2 1791 1790 1628
6939 2 2 2 2 1629 1792 1628
6940 2 2 2 2 1791 1628 1792
6941 2 2 2 2 1784 1792 1629
6942 2 2 2 2 1784 1793 1792
6943 2 2 2 2 1794 1628 1788
6944 2 2 2 2 1628 1794 1629
6945 2 2 2 2 1794 1788 1795
6946 2 2 2 2 1788 1789 1796
6947 2 2 2 2 1795 1788 1796
6948 2 2 2 2 1797 1629 1794
6949 2 2 2 2 1797 1798 1629
6950 2 2 2 2 1784 1629 1798
6951 2 2 2 2 1630 1799 1631
6952 2 2 2 2 1799 1630 1637
6953 2 2 2 2 1632 1631 1800
6954 2 2 2 2 1800 1631 1799
6955 2 2 2 2 1801 1638 1632
6956 2 2 2 2 1801 1632 1800
6957 2 2 2 2 1634 1633 1802
6958 2 2 2 2 1634 1802 1636
6959 2 2 2 2 1636 1802 1803
6960 2 2 2 2 1637 1635 1803
6961 2 2 2 2 1636 1803 1635
6962 2 2 2 2 1804 1637 1803
6963 2 2 2 2 1804 1799 1637
6964 2 2 2 2 1805 1638 1801
6965 2 2 2 2 1805 1806 1638
6966 2 2 4 4 1641 1642 1809
6967 2 2 4 4 1809 1808 1641
6968 2 2 4 4 1810 1642 1644
6969 2 2 4 4 1642 1810 1809
6970 2 2 4 4 1814 1644 1646
6971 2 2 4 4 1644 1814 1810
6972 2 2 4 4 1649 1815 1645
6973 2 2 4 4 1646 1645 1815
6974 2 2 4 4 1816 1646 1815
6975 2 2 4 4 1816 1814 1646
6976 2 2 4 4 1648 1817 1647
6977 2 2 4 4 1649 1647 1817
6978 2 2 4 4 1649 1817 1815
6979 2 2 4 4 1648 1650 1817
6980 2 2 4 4 1650 1818 1817
6981 2 2 4 4 1650 1651 1818
6982 2 2 4 4 1818 1651 1819
6983 2 2 4 4 1819 1651 1652
6984 2 2 4 4 1820 1819 1652
6985 2 2 4 4 1820 1652 1653
6986 2 2 4 4 1821 1820 1653
6987 2 2 4 4 1653 1654 1821
6988 2 2 2 2 1670 1838 1669
6989 2 2 2 2 1669 1838 1668
6990 2 2 2 2 1668 1838 1672
6991 2 2 2 2 1683 1672 1840
6992 2 2 2 2 1672 1838 1840
6993 2 2 2 2 1676 1675 1843
6994 2 2 2 2 1757 1843 1675
6995 2 2 2 2 1680 1845 1677
6996 2 2 2 2 1845 1689 1677
6997 2 2 2 2 1845 1846 1689
6998 2 2 2 2 1847 1845 1680
6999 2 2 2 2 1848 1678 1682
7000 2 2 2 2 1678 1848 1849
7001 2 2 2 2 1679 1678 1849
7002 2 2 2 2 1679 1849 1681
7003 2 2 2 2 1851 1680 1681
7004 2 2 2 2 1680 1851 1847
7005 2 2 2 2 1852 1681 1849
7006 2 2 2 2 1681 1852 1851
7007 2 2 2 2 1682 1683 1853
7008 2 2 2 2 1848 1682 1853
7009 2 2 2 2 1850 1848 1853
7010 2 2 2 2 1683 1840 1854
7011 2 2 2 2 1853 1683 1854
7012 2 2 2 2 1854 1840 1855
7013 2 2 2 2 1690 1684 1856
7014 2 2 2 2 1685 1856 1684
7015 2 2 2 2 1685 1857 1856
7016 2 2 2 2 1687 1857 1685
7017 2 2 2 2 1687 1858 1857
7018 2 2 2 2 1686 1688 1859
7019 2 2 2 2 1686 1859 1687
7020 2 2 2 2 1687 1859 1858
7021 2 2 2 2 1846 1860 1689
7022 2 2 2 2 1689 1860 1688
7023 2 2 2 2 1688 1860 1859
7024 2 2 2 2 1691 1690 1861
7025 2 2 2 2 1856 1861 1690
7026 2 2 2 2 1862 1717 1694
7027 2 2 2 2 1691 1861 1863
7028 2 2 2 2 1691 1863 1692
7029 2 2 2 2 1692 1864 1693
7030 2 2 2 2 1692 1863 1864
7031 2 2 2 2 1865 1862 1694
7032 2 2 2 2 1693 1865 1694
7033 2 2 2 2 1864 1865 1693
7034 2 2 2 2 1695 1867 1866
7035 2 2 2 2 1696 1867 1695
7036 2 2 2 2 1696 1868 1867
7037 2 2 2 2 1700 1868 1696
7038 2 2 2 2 1698 1697 1869
7039 2 2 2 2 1703 1869 1697
7040 2 2 2 2 1698 1870 1699
7041 2 2 2 2 1870 1698 1869
7042 2 2 2 2 1700 1871 1868
7043 2 2 2 2 1699 1871 1700
7044 2 2 2 2 1699 1870 1871
7045 2 2 2 2 1704 1701 1872
7046 2 2 2 2 1702 1872 1701
7047 2 2 2 2 1702 1707 1872
7048 2 2 2 2 1873 1704 1872
7049 2 2 2 2 1703 1874 1869
7050 2 2 2 2 1704 1874 1703
7051 2 2 2 2 1704 1873 1874
7052 2 2 2 2 1705 1708 1876
7053 2 2 2 2 1706 1705 1876
7054 2 2 2 2 1706 1876 1707
7055 2 2 2 2 1877 1707 1876
7056 2 2 2 2 1877 1872 1707
7057 2 2 2 2 1875 1872 1877
7058 2 2 2 2 1708 1710 1878
7059 2 2 2 2 1708 1878 1876
7060 2 2 2 2 1879 1711 1709
7061 2 2 2 2 1712 1879 1709
7062 2 2 2 2 1711 1880 1710
7063 2 2 2 2 1880 1878 1710
7064 2 2 2 2 1880 1711 1879
7065 2 2 2 2 1712 1881 1879
7066 2 2 2 2 1715 1881 1712
7067 2 2 2 2 1713 1882 1716
7068 2 2 2 2 1714 1882 1713
7069 2 2 2 2 1714 1717 1882
7070 2 2 2 2 1715 1883 1881
7071 2 2 2 2 1716 1883 1715
7072 2 2 2 2 1716 1882 1883
7073 2 2 2 2 1717 1884 1882
7074 2 2 2 2 1862 1884 1717
7075 2 2 23 23 1894 1727 1728
7076 2 2 23 23 1727 1894 1738
7077 2 2 23 23 1895 1728 1730
7078 2 2 23 23 1728 1895 1894
7079 2 2 23 23 1896 1729 1735
7080 2 2 23 23 1729 1896 1730
7081 2 2 23 23 1897 1730 1896
7082 2 2 23 23 1730 1897 1895
7083 2 2 23 23 1734 1731 1898
7084 2 2 23 23 1734 1898 1901
7085 2 2 23 23 1902 1735 1899
7086 2 2 23 23 1735 1902 1896
7087 2 2 23 23 1903 1736 1737
7088 2 2 23 23 1736 1903 1774
7089 2 2 23 23 1904 1737 1738
7090 2 2 23 23 1737 1904 1903
7091 2 2 23 23 1905 1738 1894
7092 2 2 23 23 1738 1905 1904
7093 2 2 2 2 1906 1744 1739
7094 2 2 2 2 1906 1739 1907
7095 2 2 2 2 1740 1907 1739
7096 2 2 2 2 1740 1741 1907
7097 2 2 2 2 1741 1908 1907
7098 2 2 2 2 1741 1766 1908
7099 2 2 2 2 1742 1744 1909
7100 2 2 2 2 1910 1909 1744
7101 2 2 2 2 1906 1910 1744
7102 2 2 2 2 1745 1747 1911
7103 2 2 2 2 1745 1911 1765
7104 2 2 2 2 1747 1748 1914
7105 2 2 2 2 1911 1747 1914
7106 2 2 2 2 1749 1915 1748
7107 2 2 2 2 1914 1748 1915
7108 2 2 2 2 1751 1917 1752
7109 2 2 2 2 1751 1758 1917
7110 2 2 2 2 1752 1918 1753
7111 2 2 2 2 1918 1752 1917
7112 2 2 2 2 1919 1753 1918
7113 2 2 2 2 1919 1754 1753
7114 2 2 2 2 1754 1919 1920
7115 2 2 2 2 1920 1755 1754
7116 2 2 2 2 1920 1921 1755
7117 2 2 2 2 1756 1755 1921
7118 2 2 2 2 1921 1922 1756
7119 2 2 2 2 1757 1756 1922
7120 2 2 2 2 1922 1923 1757
7121 2 2 2 2 1843 1757 1923
7122 2 2 2 2 1924 1758 1763
7123 2 2 2 2 1925 1917 1758
7124 2 2 2 2 1924 1925 1758
7125 2 2 2 2 1759 1760 1926
7126 2 2 2 2 1759 1926 1762
7127 2 2 2 2 1761 1927 1760
7128 2 2 2 2 1927 1926 1760
7129 2 2 2 2 1761 1928 1927
7130 2 2 2 2 1928 1761 1764
7131 2 2 2 2 1929 1762 1926
7132 2 2 2 2 1762 1929 1763
7133 2 2 2 2 1930 1763 1929
7134 2 2 2 2 1924 1763 1930
7135 2 2 2 2 1931 1928 1764
7136 2 2 2 2 1765 1931 1764
7137 2 2 2 2 1931 1765 1932
7138 2 2 2 2 1911 1932 1765
7139 2 2 2 2 1767 1933 1766
7140 2 2 2 2 1766 1933 1908
7141 2 2 2 2 1934 1767 1769
7142 2 2 2 2 1767 1934 1933
7143 2 2 23 23 1768 1935 1770
7144 2 2 23 23 1935 1768 1774
7145 2 2 2 2 1769 1771 1936
7146 2 2 2 2 1769 1936 1934
7147 2 2 23 23 1770 1937 1773
7148 2 2 23 23 1937 1770 1935
7149 2 2 2 2 1771 1772 1938
7150 2 2 2 2 1771 1938 1936
7151 2 2 23 23 1938 1772 1939
7152 2 2 23 23 1773 1939 1772
7153 2 2 23 23 1939 1773 1937
7154 2 2 23 23 1940 1774 1903
7155 2 2 23 23 1774 1940 1935
7156 2 2 6 6 1944 1779 1945
7157 2 2 6 6 1782 1946 1945
7158 2 2 6 6 1782 1781 1946
7159 2 2 2 2 1781 1780 1946
7160 2 2 2 2 1780 1783 1946
7161 2 2 6 6 1947 1945 1946
7162 2 2 2 2 1946 1783 1948
7163 2 2 2 2 1783 1786 1949
7164 2 2 2 2 1948 1783 1949
7165 2 2 2 2 1949 1786 1950
7166 2 2 2 2 1793 1784 1951
7167 2 2 2 2 1784 1798 1951
7168 2 2 2 2 1952 1951 1798
7169 2 2 2 2 1950 1786 1954
7170 2 2 2 2 1955 1953 1789
7171 2 2 2 2 1955 1789 1956
7172 2 2 2 2 1956 1789 1788
7173 2 2 2 2 1790 1956 1788
7174 2 2 2 2 1957 1791 1792
7175 2 2 2 2 1790 1958 1956
7176 2 2 2 2 1791 1958 1790
7177 2 2 2 2 1791 1957 1958
7178 2 2 2 2 1793 1951 1959
7179 2 2 2 2 1957 1792 1960
7180 2 2 2 2 1793 1960 1792
7181 2 2 2 2 1793 1959 1960
7182 2 2 2 2 1961 1797 1794
7183 2 2 2 2 1962 1794 1795
7184 2 2 2 2 1962 1961 1794
7185 2 2 2 2 1963 1797 1961
7186 2 2 2 2 1964 1962 1795
7187 2 2 2 2 1796 1965 1795
7188 2 2 2 2 1964 1795 1965
7189 2 2 2 2 1963 1969 1797
7190 2 2 2 2 1797 1969 1798
7191 2 2 2 2 1970 1798 1969
7192 2 2 2 2 1970 1952 1798
7193 2 2 2 2 1970 1968 1952
7194 2 2 2 2 1804 1971 1799
7195 2 2 2 2 1800 1799 1971
7196 2 2 2 2 1801 1800 1972
7197 2 2 2 2 1972 1800 1971
7198 2 2 2 2 1805 1801 1972
7199 2 2 2 2 1803 1802 1973
7200 2 2 2 2 1803 1973 1804
7201 2 2 2 2 1804 1973 1971
7202 2 2 2 2 1805 1974 1806
7203 2 2 2 2 1805 1972 1974
7204 2 2 4 4 1808 1809 1976
7205 2 2 4 4 1811 1808 1976
7206 2 2 4 4 1978 1809 1810
7207 2 2 4 4 1978 1976 1809
7208 2 2 4 4 1979 1810 1814
7209 2 2 4 4 1810 1979 1978
7210 2 2 4 4 1981 1977 1980
7211 2 2 4 4 1981 1982 1977
7212 2 2 4 4 1977 1982 1976
7213 2 2 4 4 1983 1976 1982
7214 2 2 4 4 1983 1811 1976
7215 2 2 4 4 1983 1984 1811
7216 2 2 4 4 1985 1813 1811
7217 2 2 4 4 1984 1985 1811
7218 2 2 4 4 1986 1813 1985
7219 2 2 4 4 1988 1813 1986
7220 2 2 4 4 1816 1989 1814
7221 2 2 4 4 1979 1814 1989
7222 2 2 4 4 1815 1990 1816
7223 2 2 4 4 1816 1990 1989
7224 2 2 4 4 1815 1817 1990
7225 2 2 4 4 1990 1817 1991
7226 2 2 4 4 1991 1817 1818
7227 2 2 4 4 1991 1818 1992
7228 2 2 4 4 1992 1818 1819
7229 2 2 4 4 1992 1819 1993
7230 2 2 4 4 1993 1819 1820
7231 2 2 4 4 1994 1993 1820
7232 2 2 4 4 1820 1821 1994
7233 2 2 2 2 1840 1838 2014
7234 2 2 2 2 1855 1840 2015
7235 2 2 2 2 2016 1840 2014
7236 2 2 2 2 2016 2015 1840
7237 2 2 2 2 1846 2021 1860
7238 2 2 2 2 1847 2022 1845
7239 2 2 2 2 2022 1846 1845
7240 2 2 2 2 2022 2023 1846
7241 2 2 2 2 2023 2021 1846
7242 2 2 2 2 2024 2022 1847
7243 2 2 2 2 2025 1847 1851
7244 2 2 2 2 2025 2024 1847
7245 2 2 2 2 1850 2026 1848
7246 2 2 2 2 1849 1848 2026
7247 2 2 2 2 1849 2026 1852
7248 2 2 2 2 1850 1853 2027
7249 2 2 2 2 1850 2027 2026
7250 2 2 2 2 1851 1852 2028
7251 2 2 2 2 2025 1851 2028
7252 2 2 2 2 2029 1852 2026
7253 2 2 2 2 2029 2028 1852
7254 2 2 2 2 1854 2030 1853
7255 2 2 2 2 2027 1853 2030
7256 2 2 2 2 1855 2031 1854
7257 2 2 2 2 2030 1854 2031
7258 2 2 2 2 2031 1855 2032
7259 2 2 2 2 1855 2015 2032
7260 2 2 2 2 1861 1856 2033
7261 2 2 2 2 1857 2033 1856
7262 2 2 2 2 2033 1857 2034
7263 2 2 2 2 1858 2034 1857
7264 2 2 2 2 2035 2034 1858
7265 2 2 2 2 1858 1859 2036
7266 2 2 2 2 2035 1858 2036
7267 2 2 2 2 1860 2021 2037
7268 2 2 2 2 1860 2037 1859
7269 2 2 2 2 2037 2036 1859
7270 2 2 2 2 1861 2038 1863
7271 2 2 2 2 2033 2038 1861
7272 2 2 2 2 2039 1884 1862
7273 2 2 2 2 1865 2040 1862
7274 2 2 2 2 2039 1862 2040
7275 2 2 2 2 2041 1863 2038
7276 2 2 2 2 1863 2041 1864
7277 2 2 2 2 2042 2040 1865
7278 2 2 2 2 1864 2042 1865
7279 2 2 2 2 2042 1864 2041
7280 2 2 2 2 2039 2043 1884
7281 2 2 2 2 2045 2044 1866
7282 2 2 2 2 1867 2045 1866
7283 2 2 2 2 1867 2046 2045
7284 2 2 2 2 1868 2046 1867
7285 2 2 2 2 1868 2047 2046
7286 2 2 2 2 1871 2047 1868
7287 2 2 2 2 1869 2048 1870
7288 2 2 2 2 2048 1869 1874
7289 2 2 2 2 1871 2049 2047
7290 2 2 2 2 1870 2049 1871
7291 2 2 2 2 1870 2048 2049
7292 2 2 2 2 1873 1872 2050
7293 2 2 2 2 2050 1872 1875
7294 2 2 2 2 1873 2051 1874
7295 2 2 2 2 1873 2050 2051
7296 2 2 2 2 1874 2052 2048
7297 2 2 2 2 2052 1874 2051
7298 2 2 2 2 1875 2053 2050
7299 2 2 2 2 1875 1877 2054
7300 2 2 2 2 1875 2054 2053
7301 2 2 2 2 2055 1876 1878
7302 2 2 2 2 1877 1876 2055
7303 2 2 2 2 2054 1877 2055
7304 2 2 2 2 2056 1878 1880
7305 2 2 2 2 2057 2055 1878
7306 2 2 2 2 2057 1878 2056
7307 2 2 2 2 1879 2058 1880
7308 2 2 2 2 2056 1880 2058
7309 2 2 2 2 1881 2058 1879
7310 2 2 2 2 1881 2059 2058
7311 2 2 2 2 2059 1881 1883
7312 2 2 2 2 1883 2060 2059
7313 2 2 2 2 1882 2060 1883
7314 2 2 2 2 2060 1882 1884
7315 2 2 2 2 1884 2061 2060
7316 2 2 2 2 2043 2061 1884
7317 2 2 23 23 1885 2064 1886
7318 2 2 23 23 1886 2064 1898
7319 2 2 23 23 2065 1898 2064
7320 2 2 23 23 1890 1889 2068
7321 2 2 23 23 1890 2068 2064
7322 2 2 7 7 2066 2071 2070
7323 2 2 23 23 2073 1894 1895
7324 2 2 23 23 1894 2073 1905
7325 2 2 23 23 2074 1895 1897
7326 2 2 23 23 1895 2074 2073
7327 2 2 23 23 2075 1896 1902
7328 2 2 23 23 1896 2075 1897
7329 2 2 23 23 2076 1897 2075
7330 2 2 23 23 1897 2076 2074
7331 2 2 23 23 2077 1901 1898
7332 2 2 23 23 1898 2065 2077
7333 2 2 23 23 2078 1899 1900
7334 2 2 23 23 1899 2078 1902
7335 2 2 23 23 2079 1900 1901
7336 2 2 23 23 1901 2077 2079
7337 2 2 23 23 1900 2079 2078
7338 2 2 23 23 2080 1902 2078
7339 2 2 23 23 1902 2080 2075
7340 2 2 23 23 1904 2081 1903
7341 2 2 23 23 1903 2081 1940
7342 2 2 23 23 2082 1904 1905
7343 2 2 23 23 2082 2081 1904
7344 2 2 23 23 2073 2083 1905
7345 2 2 23 23 2082 1905 2083
7346 2 2 2 2 1906 2084 1910
7347 2 2 2 2 1906 1907 2084
7348 2 2 2 2 2084 1907 2085
7349 2 2 2 2 1908 2085 1907
7350 2 2 2 2 2086 1908 1933
7351 2 2 2 2 1908 2086 2085
7352 2 2 2 2 2087 1912 1909
7353 2 2 2 2 1910 2087 1909
7354 2 2 2 2 1910 2088 2087
7355 2 2 2 2 2084 2088 1910
7356 2 2 2 2 1914 2089 1911
7357 2 2 2 2 1932 1911 2089
7358 2 2 2 2 2090 1913 1912
7359 2 2 2 2 2087 2090 1912
7360 2 2 2 2 2090 2091 1913
7361 2 2 2 2 1915 2092 1914
7362 2 2 2 2 2089 1914 2092
7363 2 2 2 2 1918 1917 2094
7364 2 2 2 2 1925 2094 1917
7365 2 2 2 2 1918 2095 1919
7366 2 2 2 2 2094 2095 1918
7367 2 2 2 2 1924 1930 2101
7368 2 2 2 2 1924 2101 1925
7369 2 2 2 2 2094 1925 2102
7370 2 2 2 2 2102 1925 2101
7371 2 2 2 2 1927 2103 1926
7372 2 2 2 2 1929 1926 2103
7373 2 2 2 2 2104 1927 1928
7374 2 2 2 2 2104 2103 1927
7375 2 2 2 2 1928 2105 2104
7376 2 2 2 2 1931 2105 1928
7377 2 2 2 2 2103 2106 1929
7378 2 2 2 2 1930 1929 2106
7379 2 2 2 2 1930 2106 2107
7380 2 2 2 2 2107 2101 1930
7381 2 2 2 2 2105 1931 2108
7382 2 2 2 2 1932 2108 1931
7383 2 2 2 2 2108 1932 2109
7384 2 2 2 2 2089 2109 1932
7385 2 2 2 2 1933 1934 2110
7386 2 2 2 2 1933 2110 2086
7387 2 2 2 2 1934 1936 2111
7388 2 2 2 2 1934 2111 2110
7389 2 2 23 23 1935 2112 1937
7390 2 2 23 23 2112 1935 1940
7391 2 2 2 2 1936 1938 2113
7392 2 2 2 2 1936 2113 2111
7393 2 2 23 23 1937 2114 1939
7394 2 2 23 23 2114 1937 2112
7395 2 2 23 23 2113 1938 2115
7396 2 2 23 23 1939 2115 1938
7397 2 2 23 23 2115 1939 2114
7398 2 2 23 23 1940 2116 2112
7399 2 2 23 23 2081 2116 1940
7400 2 2 6 6 1943 2119 2012
7401 2 2 6 6 1944 1945 2119
7402 2 2 6 6 2120 2119 1945
7403 2 2 6 6 1947 2120 1945
7404 2 2 2 2 2121 1946 1948
7405 2 2 6 6 1947 1946 2121
7406 2 2 6 6 1947 2121 2120
7407 2 2 2 2 1948 2122 2121
7408 2 2 2 2 1949 1950 2123
7409 2 2 2 2 1949 2123 1948
7410 2 2 2 2 2122 1948 2123
7411 2 2 2 2 2124 2123 1950
7412 2 2 2 2 2124 1950 2125
7413 2 2 2 2 1950 1954 2126
7414 2 2 2 2 2125 1950 2126
7415 2 2 2 2 1951 1952 2127
7416 2 2 2 2 2127 1959 1951
7417 2 2 2 2 1966 2128 1968
7418 2 2 2 2 1952 1968 2128
7419 2 2 2 2 2128 2127 1952
7420 2 2 2 2 2129 2128 1966
7421 2 2 2 2 2130 1953 1955
7422 2 2 2 2 2131 1954 1953
7423 2 2 2 2 2126 1954 2131
7424 2 2 2 2 2130 2131 1953
7425 2 2 2 2 2130 1955 2132
7426 2 2 2 2 1956 2133 1955
7427 2 2 2 2 2132 1955 2133
7428 2 2 2 2 1958 2133 1956
7429 2 2 2 2 1957 2134 1958
7430 2 2 2 2 1957 1960 2134
7431 2 2 2 2 1958 2135 2133
7432 2 2 2 2 2134 2135 1958
7433 2 2 2 2 2136 1959 2127
7434 2 2 2 2 1959 2137 1960
7435 2 2 2 2 2136 2137 1959
7436 2 2 2 2 2138 2134 1960
7437 2 2 2 2 2137 2138 1960
7438 2 2 2 2 1967 2139 1966
7439 2 2 2 2 2129 1966 2139
7440 2 2 4 4 2140 1979 1989
7441 2 2 2 2 1967 2141 2139
7442 2 2 2 2 1967 2142 2141
7443 2 2 2 2 1962 1964 2143
7444 2 2 2 2 1961 1962 2143
7445 2 2 2 2 1963 2143 1969
7446 2 2 2 2 1963 1961 2143
7447 2 2 2 2 1965 2144 1964
7448 2 2 2 2 1964 2144 2143
7449 2 2 2 2 1966 1968 2145
7450 2 2 2 2 1967 1966 2145
7451 2 2 2 2 1967 2145 2142
7452 2 2 2 2 1969 2143 2146
7453 2 2 2 2 1968 2146 2145
7454 2 2 2 2 1970 1969 2146
7455 2 2 2 2 1970 2146 1968
7456 2 2 2 2 1971 1973 2147
7457 2 2 2 2 1974 1972 2147
7458 2 2 2 2 1972 1971 2147
7459 2 2 4 4 1980 1977 2149
7460 2 2 4 4 1977 1976 2149
7461 2 2 4 4 2149 1976 1978
7462 2 2 4 4 2140 2150 1979
7463 2 2 4 4 2150 1978 1979
7464 2 2 4 4 2149 1978 2150
7465 2 2 4 4 1980 2149 2151
7466 2 2 4 4 1981 1980 2152
7467 2 2 4 4 1980 2151 2152
7468 2 2 4 4 1981 2153 1982
7469 2 2 4 4 2152 2153 1981
7470 2 2 4 4 1984 1983 2154
7471 2 2 4 4 2154 1982 2153
7472 2 2 4 4 1982 2154 1983
7473 2 2 4 4 2155 1984 2154
7474 2 2 4 4 1984 2155 1985
7475 2 2 4 4 2156 1985 2155
7476 2 2 4 4 1986 1985 2156
7477 2 2 4 4 1986 2156 2157
7478 2 2 4 4 1988 1986 2157
7479 2 2 4 4 2159 2140 1989
7480 2 2 4 4 2159 1989 2160
7481 2 2 4 4 2160 1989 1990
7482 2 2 4 4 1990 1991 2160
7483 2 2 4 4 2161 2160 1991
7484 2 2 4 4 1991 1992 2161
7485 2 2 4 4 2161 1992 2162
7486 2 2 4 4 1992 1993 2162
7487 2 2 4 4 2162 1993 2163
7488 2 2 4 4 1993 1994 2163
7489 2 2 4 4 2164 2140 2159
7490 2 2 6 6 1999 2005 2169
7491 2 2 6 6 2174 2175 2004
7492 2 2 6 6 2005 2175 2169
7493 2 2 6 6 2013 2011 2181
7494 2 2 6 6 2012 2119 2181
7495 2 2 6 6 2013 2181 2182
7496 2 2 2 2 2032 2015 2183
7497 2 2 2 2 2184 2014 2017
7498 2 2 2 2 2016 2014 2184
7499 2 2 2 2 2015 2016 2185
7500 2 2 2 2 2016 2184 2185
7501 2 2 2 2 2185 2183 2015
7502 2 2 2 2 2186 2018 2020
7503 2 2 2 2 2187 2017 2018
7504 2 2 2 2 2184 2017 2187
7505 2 2 2 2 2186 2187 2018
7506 2 2 2 2 2189 2020 2188
7507 2 2 2 2 2189 2186 2020
7508 2 2 2 2 2037 2021 2190
7509 2 2 2 2 2023 2191 2021
7510 2 2 2 2 2021 2191 2190
7511 2 2 2 2 2024 2192 2022
7512 2 2 2 2 2023 2192 2191
7513 2 2 2 2 2023 2022 2192
7514 2 2 2 2 2193 2191 2192
7515 2 2 2 2 2025 2028 2194
7516 2 2 2 2 2024 2025 2194
7517 2 2 2 2 2024 2194 2192
7518 2 2 2 2 2027 2030 2195
7519 2 2 2 2 2195 2196 2027
7520 2 2 2 2 2026 2027 2196
7521 2 2 2 2 2029 2026 2196
7522 2 2 2 2 2029 2196 2197
7523 2 2 2 2 2028 2029 2197
7524 2 2 2 2 2028 2197 2194
7525 2 2 2 2 2031 2198 2030
7526 2 2 2 2 2195 2030 2198
7527 2 2 2 2 2032 2199 2031
7528 2 2 2 2 2198 2031 2199
7529 2 2 2 2 2200 2199 2032
7530 2 2 2 2 2200 2032 2183
7531 2 2 2 2 2201 2038 2033
7532 2 2 2 2 2034 2201 2033
7533 2 2 2 2 2202 2038 2201
7534 2 2 2 2 2034 2203 2201
7535 2 2 2 2 2035 2203 2034
7536 2 2 2 2 2035 2036 2204
7537 2 2 2 2 2035 2204 2203
7538 2 2 2 2 2037 2190 2205
7539 2 2 2 2 2036 2037 2205
7540 2 2 2 2 2036 2205 2204
7541 2 2 2 2 2038 2206 2041
7542 2 2 2 2 2202 2206 2038
7543 2 2 2 2 2039 2207 2043
7544 2 2 2 2 2039 2040 2207
7545 2 2 2 2 2042 2208 2040
7546 2 2 2 2 2207 2040 2208
7547 2 2 2 2 2208 2042 2209
7548 2 2 2 2 2206 2209 2041
7549 2 2 2 2 2041 2209 2042
7550 2 2 2 2 2210 2061 2043
7551 2 2 2 2 2210 2043 2211
7552 2 2 2 2 2207 2211 2043
7553 2 2 2 2 2212 2062 2044
7554 2 2 2 2 2045 2212 2044
7555 2 2 2 2 2045 2213 2212
7556 2 2 2 2 2046 2213 2045
7557 2 2 2 2 2046 2214 2213
7558 2 2 2 2 2047 2214 2046
7559 2 2 2 2 2047 2215 2214
7560 2 2 2 2 2049 2215 2047
7561 2 2 2 2 2049 2216 2215
7562 2 2 2 2 2048 2216 2049
7563 2 2 2 2 2048 2052 2216
7564 2 2 2 2 2217 2051 2050
7565 2 2 2 2 2050 2053 2217
7566 2 2 2 2 2218 2052 2051
7567 2 2 2 2 2218 2051 2217
7568 2 2 2 2 2052 2219 2216
7569 2 2 2 2 2218 2219 2052
7570 2 2 2 2 2053 2220 2217
7571 2 2 2 2 2054 2221 2053
7572 2 2 2 2 2053 2221 2220
7573 2 2 2 2 2057 2222 2055
7574 2 2 2 2 2055 2222 2054
7575 2 2 2 2 2221 2054 2222
7576 2 2 2 2 2056 2058 2223
7577 2 2 2 2 2057 2223 2222
7578 2 2 2 2 2057 2056 2223
7579 2 2 2 2 2224 2223 2058
7580 2 2 2 2 2224 2058 2059
7581 2 2 2 2 2224 2059 2225
7582 2 2 2 2 2060 2225 2059
7583 2 2 2 2 2061 2225 2060
7584 2 2 2 2 2061 2226 2225
7585 2 2 2 2 2210 2226 2061
7586 2 2 2 2 2205 2190 2227
7587 2 2 2 2 2228 2063 2062
7588 2 2 2 2 2212 2228 2062
7589 2 2 2 2 2230 2229 2063
7590 2 2 2 2 2228 2230 2063
7591 2 2 23 23 2235 2077 2065
7592 2 2 23 23 2236 2064 2068
7593 2 2 23 23 2064 2236 2065
7594 2 2 23 23 2237 2065 2236
7595 2 2 23 23 2065 2237 2235
7596 2 2 7 7 2070 2238 2066
7597 2 2 7 7 2070 2234 2238
7598 2 2 23 23 2067 2066 2238
7599 2 2 23 23 2068 2067 2238
7600 2 2 23 23 2068 2238 2239
7601 2 2 23 23 2239 2236 2068
7602 2 2 7 7 2070 2241 2234
7603 2 2 7 7 2070 2071 2241
7604 2 2 23 23 2073 2074 2245
7605 2 2 23 23 2245 2083 2073
7606 2 2 23 23 2074 2076 2246
7607 2 2 23 23 2246 2245 2074
7608 2 2 23 23 2247 2075 2080
7609 2 2 23 23 2075 2247 2076
7610 2 2 23 23 2248 2076 2247
7611 2 2 23 23 2248 2246 2076
7612 2 2 23 23 2249 2079 2077
7613 2 2 23 23 2077 2235 2249
7614 2 2 23 23 2250 2078 2079
7615 2 2 23 23 2078 2250 2080
7616 2 2 23 23 2079 2249 2250
7617 2 2 23 23 2251 2080 2250
7618 2 2 23 23 2080 2251 2247
7619 2 2 23 23 2252 2249 2235
7620 2 2 23 23 2082 2253 2081
7621 2 2 23 23 2082 2083 2253
7622 2 2 23 23 2081 2253 2116
7623 2 2 23 23 2083 2245 2254
7624 2 2 23 23 2083 2254 2253
7625 2 2 2 2 2084 2255 2088
7626 2 2 2 2 2085 2255 2084
7627 2 2 2 2 2086 2256 2085
7628 2 2 2 2 2085 2256 2255
7629 2 2 2 2 2110 2257 2086
7630 2 2 2 2 2086 2257 2256
7631 2 2 2 2 2258 2090 2087
7632 2 2 2 2 2088 2258 2087
7633 2 2 2 2 2259 2258 2088
7634 2 2 2 2 2255 2259 2088
7635 2 2 2 2 2092 2260 2089
7636 2 2 2 2 2109 2089 2260
7637 2 2 2 2 2261 2091 2090
7638 2 2 2 2 2258 2261 2090
7639 2 2 2 2 2261 2262 2091
7640 2 2 2 2 2094 2264 2095
7641 2 2 2 2 2264 2094 2102
7642 2 2 2 2 2101 2107 2271
7643 2 2 2 2 2101 2271 2102
7644 2 2 2 2 2102 2272 2264
7645 2 2 2 2 2271 2272 2102
7646 2 2 2 2 2104 2273 2103
7647 2 2 2 2 2106 2103 2273
7648 2 2 2 2 2273 2276 2106
7649 2 2 2 2 2107 2106 2276
7650 2 2 2 2 2276 2277 2107
7651 2 2 2 2 2271 2107 2277
7652 2 2 2 2 2110 2111 2280
7653 2 2 2 2 2110 2280 2257
7654 2 2 2 2 2111 2113 2281
7655 2 2 2 2 2111 2281 2280
7656 2 2 23 23 2112 2282 2114
7657 2 2 23 23 2282 2112 2116
7658 2 2 23 23 2283 2281 2113
7659 2 2 23 23 2115 2283 2113
7660 2 2 23 23 2283 2115 2284
7661 2 2 23 23 2114 2284 2115
7662 2 2 23 23 2284 2114 2282
7663 2 2 23 23 2116 2285 2282
7664 2 2 23 23 2116 2253 2285
7665 2 2 6 6 2289 2181 2119
7666 2 2 6 6 2119 2120 2289
7667 2 2 6 6 2290 2289 2120
7668 2 2 6 6 2120 2121 2291
7669 2 2 6 6 2290 2120 2291
7670 2 2 2 2 2122 2292 2121
7671 2 2 6 6 2292 2291 2121
7672 2 2 2 2 2122 2293 2292
7673 2 2 2 2 2122 2123 2293
7674 2 2 2 2 2293 2123 2294
7675 2 2 2 2 2124 2294 2123
7676 2 2 2 2 2124 2125 2295
7677 2 2 2 2 2124 2295 2294
7678 2 2 2 2 2125 2296 2295
7679 2 2 2 2 2125 2126 2296
7680 2 2 2 2 2297 2126 2131
7681 2 2 2 2 2296 2126 2297
7682 2 2 2 2 2129 2298 2128
7683 2 2 2 2 2127 2128 2298
7684 2 2 2 2 2136 2127 2298
7685 2 2 2 2 2129 2139 2299
7686 2 2 2 2 2129 2299 2298
7687 2 2 2 2 2130 2300 2131
7688 2 2 2 2 2300 2130 2132
7689 2 2 2 2 2301 2297 2131
7690 2 2 2 2 2301 2131 2300
7691 2 2 2 2 2132 2302 2300
7692 2 2 2 2 2302 2132 2303
7693 2 2 2 2 2133 2303 2132
7694 2 2 2 2 2135 2303 2133
7695 2 2 2 2 2134 2304 2135
7696 2 2 2 2 2304 2134 2138
7697 2 2 2 2 2305 2135 2304
7698 2 2 2 2 2305 2303 2135
7699 2 2 2 2 2136 2298 2306
7700 2 2 2 2 2136 2306 2137
7701 2 2 2 2 2137 2307 2138
7702 2 2 2 2 2137 2306 2307
7703 2 2 2 2 2308 2304 2138
7704 2 2 2 2 2308 2138 2307
7705 2 2 2 2 2141 2309 2139
7706 2 2 2 2 2139 2309 2299
7707 2 2 4 4 2164 2310 2140
7708 2 2 4 4 2310 2150 2140
7709 2 2 2 2 2142 2145 2311
7710 2 2 2 2 2141 2312 2309
7711 2 2 2 2 2142 2311 2312
7712 2 2 2 2 2141 2142 2312
7713 2 2 2 2 2146 2143 2313
7714 2 2 2 2 2143 2144 2313
7715 2 2 2 2 2314 2146 2313
7716 2 2 2 2 2145 2146 2314
7717 2 2 2 2 2311 2145 2314
7718 2 2 4 4 2316 2149 2150
7719 2 2 4 4 2151 2149 2316
7720 2 2 4 4 2150 2310 2316
7721 2 2 4 4 2317 2151 2316
7722 2 2 4 4 2152 2151 2318
7723 2 2 4 4 2317 2318 2151
7724 2 2 4 4 2152 2318 2153
7725 2 2 4 4 2319 2153 2318
7726 2 2 4 4 2153 2319 2154
7727 2 2 4 4 2154 2319 2155
7728 2 2 4 4 2319 2320 2155
7729 2 2 4 4 2155 2320 2156
7730 2 2 4 4 2156 2320 2157
7731 2 2 4 4 2164 2159 2322
7732 2 2 4 4 2159 2160 2322
7733 2 2 4 4 2322 2160 2323
7734 2 2 4 4 2323 2160 2161
7735 2 2 4 4 2323 2161 2324
7736 2 2 4 4 2324 2161 2162
7737 2 2 4 4 2324 2162 2325
7738 2 2 4 4 2162 2163 2325
7739 2 2 4 4 2164 2326 2310
7740 2 2 4 4 2164 2322 2326
7741 2 2 6 6 2168 2169 2329
7742 2 2 6 6 2168 2329 2167
7743 2 2 6 6 2330 2329 2169
7744 2 2 6 6 2331 2169 2175
7745 2 2 6 6 2169 2331 2330
7746 2 2 6 6 2332 2330 2331
7747 2 2 6 6 2174 2337 2175
7748 2 2 6 6 2338 2175 2337
7749 2 2 6 6 2175 2338 2331
7750 2 2 6 6 2344 2182 2181
7751 2 2 6 6 2181 2289 2344
7752 2 2 6 6 2345 2333 2182
7753 2 2 6 6 2182 2344 2345
7754 2 2 2 2 2189 2346 2186
7755 2 2 2 2 2200 2183 2347
7756 2 2 2 2 2183 2185 2348
7757 2 2 2 2 2348 2347 2183
7758 2 2 2 2 2184 2187 2349
7759 2 2 2 2 2185 2184 2349
7760 2 2 2 2 2348 2185 2349
7761 2 2 2 2 2187 2186 2350
7762 2 2 2 2 2350 2349 2187
7763 2 2 2 2 2346 2350 2186
7764 2 2 2 2 2188 2270 2351
7765 2 2 2 2 2189 2188 2351
7766 2 2 2 2 2189 2351 2346
7767 2 2 2 2 2352 2346 2351
7768 2 2 2 2 2190 2191 2353
7769 2 2 2 2 2190 2353 2227
7770 2 2 2 2 2193 2354 2191
7771 2 2 2 2 2354 2353 2191
7772 2 2 2 2 2355 2354 2193
7773 2 2 2 2 2192 2194 2356
7774 2 2 2 2 2356 2193 2192
7775 2 2 2 2 2357 2193 2356
7776 2 2 2 2 2357 2355 2193
7777 2 2 2 2 2195 2198 2358
7778 2 2 2 2 2194 2197 2359
7779 2 2 2 2 2359 2356 2194
7780 2 2 2 2 2195 2360 2196
7781 2 2 2 2 2360 2195 2358
7782 2 2 2 2 2360 2361 2196
7783 2 2 2 2 2197 2196 2361
7784 2 2 2 2 2361 2359 2197
7785 2 2 2 2 2199 2362 2198
7786 2 2 2 2 2358 2198 2362
7787 2 2 2 2 2200 2363 2199
7788 2 2 2 2 2347 2363 2200
7789 2 2 2 2 2199 2363 2362
7790 2 2 2 2 2202 2201 2364
7791 2 2 2 2 2364 2201 2203
7792 2 2 2 2 2202 2365 2206
7793 2 2 2 2 2365 2202 2364
7794 2 2 2 2 2366 2364 2203
7795 2 2 2 2 2204 2367 2203
7796 2 2 2 2 2366 2203 2367
7797 2 2 2 2 2227 2368 2205
7798 2 2 2 2 2204 2205 2368
7799 2 2 2 2 2368 2367 2204
7800 2 2 2 2 2206 2369 2209
7801 2 2 2 2 2365 2369 2206
7802 2 2 2 2 2208 2370 2207
7803 2 2 2 2 2211 2207 2370
7804 2 2 2 2 2371 2208 2209
7805 2 2 2 2 2371 2370 2208
7806 2 2 2 2 2371 2209 2369
7807 2 2 2 2 2210 2372 2226
7808 2 2 2 2 2210 2211 2372
7809 2 2 2 2 2373 2372 2211
7810 2 2 2 2 2370 2373 2211
7811 2 2 2 2 2212 2374 2228
7812 2 2 2 2 2213 2374 2212
7813 2 2 2 2 2213 2375 2374
7814 2 2 2 2 2214 2375 2213
7815 2 2 2 2 2214 2376 2375
7816 2 2 2 2 2215 2376 2214
7817 2 2 2 2 2215 2377 2376
7818 2 2 2 2 2216 2377 2215
7819 2 2 2 2 2219 2377 2216
7820 2 2 2 2 2218 2378 2219
7821 2 2 2 2 2218 2217 2378
7822 2 2 2 2 2217 2220 2378
7823 2 2 2 2 2379 2377 2219
7824 2 2 2 2 2219 2378 2379
7825 2 2 2 2 2220 2380 2378
7826 2 2 2 2 2220 2381 2380
7827 2 2 2 2 2381 2220 2221
7828 2 2 2 2 2222 2223 2382
7829 2 2 2 2 2222 2382 2221
7830 2 2 2 2 2221 2382 2381
7831 2 2 2 2 2224 2383 2223
7832 2 2 2 2 2383 2382 2223
7833 2 2 2 2 2224 2225 2383
7834 2 2 2 2 2384 2383 2225
7835 2 2 2 2 2226 2384 2225
7836 2 2 2 2 2385 2384 2226
7837 2 2 2 2 2226 2372 2385
7838 2 2 2 2 2386 2368 2227
7839 2 2 2 2 2227 2353 2387
7840 2 2 2 2 2386 2227 2387
7841 2 2 2 2 2230 2228 2388
7842 2 2 2 2 2374 2388 2228
7843 2 2 2 2 2389 2231 2229
7844 2 2 2 2 2230 2389 2229
7845 2 2 2 2 2390 2389 2230
7846 2 2 2 2 2388 2390 2230
7847 2 2 2 2 2391 2232 2231
7848 2 2 2 2 2231 2389 2391
7849 2 2 2 2 2392 2233 2232
7850 2 2 2 2 2232 2391 2392
7851 2 2 2 2 2233 2392 2393
7852 2 2 2 2 2393 2394 2233
7853 2 2 7 7 2396 2243 2244
7854 2 2 7 7 2243 2396 2397
7855 2 2 7 7 2234 2241 2398
7856 2 2 7 7 2234 2399 2238
7857 2 2 7 7 2234 2398 2399
7858 2 2 23 23 2237 2400 2235
7859 2 2 23 23 2235 2400 2252
7860 2 2 23 23 2239 2401 2236
7861 2 2 23 23 2237 2401 2400
7862 2 2 23 23 2236 2401 2237
7863 2 2 7 7 2399 2402 2238
7864 2 2 23 23 2239 2238 2402
7865 2 2 23 23 2239 2402 2401
7866 2 2 7 7 2398 2241 2403
7867 2 2 7 7 2397 2398 2403
7868 2 2 7 7 2243 2397 2403
7869 2 2 7 7 2406 2243 2403
7870 2 2 7 7 2406 2407 2243
7871 2 2 7 7 2244 2243 2407
7872 2 2 7 7 2244 2407 2408
7873 2 2 7 7 2244 2409 2396
7874 2 2 7 7 2408 2409 2244
7875 2 2 7 7 2409 2410 2396
7876 2 2 23 23 2248 2411 2246
7877 2 2 23 23 2245 2246 2412
7878 2 2 23 23 2245 2412 2254
7879 2 2 23 23 2411 2412 2246
7880 2 2 23 23 2247 2251 2413
7881 2 2 23 23 2248 2247 2413
7882 2 2 23 23 2248 2413 2411
7883 2 2 23 23 2414 2411 2413
7884 2 2 23 23 2249 2415 2250
7885 2 2 23 23 2250 2415 2251
7886 2 2 23 23 2249 2252 2415
7887 2 2 23 23 2416 2251 2415
7888 2 2 23 23 2416 2413 2251
7889 2 2 23 23 2417 2415 2252
7890 2 2 23 23 2417 2252 2418
7891 2 2 23 23 2418 2252 2400
7892 2 2 7 7 2420 2288 2422
7893 2 2 7 7 2422 2288 2419
7894 2 2 7 7 2423 2419 2424
7895 2 2 23 23 2285 2253 2425
7896 2 2 23 23 2254 2425 2253
7897 2 2 23 23 2426 2254 2412
7898 2 2 23 23 2426 2425 2254
7899 2 2 2 2 2256 2427 2255
7900 2 2 2 2 2255 2427 2259
7901 2 2 2 2 2257 2428 2256
7902 2 2 2 2 2256 2428 2427
7903 2 2 2 2 2257 2280 2429
7904 2 2 2 2 2257 2429 2428
7905 2 2 2 2 2430 2261 2258
7906 2 2 2 2 2259 2430 2258
7907 2 2 2 2 2431 2430 2259
7908 2 2 2 2 2427 2431 2259
7909 2 2 2 2 2433 2262 2261
7910 2 2 2 2 2430 2433 2261
7911 2 2 2 2 2433 2434 2262
7912 2 2 2 2 2267 2266 2437
7913 2 2 2 2 2436 2437 2266
7914 2 2 2 2 2438 2268 2267
7915 2 2 2 2 2437 2438 2267
7916 2 2 2 2 2269 2268 2439
7917 2 2 2 2 2438 2439 2268
7918 2 2 2 2 2270 2269 2440
7919 2 2 2 2 2439 2440 2269
7920 2 2 2 2 2270 2441 2351
7921 2 2 2 2 2270 2440 2441
7922 2 2 2 2 2277 2442 2271
7923 2 2 2 2 2272 2271 2442
7924 2 2 2 2 2280 2281 2451
7925 2 2 2 2 2280 2451 2429
7926 2 2 23 23 2452 2451 2281
7927 2 2 23 23 2283 2452 2281
7928 2 2 23 23 2282 2453 2284
7929 2 2 23 23 2285 2453 2282
7930 2 2 23 23 2452 2283 2454
7931 2 2 23 23 2284 2454 2283
7932 2 2 23 23 2454 2284 2453
7933 2 2 23 23 2285 2455 2453
7934 2 2 23 23 2425 2455 2285
7935 2 2 7 7 2456 2457 2327
7936 2 2 7 7 2460 2461 2421
7937 2 2 7 7 2421 2461 2420
7938 2 2 7 7 2420 2462 2288
7939 2 2 7 7 2461 2462 2420
7940 2 2 7 7 2288 2463 2419
7941 2 2 7 7 2419 2463 2424
7942 2 2 7 7 2462 2464 2288
7943 2 2 7 7 2288 2464 2463
7944 2 2 7 7 2463 2465 2424
7945 2 2 6 6 2466 2344 2289
7946 2 2 6 6 2290 2466 2289
7947 2 2 6 6 2290 2291 2467
7948 2 2 6 6 2290 2467 2466
7949 2 2 6 6 2291 2292 2468
7950 2 2 6 6 2468 2467 2291
7951 2 2 2 2 2293 2469 2292
7952 2 2 6 6 2469 2468 2292
7953 2 2 2 2 2469 2293 2470
7954 2 2 2 2 2294 2470 2293
7955 2 2 2 2 2470 2294 2471
7956 2 2 2 2 2295 2471 2294
7957 2 2 2 2 2471 2295 2472
7958 2 2 2 2 2295 2296 2472
7959 2 2 2 2 2296 2297 2473
7960 2 2 2 2 2473 2472 2296
7961 2 2 2 2 2301 2474 2297
7962 2 2 2 2 2473 2297 2474
7963 2 2 2 2 2299 2309 2475
7964 2 2 2 2 2299 2475 2476
7965 2 2 2 2 2298 2299 2476
7966 2 2 2 2 2306 2298 2476
7967 2 2 2 2 2301 2477 2474
7968 2 2 2 2 2301 2300 2477
7969 2 2 2 2 2302 2477 2300
7970 2 2 2 2 2478 2477 2302
7971 2 2 2 2 2479 2302 2303
7972 2 2 2 2 2478 2302 2479
7973 2 2 2 2 2479 2303 2480
7974 2 2 2 2 2305 2480 2303
7975 2 2 2 2 2305 2304 2481
7976 2 2 2 2 2305 2481 2480
7977 2 2 2 2 2308 2481 2304
7978 2 2 2 2 2306 2476 2482
7979 2 2 2 2 2307 2306 2482
7980 2 2 2 2 2308 2483 2481
7981 2 2 2 2 2308 2307 2483
7982 2 2 2 2 2307 2482 2483
7983 2 2 2 2 2309 2312 2484
7984 2 2 2 2 2309 2484 2475
7985 2 2 4 4 2310 2326 2485
7986 2 2 4 4 2310 2485 2316
7987 2 2 2 2 2311 2314 2486
7988 2 2 2 2 2311 2486 2312
7989 2 2 2 2 2312 2486 2487
7990 2 2 2 2 2484 2312 2487
7991 2 2 2 2 2314 2488 2486
7992 2 2 2 2 2314 2313 2488
7993 2 2 4 4 2317 2316 2489
7994 2 2 4 4 2489 2316 2485
7995 2 2 4 4 2317 2489 2318
7996 2 2 4 4 2319 2490 2320
7997 2 2 4 4 2318 2490 2319
7998 2 2 4 4 2318 2489 2490
7999 2 2 4 4 2326 2322 2492
8000 2 2 4 4 2322 2323 2492
8001 2 2 4 4 2492 2323 2493
8002 2 2 4 4 2324 2493 2323
8003 2 2 4 4 2493 2324 2494
8004 2 2 4 4 2325 2494 2324
8005 2 2 4 4 2326 2495 2485
8006 2 2 4 4 2326 2492 2495
8007 2 2 6 6 2329 2496 2328
8008 2 2 6 6 2328 2496 2327
8009 2 2 7 7 2327 2496 2456
8010 2 2 7 7 2458 2456 2496
8011 2 2 6 6 2330 2332 2497
8012 2 2 6 6 2329 2498 2496
8013 2 2 6 6 2498 2329 2330
8014 2 2 6 6 2497 2498 2330
8015 2 2 7 7 2458 2496 2499
8016 2 2 6 6 2500 2331 2338
8017 2 2 6 6 2332 2331 2500
8018 2 2 6 6 2332 2501 2497
8019 2 2 6 6 2332 2500 2501
8020 2 2 6 6 2502 2340 2334
8021 2 2 6 6 2503 2336 2333
8022 2 2 6 6 2333 2345 2503
8023 2 2 6 6 2504 2334 2335
8024 2 2 6 6 2334 2504 2502
8025 2 2 6 6 2505 2335 2336
8026 2 2 6 6 2335 2505 2504
8027 2 2 6 6 2336 2503 2505
8028 2 2 6 6 2506 2337 2339
8029 2 2 6 6 2337 2506 2338
8030 2 2 6 6 2507 2338 2506
8031 2 2 6 6 2338 2507 2500
8032 2 2 6 6 2508 2339 2341
8033 2 2 6 6 2339 2508 2506
8034 2 2 6 6 2509 2342 2340
8035 2 2 6 6 2340 2502 2509
8036 2 2 6 6 2510 2341 2343
8037 2 2 6 6 2341 2510 2508
8038 2 2 6 6 2511 2343 2342
8039 2 2 6 6 2343 2511 2510
8040 2 2 6 6 2342 2509 2511
8041 2 2 6 6 2512 2345 2344
8042 2 2 6 6 2344 2466 2512
8043 2 2 6 6 2513 2503 2345
8044 2 2 6 6 2345 2512 2513
8045 2 2 2 2 2350 2346 2514
8046 2 2 2 2 2352 2514 2346
8047 2 2 2 2 2348 2349 2515
8048 2 2 2 2 2347 2348 2515
8049 2 2 2 2 2347 2515 2363
8050 2 2 2 2 2349 2350 2516
8051 2 2 2 2 2516 2515 2349
8052 2 2 2 2 2514 2516 2350
8053 2 2 2 2 2517 2351 2441
8054 2 2 2 2 2352 2351 2517
8055 2 2 2 2 2352 2517 2518
8056 2 2 2 2 2352 2518 2514
8057 2 2 2 2 2353 2354 2519
8058 2 2 2 2 2519 2387 2353
8059 2 2 2 2 2354 2355 2520
8060 2 2 2 2 2520 2519 2354
8061 2 2 2 2 2521 2520 2355
8062 2 2 2 2 2358 2362 2522
8063 2 2 2 2 2357 2523 2355
8064 2 2 2 2 2521 2355 2523
8065 2 2 2 2 2356 2359 2524
8066 2 2 2 2 2357 2356 2524
8067 2 2 2 2 2357 2524 2523
8068 2 2 2 2 2360 2358 2525
8069 2 2 2 2 2525 2358 2522
8070 2 2 2 2 2359 2361 2526
8071 2 2 2 2 2526 2524 2359
8072 2 2 2 2 2361 2360 2527
8073 2 2 2 2 2527 2526 2361
8074 2 2 2 2 2527 2360 2525
8075 2 2 2 2 2525 2522 2528
8076 2 2 2 2 2362 2363 2529
8077 2 2 2 2 2522 2362 2529
8078 2 2 2 2 2363 2515 2530
8079 2 2 2 2 2530 2529 2363
8080 2 2 2 2 2365 2364 2531
8081 2 2 2 2 2365 2531 2369
8082 2 2 2 2 2366 2531 2364
8083 2 2 2 2 2366 2532 2531
8084 2 2 2 2 2366 2367 2532
8085 2 2 2 2 2386 2533 2368
8086 2 2 2 2 2368 2533 2367
8087 2 2 2 2 2367 2533 2532
8088 2 2 2 2 2531 2534 2369
8089 2 2 2 2 2535 2385 2372
8090 2 2 2 2 2370 2536 2373
8091 2 2 2 2 2371 2369 2536
8092 2 2 2 2 2371 2536 2370
8093 2 2 2 2 2534 2536 2369
8094 2 2 2 2 2372 2537 2535
8095 2 2 2 2 2373 2537 2372
8096 2 2 2 2 2373 2536 2537
8097 2 2 2 2 2374 2538 2388
8098 2 2 2 2 2375 2538 2374
8099 2 2 2 2 2375 2539 2538
8100 2 2 2 2 2376 2539 2375
8101 2 2 2 2 2540 2380 2381
8102 2 2 2 2 2376 2541 2539
8103 2 2 2 2 2541 2376 2377
8104 2 2 2 2 2542 2541 2377
8105 2 2 2 2 2379 2542 2377
8106 2 2 2 2 2379 2543 2542
8107 2 2 2 2 2379 2378 2543
8108 2 2 2 2 2380 2543 2378
8109 2 2 2 2 2544 2543 2380
8110 2 2 2 2 2380 2540 2544
8111 2 2 2 2 2540 2381 2545
8112 2 2 2 2 2545 2381 2382
8113 2 2 2 2 2546 2382 2383
8114 2 2 2 2 2545 2382 2546
8115 2 2 2 2 2384 2546 2383
8116 2 2 2 2 2547 2546 2384
8117 2 2 2 2 2385 2547 2384
8118 2 2 2 2 2548 2547 2385
8119 2 2 2 2 2548 2385 2535
8120 2 2 2 2 2386 2387 2549
8121 2 2 2 2 2386 2549 2533
8122 2 2 2 2 2387 2519 2550
8123 2 2 2 2 2387 2550 2549
8124 2 2 2 2 2551 2390 2388
8125 2 2 2 2 2538 2551 2388
8126 2 2 2 2 2552 2391 2389
8127 2 2 2 2 2390 2552 2389
8128 2 2 2 2 2553 2552 2390
8129 2 2 2 2 2551 2553 2390
8130 2 2 2 2 2554 2392 2391
8131 2 2 2 2 2391 2552 2554
8132 2 2 2 2 2392 2555 2393
8133 2 2 2 2 2392 2554 2555
8134 2 2 2 2 2556 2393 2555
8135 2 2 2 2 2557 2395 2394
8136 2 2 2 2 2394 2393 2557
8137 2 2 2 2 2556 2557 2393
8138 2 2 2 2 2558 2395 2557
8139 2 2 2 2 2558 2559 2395
8140 2 2 7 7 2396 2410 2560
8141 2 2 7 7 2396 2560 2397
8142 2 2 7 7 2397 2561 2398
8143 2 2 7 7 2561 2397 2560
8144 2 2 7 7 2399 2398 2562
8145 2 2 7 7 2561 2562 2398
8146 2 2 7 7 2399 2563 2402
8147 2 2 7 7 2562 2563 2399
8148 2 2 23 23 2564 2400 2401
8149 2 2 23 23 2400 2564 2418
8150 2 2 7 7 2563 2565 2402
8151 2 2 23 23 2402 2565 2401
8152 2 2 23 23 2401 2565 2564
8153 2 2 7 7 2403 2566 2406
8154 2 2 7 7 2406 2566 2568
8155 2 2 7 7 2407 2406 2568
8156 2 2 7 7 2407 2568 2569
8157 2 2 7 7 2408 2407 2569
8158 2 2 7 7 2408 2569 2570
8159 2 2 7 7 2409 2408 2570
8160 2 2 7 7 2570 2569 2571
8161 2 2 7 7 2410 2409 2572
8162 2 2 7 7 2570 2572 2409
8163 2 2 7 7 2410 2573 2560
8164 2 2 7 7 2410 2572 2573
8165 2 2 23 23 2411 2574 2412
8166 2 2 23 23 2411 2414 2574
8167 2 2 23 23 2426 2412 2574
8168 2 2 23 23 2416 2575 2413
8169 2 2 23 23 2414 2413 2575
8170 2 2 23 23 2414 2575 2576
8171 2 2 23 23 2414 2576 2574
8172 2 2 23 23 2416 2577 2575
8173 2 2 23 23 2416 2415 2577
8174 2 2 23 23 2417 2577 2415
8175 2 2 23 23 2417 2418 2578
8176 2 2 23 23 2417 2578 2577
8177 2 2 23 23 2579 2418 2564
8178 2 2 23 23 2418 2579 2578
8179 2 2 7 7 2419 2581 2422
8180 2 2 7 7 2423 2580 2581
8181 2 2 7 7 2423 2581 2419
8182 2 2 7 7 2421 2582 2460
8183 2 2 7 7 2420 2422 2583
8184 2 2 7 7 2421 2420 2583
8185 2 2 7 7 2421 2583 2582
8186 2 2 7 7 2422 2584 2583
8187 2 2 7 7 2422 2581 2584
8188 2 2 7 7 2586 2585 2580
8189 2 2 7 7 2423 2586 2580
8190 2 2 7 7 2423 2424 2586
8191 2 2 7 7 2424 2587 2586
8192 2 2 7 7 2424 2465 2587
8193 2 2 7 7 2589 2465 2588
8194 2 2 7 7 2589 2587 2465
8195 2 2 23 23 2425 2590 2455
8196 2 2 23 23 2426 2574 2590
8197 2 2 23 23 2426 2590 2425
8198 2 2 2 2 2427 2428 2591
8199 2 2 2 2 2591 2431 2427
8200 2 2 2 2 2428 2429 2592
8201 2 2 2 2 2428 2592 2591
8202 2 2 2 2 2429 2451 2593
8203 2 2 2 2 2429 2593 2592
8204 2 2 2 2 2594 2433 2430
8205 2 2 2 2 2430 2431 2594
8206 2 2 2 2 2431 2591 2595
8207 2 2 2 2 2595 2594 2431
8208 2 2 2 2 2434 2597 2596
8209 2 2 2 2 2434 2433 2597
8210 2 2 2 2 2433 2594 2597
8211 2 2 2 2 2441 2598 2517
8212 2 2 2 2 2600 2436 2599
8213 2 2 2 2 2436 2600 2437
8214 2 2 2 2 2601 2438 2437
8215 2 2 2 2 2601 2437 2600
8216 2 2 2 2 2602 2439 2438
8217 2 2 2 2 2601 2602 2438
8218 2 2 2 2 2603 2602 2601
8219 2 2 2 2 2439 2604 2440
8220 2 2 2 2 2602 2604 2439
8221 2 2 2 2 2440 2605 2441
8222 2 2 2 2 2440 2604 2605
8223 2 2 2 2 2598 2441 2605
8224 2 2 2 2 2608 2445 2609
8225 2 2 2 2 2446 2609 2445
8226 2 2 2 2 2610 2446 2449
8227 2 2 2 2 2446 2610 2609
8228 2 2 2 2 2613 2449 2450
8229 2 2 2 2 2449 2613 2610
8230 2 2 2 2 2614 2450 2596
8231 2 2 2 2 2450 2614 2613
8232 2 2 23 23 2615 2593 2451
8233 2 2 23 23 2452 2615 2451
8234 2 2 23 23 2616 2615 2452
8235 2 2 23 23 2454 2616 2452
8236 2 2 23 23 2454 2617 2616
8237 2 2 23 23 2453 2617 2454
8238 2 2 23 23 2617 2453 2455
8239 2 2 23 23 2455 2618 2617
8240 2 2 23 23 2455 2590 2618
8241 2 2 7 7 2456 2619 2457
8242 2 2 7 7 2456 2458 2619
8243 2 2 7 7 2620 2619 2458
8244 2 2 7 7 2458 2499 2620
8245 2 2 7 7 2499 2621 2620
8246 2 2 7 7 2624 2582 2623
8247 2 2 7 7 2624 2460 2582
8248 2 2 7 7 2461 2460 2625
8249 2 2 7 7 2460 2624 2626
8250 2 2 7 7 2626 2625 2460
8251 2 2 7 7 2625 2627 2461
8252 2 2 7 7 2461 2627 2462
8253 2 2 7 7 2628 2462 2627
8254 2 2 7 7 2628 2464 2462
8255 2 2 7 7 2463 2629 2465
8256 2 2 7 7 2464 2629 2463
8257 2 2 7 7 2630 2629 2464
8258 2 2 7 7 2628 2630 2464
8259 2 2 7 7 2629 2631 2465
8260 2 2 7 7 2588 2465 2631
8261 2 2 7 7 2627 2625 2632
8262 2 2 6 6 2633 2512 2466
8263 2 2 6 6 2466 2467 2633
8264 2 2 6 6 2467 2468 2634
8265 2 2 6 6 2634 2633 2467
8266 2 2 6 6 2468 2469 2635
8267 2 2 6 6 2635 2634 2468
8268 2 2 2 2 2470 2636 2469
8269 2 2 6 6 2635 2469 2636
8270 2 2 2 2 2636 2470 2637
8271 2 2 2 2 2471 2637 2470
8272 2 2 2 2 2471 2638 2637
8273 2 2 2 2 2472 2638 2471
8274 2 2 2 2 2472 2639 2638
8275 2 2 2 2 2473 2639 2472
8276 2 2 2 2 2473 2474 2639
8277 2 2 2 2 2474 2477 2640
8278 2 2 2 2 2474 2640 2639
8279 2 2 2 2 2475 2484 2641
8280 2 2 2 2 2641 2642 2475
8281 2 2 2 2 2476 2475 2642
8282 2 2 2 2 2642 2643 2476
8283 2 2 2 2 2482 2476 2643
8284 2 2 2 2 2644 2640 2477
8285 2 2 2 2 2478 2644 2477
8286 2 2 2 2 2478 2479 2645
8287 2 2 2 2 2645 2644 2478
8288 2 2 2 2 2480 2646 2479
8289 2 2 2 2 2645 2479 2646
8290 2 2 2 2 2646 2480 2647
8291 2 2 2 2 2481 2647 2480
8292 2 2 2 2 2481 2483 2647
8293 2 2 2 2 2482 2643 2648
8294 2 2 2 2 2483 2482 2648
8295 2 2 2 2 2649 2647 2483
8296 2 2 2 2 2649 2483 2648
8297 2 2 2 2 2484 2487 2650
8298 2 2 2 2 2641 2484 2650
8299 2 2 4 4 2651 2485 2495
8300 2 2 4 4 2485 2651 2489
8301 2 2 2 2 2487 2652 2650
8302 2 2 2 2 2486 2488 2653
8303 2 2 2 2 2487 2653 2652
8304 2 2 2 2 2487 2486 2653
8305 2 2 4 4 2654 2489 2651
8306 2 2 4 4 2489 2654 2490
8307 2 2 4 4 2495 2492 2656
8308 2 2 4 4 2492 2493 2656
8309 2 2 4 4 2656 2493 2657
8310 2 2 4 4 2494 2657 2493
8311 2 2 4 4 2658 2495 2656
8312 2 2 4 4 2658 2651 2495
8313 2 2 6 6 2659 2497 2501
8314 2 2 7 7 2496 2660 2499
8315 2 2 6 6 2498 2660 2496
8316 2 2 6 6 2498 2497 2660
8317 2 2 6 6 2497 2659 2660
8318 2 2 7 7 2499 2660 2661
8319 2 2 7 7 2621 2499 2661
8320 2 2 6 6 2507 2662 2500
8321 2 2 6 6 2501 2500 2663
8322 2 2 6 6 2663 2500 2662
8323 2 2 6 6 2659 2501 2664
8324 2 2 6 6 2501 2663 2664
8325 2 2 6 6 2665 2502 2504
8326 2 2 6 6 2666 2509 2502
8327 2 2 6 6 2502 2665 2666
8328 2 2 6 6 2667 2505 2503
8329 2 2 6 6 2503 2513 2667
8330 2 2 6 6 2668 2504 2505
8331 2 2 6 6 2504 2668 2665
8332 2 2 6 6 2505 2667 2668
8333 2 2 6 6 2669 2665 2668
8334 2 2 6 6 2670 2506 2508
8335 2 2 6 6 2506 2670 2507
8336 2 2 6 6 2671 2507 2670
8337 2 2 6 6 2671 2662 2507
8338 2 2 6 6 2672 2508 2510
8339 2 2 6 6 2508 2672 2670
8340 2 2 6 6 2673 2511 2509
8341 2 2 6 6 2509 2666 2673
8342 2 2 6 6 2674 2510 2511
8343 2 2 6 6 2510 2674 2672
8344 2 2 6 6 2511 2673 2674
8345 2 2 6 6 2675 2673 2666
8346 2 2 6 6 2676 2667 2513
8347 2 2 6 6 2513 2512 2677
8348 2 2 6 6 2676 2513 2677
8349 2 2 6 6 2512 2633 2677
8350 2 2 6 6 2671 2678 2662
8351 2 2 2 2 2514 2679 2516
8352 2 2 2 2 2518 2679 2514
8353 2 2 2 2 2515 2516 2680
8354 2 2 2 2 2680 2530 2515
8355 2 2 2 2 2680 2516 2679
8356 2 2 2 2 2517 2598 2681
8357 2 2 2 2 2518 2517 2681
8358 2 2 2 2 2518 2681 2682
8359 2 2 2 2 2679 2518 2682
8360 2 2 2 2 2683 2550 2519
8361 2 2 2 2 2684 2519 2520
8362 2 2 2 2 2684 2683 2519
8363 2 2 2 2 2521 2685 2520
8364 2 2 2 2 2684 2520 2685
8365 2 2 2 2 2521 2523 2686
8366 2 2 2 2 2521 2686 2685
8367 2 2 2 2 2687 2686 2523
8368 2 2 2 2 2522 2529 2688
8369 2 2 2 2 2528 2522 2688
8370 2 2 2 2 2524 2526 2689
8371 2 2 2 2 2524 2689 2523
8372 2 2 2 2 2687 2523 2689
8373 2 2 2 2 2527 2690 2526
8374 2 2 2 2 2527 2525 2690
8375 2 2 2 2 2526 2690 2689
8376 2 2 2 2 2528 2690 2525
8377 2 2 2 2 2528 2688 2691
8378 2 2 2 2 2528 2691 2690
8379 2 2 2 2 2687 2689 2692
8380 2 2 2 2 2529 2530 2693
8381 2 2 2 2 2688 2529 2693
8382 2 2 2 2 2530 2680 2694
8383 2 2 2 2 2694 2693 2530
8384 2 2 2 2 2532 2695 2531
8385 2 2 2 2 2534 2531 2695
8386 2 2 2 2 2532 2533 2696
8387 2 2 2 2 2532 2696 2695
8388 2 2 2 2 2549 2697 2533
8389 2 2 2 2 2697 2696 2533
8390 2 2 2 2 2548 2535 2698
8391 2 2 2 2 2534 2699 2536
8392 2 2 2 2 2534 2695 2699
8393 2 2 2 2 2535 2537 2700
8394 2 2 2 2 2535 2700 2698
8395 2 2 2 2 2537 2701 2700
8396 2 2 2 2 2537 2536 2701
8397 2 2 2 2 2699 2701 2536
8398 2 2 2 2 2702 2551 2538
8399 2 2 2 2 2538 2539 2702
8400 2 2 2 2 2703 2702 2539
8401 2 2 2 2 2539 2541 2703
8402 2 2 2 2 2540 2704 2544
8403 2 2 2 2 2540 2545 2704
8404 2 2 2 2 2705 2703 2541
8405 2 2 2 2 2542 2705 2541
8406 2 2 2 2 2542 2706 2705
8407 2 2 2 2 2543 2706 2542
8408 2 2 2 2 2543 2544 2706
8409 2 2 2 2 2707 2706 2544
8410 2 2 2 2 2707 2544 2704
8411 2 2 2 2 2545 2708 2704
8412 2 2 2 2 2546 2708 2545
8413 2 2 2 2 2547 2708 2546
8414 2 2 2 2 2709 2708 2547
8415 2 2 2 2 2548 2709 2547
8416 2 2 2 2 2548 2698 2709
8417 2 2 2 2 2710 2709 2698
8418 2 2 2 2 2550 2711 2549
8419 2 2 2 2 2549 2711 2697
8420 2 2 2 2 2683 2712 2550
8421 2 2 2 2 2550 2712 2711
8422 2 2 2 2 2713 2553 2551
8423 2 2 2 2 2551 2702 2713
8424 2 2 2 2 2714 2554 2552
8425 2 2 2 2 2553 2714 2552
8426 2 2 2 2 2715 2714 2553
8427 2 2 2 2 2553 2713 2715
8428 2 2 2 2 2716 2555 2554
8429 2 2 2 2 2554 2714 2716
8430 2 2 2 2 2717 2555 2716
8431 2 2 2 2 2556 2555 2718
8432 2 2 2 2 2717 2718 2555
8433 2 2 2 2 2556 2719 2557
8434 2 2 2 2 2556 2718 2719
8435 2 2 2 2 2558 2557 2720
8436 2 2 2 2 2720 2557 2719
8437 2 2 2 2 2558 2721 2559
8438 2 2 2 2 2558 2720 2721
8439 2 2 7 7 2560 2723 2561
8440 2 2 7 7 2561 2723 2562
8441 2 2 7 7 2560 2573 2723
8442 2 2 7 7 2563 2562 2724
8443 2 2 7 7 2723 2724 2562
8444 2 2 7 7 2563 2725 2565
8445 2 2 7 7 2724 2725 2563
8446 2 2 7 7 2725 2726 2565
8447 2 2 23 23 2726 2564 2565
8448 2 2 23 23 2564 2726 2579
8449 2 2 7 7 2573 2727 2723
8450 2 2 7 7 2566 2728 2568
8451 2 2 7 7 2568 2728 2729
8452 2 2 7 7 2569 2729 2571
8453 2 2 7 7 2569 2568 2729
8454 2 2 7 7 2571 2730 2570
8455 2 2 7 7 2572 2570 2730
8456 2 2 7 7 2571 2729 2731
8457 2 2 7 7 2730 2571 2731
8458 2 2 7 7 2730 2732 2572
8459 2 2 7 7 2573 2572 2732
8460 2 2 7 7 2727 2573 2732
8461 2 2 23 23 2576 2733 2574
8462 2 2 23 23 2574 2733 2590
8463 2 2 23 23 2575 2577 2734
8464 2 2 23 23 2575 2734 2576
8465 2 2 23 23 2576 2734 2735
8466 2 2 23 23 2576 2735 2733
8467 2 2 23 23 2578 2736 2577
8468 2 2 23 23 2736 2734 2577
8469 2 2 23 23 2737 2578 2579
8470 2 2 23 23 2578 2737 2736
8471 2 2 23 23 2738 2579 2726
8472 2 2 23 23 2579 2738 2737
8473 2 2 7 7 2585 2739 2740
8474 2 2 7 7 2580 2585 2740
8475 2 2 7 7 2581 2741 2584
8476 2 2 7 7 2580 2740 2741
8477 2 2 7 7 2580 2741 2581
8478 2 2 7 7 2582 2742 2623
8479 2 2 7 7 2583 2584 2742
8480 2 2 7 7 2582 2583 2742
8481 2 2 7 7 2623 2742 2743
8482 2 2 7 7 2584 2744 2742
8483 2 2 7 7 2744 2584 2741
8484 2 2 7 7 2585 2746 2739
8485 2 2 7 7 2745 2739 2746
8486 2 2 7 7 2746 2585 2747
8487 2 2 7 7 2586 2747 2585
8488 2 2 7 7 2586 2587 2747
8489 2 2 7 7 2588 2631 2748
8490 2 2 7 7 2587 2749 2747
8491 2 2 7 7 2589 2749 2587
8492 2 2 7 7 2588 2748 2750
8493 2 2 7 7 2589 2588 2750
8494 2 2 7 7 2589 2750 2749
8495 2 2 7 7 2745 2746 2751
8496 2 2 23 23 2733 2752 2590
8497 2 2 23 23 2752 2618 2590
8498 2 2 2 2 2681 2598 2753
8499 2 2 2 2 2591 2592 2754
8500 2 2 2 2 2754 2595 2591
8501 2 2 2 2 2592 2593 2755
8502 2 2 2 2 2592 2755 2754
8503 2 2 23 23 2756 2755 2593
8504 2 2 23 23 2615 2756 2593
8505 2 2 2 2 2595 2754 2757
8506 2 2 2 2 2758 2597 2594
8507 2 2 2 2 2757 2758 2595
8508 2 2 2 2 2594 2595 2758
8509 2 2 2 2 2596 2759 2614
8510 2 2 2 2 2596 2597 2759
8511 2 2 2 2 2597 2758 2759
8512 2 2 2 2 2605 2760 2598
8513 2 2 2 2 2598 2760 2753
8514 2 2 2 2 2607 2761 2599
8515 2 2 2 2 2600 2599 2761
8516 2 2 2 2 2762 2600 2761
8517 2 2 2 2 2762 2601 2600
8518 2 2 2 2 2603 2601 2762
8519 2 2 2 2 2603 2762 2763
8520 2 2 2 2 2602 2764 2604
8521 2 2 2 2 2603 2764 2602
8522 2 2 2 2 2603 2763 2764
8523 2 2 2 2 2604 2764 2765
8524 2 2 2 2 2605 2765 2760
8525 2 2 2 2 2604 2765 2605
8526 2 2 2 2 2607 2766 2767
8527 2 2 2 2 2767 2761 2607
8528 2 2 2 2 2608 2768 2611
8529 2 2 2 2 2609 2768 2608
8530 2 2 2 2 2609 2769 2768
8531 2 2 2 2 2610 2769 2609
8532 2 2 2 2 2770 2610 2613
8533 2 2 2 2 2770 2769 2610
8534 2 2 2 2 2611 2771 2612
8535 2 2 2 2 2771 2611 2768
8536 2 2 2 2 2772 2766 2612
8537 2 2 2 2 2612 2771 2772
8538 2 2 2 2 2773 2613 2614
8539 2 2 2 2 2770 2613 2773
8540 2 2 2 2 2774 2614 2759
8541 2 2 2 2 2774 2773 2614
8542 2 2 23 23 2775 2756 2615
8543 2 2 23 23 2616 2775 2615
8544 2 2 23 23 2616 2776 2775
8545 2 2 23 23 2617 2776 2616
8546 2 2 23 23 2617 2618 2776
8547 2 2 23 23 2618 2777 2776
8548 2 2 23 23 2618 2752 2777
8549 2 2 7 7 2621 2661 2778
8550 2 2 7 7 2620 2779 2619
8551 2 2 7 7 2620 2621 2779
8552 2 2 7 7 2621 2778 2779
8553 2 2 7 7 2781 2623 2743
8554 2 2 7 7 2623 2781 2624
8555 2 2 7 7 2781 2743 2782
8556 2 2 7 7 2783 2624 2781
8557 2 2 7 7 2624 2783 2626
8558 2 2 7 7 2626 2783 2784
8559 2 2 7 7 2626 2784 2625
8560 2 2 7 7 2632 2625 2784
8561 2 2 7 7 2632 2786 2627
8562 2 2 7 7 2628 2627 2786
8563 2 2 7 7 2628 2786 2630
8564 2 2 7 7 2630 2786 2787
8565 2 2 7 7 2629 2787 2631
8566 2 2 7 7 2630 2787 2629
8567 2 2 7 7 2748 2788 2785
8568 2 2 7 7 2787 2788 2631
8569 2 2 7 7 2631 2788 2748
8570 2 2 7 7 2789 2788 2787
8571 2 2 7 7 2632 2784 2790
8572 2 2 7 7 2632 2790 2786
8573 2 2 6 6 2633 2634 2791
8574 2 2 6 6 2633 2791 2677
8575 2 2 6 6 2634 2635 2792
8576 2 2 6 6 2791 2634 2792
8577 2 2 6 6 2635 2636 2793
8578 2 2 6 6 2793 2792 2635
8579 2 2 2 2 2637 2794 2636
8580 2 2 6 6 2793 2636 2794
8581 2 2 2 2 2637 2795 2794
8582 2 2 2 2 2638 2795 2637
8583 2 2 2 2 2638 2796 2795
8584 2 2 2 2 2638 2639 2796
8585 2 2 2 2 2796 2639 2797
8586 2 2 2 2 2640 2797 2639
8587 2 2 2 2 2798 2641 2650
8588 2 2 2 2 2798 2650 2799
8589 2 2 2 2 2640 2800 2797
8590 2 2 2 2 2644 2800 2640
8591 2 2 2 2 2798 2801 2641
8592 2 2 2 2 2642 2641 2801
8593 2 2 2 2 2802 2642 2801
8594 2 2 2 2 2802 2643 2642
8595 2 2 2 2 2802 2803 2643
8596 2 2 2 2 2648 2643 2803
8597 2 2 2 2 2644 2804 2800
8598 2 2 2 2 2645 2804 2644
8599 2 2 2 2 2645 2646 2804
8600 2 2 2 2 2805 2646 2647
8601 2 2 2 2 2805 2804 2646
8602 2 2 2 2 2805 2647 2806
8603 2 2 2 2 2649 2806 2647
8604 2 2 2 2 2648 2803 2807
8605 2 2 2 2 2649 2648 2807
8606 2 2 2 2 2649 2807 2806
8607 2 2 2 2 2650 2652 2808
8608 2 2 2 2 2799 2650 2808
8609 2 2 2 2 2799 2808 2809
8610 2 2 4 4 2810 2651 2658
8611 2 2 4 4 2651 2810 2654
8612 2 2 2 2 2811 2812 2652
8613 2 2 2 2 2808 2652 2812
8614 2 2 2 2 2652 2653 2813
8615 2 2 2 2 2811 2652 2813
8616 2 2 4 4 2815 2658 2656
8617 2 2 4 4 2815 2656 2816
8618 2 2 4 4 2816 2656 2657
8619 2 2 4 4 2815 2817 2658
8620 2 2 4 4 2658 2817 2810
8621 2 2 6 6 2659 2818 2660
8622 2 2 6 6 2659 2664 2818
8623 2 2 7 7 2818 2819 2660
8624 2 2 7 7 2661 2660 2819
8625 2 2 7 7 2820 2778 2661
8626 2 2 7 7 2661 2819 2820
8627 2 2 7 7 2820 2821 2778
8628 2 2 6 6 2662 2822 2663
8629 2 2 6 6 2662 2678 2822
8630 2 2 6 6 2823 2664 2663
8631 2 2 6 6 2823 2663 2822
8632 2 2 6 6 2664 2824 2818
8633 2 2 6 6 2664 2825 2824
8634 2 2 6 6 2823 2825 2664
8635 2 2 6 6 2666 2665 2826
8636 2 2 6 6 2675 2666 2826
8637 2 2 6 6 2669 2826 2665
8638 2 2 6 6 2668 2667 2827
8639 2 2 6 6 2669 2668 2827
8640 2 2 6 6 2676 2827 2667
8641 2 2 6 6 2669 2828 2826
8642 2 2 6 6 2669 2827 2828
8643 2 2 6 6 2670 2672 2829
8644 2 2 6 6 2671 2670 2829
8645 2 2 6 6 2671 2829 2678
8646 2 2 6 6 2830 2672 2674
8647 2 2 6 6 2672 2830 2829
8648 2 2 6 6 2674 2673 2831
8649 2 2 6 6 2830 2674 2831
8650 2 2 6 6 2675 2831 2673
8651 2 2 6 6 2675 2832 2831
8652 2 2 6 6 2675 2826 2832
8653 2 2 6 6 2676 2833 2827
8654 2 2 6 6 2676 2677 2833
8655 2 2 6 6 2834 2677 2791
8656 2 2 6 6 2834 2833 2677
8657 2 2 6 6 2835 2678 2829
8658 2 2 6 6 2836 2822 2678
8659 2 2 6 6 2678 2835 2836
8660 2 2 2 2 2680 2679 2837
8661 2 2 2 2 2694 2680 2837
8662 2 2 2 2 2679 2682 2837
8663 2 2 2 2 2753 2838 2681
8664 2 2 2 2 2682 2681 2838
8665 2 2 2 2 2839 2682 2838
8666 2 2 2 2 2839 2837 2682
8667 2 2 2 2 2684 2685 2840
8668 2 2 2 2 2683 2840 2712
8669 2 2 2 2 2684 2840 2683
8670 2 2 2 2 2685 2686 2841
8671 2 2 2 2 2685 2841 2840
8672 2 2 2 2 2687 2842 2686
8673 2 2 2 2 2686 2842 2841
8674 2 2 2 2 2687 2692 2842
8675 2 2 2 2 2688 2693 2843
8676 2 2 2 2 2691 2688 2843
8677 2 2 2 2 2689 2690 2844
8678 2 2 2 2 2692 2689 2844
8679 2 2 2 2 2691 2844 2690
8680 2 2 2 2 2691 2843 2844
8681 2 2 2 2 2692 2845 2842
8682 2 2 2 2 2692 2844 2845
8683 2 2 2 2 2846 2843 2693
8684 2 2 2 2 2694 2837 2847
8685 2 2 2 2 2694 2847 2693
8686 2 2 2 2 2846 2693 2847
8687 2 2 2 2 2695 2696 2848
8688 2 2 2 2 2695 2848 2699
8689 2 2 2 2 2711 2849 2697
8690 2 2 2 2 2697 2849 2850
8691 2 2 2 2 2696 2697 2850
8692 2 2 2 2 2850 2848 2696
8693 2 2 2 2 2710 2698 2851
8694 2 2 2 2 2698 2700 2851
8695 2 2 2 2 2699 2852 2701
8696 2 2 2 2 2848 2852 2699
8697 2 2 2 2 2700 2853 2851
8698 2 2 2 2 2700 2701 2853
8699 2 2 2 2 2701 2852 2853
8700 2 2 2 2 2702 2854 2713
8701 2 2 2 2 2702 2703 2854
8702 2 2 2 2 2855 2854 2703
8703 2 2 2 2 2703 2705 2855
8704 2 2 2 2 2707 2704 2856
8705 2 2 2 2 2704 2708 2856
8706 2 2 2 2 2857 2855 2705
8707 2 2 2 2 2857 2705 2706
8708 2 2 2 2 2858 2857 2706
8709 2 2 2 2 2707 2858 2706
8710 2 2 2 2 2707 2856 2858
8711 2 2 2 2 2859 2856 2708
8712 2 2 2 2 2709 2859 2708
8713 2 2 2 2 2710 2859 2709
8714 2 2 2 2 2710 2860 2859
8715 2 2 2 2 2710 2851 2860
8716 2 2 2 2 2712 2861 2711
8717 2 2 2 2 2711 2861 2849
8718 2 2 2 2 2712 2840 2862
8719 2 2 2 2 2712 2862 2861
8720 2 2 2 2 2715 2713 2863
8721 2 2 2 2 2713 2854 2863
8722 2 2 2 2 2864 2715 2863
8723 2 2 2 2 2716 2714 2865
8724 2 2 2 2 2715 2865 2714
8725 2 2 2 2 2864 2865 2715
8726 2 2 2 2 2717 2716 2866
8727 2 2 2 2 2716 2865 2866
8728 2 2 2 2 2717 2867 2718
8729 2 2 2 2 2717 2866 2867
8730 2 2 2 2 2868 2719 2718
8731 2 2 2 2 2718 2867 2868
8732 2 2 2 2 2719 2869 2720
8733 2 2 2 2 2719 2868 2869
8734 2 2 2 2 2720 2870 2721
8735 2 2 2 2 2720 2869 2870
8736 2 2 7 7 2724 2723 2873
8737 2 2 7 7 2727 2873 2723
8738 2 2 7 7 2724 2874 2725
8739 2 2 7 7 2873 2874 2724
8740 2 2 7 7 2875 2738 2726
8741 2 2 7 7 2725 2875 2726
8742 2 2 7 7 2874 2875 2725
8743 2 2 7 7 2727 2732 2876
8744 2 2 7 7 2727 2876 2873
8745 2 2 7 7 2729 2728 2877
8746 2 2 7 7 2731 2729 2877
8747 2 2 7 7 2878 2782 2743
8748 2 2 7 7 2731 2877 2879
8749 2 2 7 7 2731 2879 2730
8750 2 2 7 7 2730 2879 2732
8751 2 2 7 7 2880 2732 2879
8752 2 2 7 7 2732 2880 2876
8753 2 2 23 23 2733 2735 2881
8754 2 2 23 23 2733 2881 2752
8755 2 2 23 23 2734 2736 2882
8756 2 2 23 23 2734 2882 2735
8757 2 2 23 23 2735 2882 2883
8758 2 2 23 23 2735 2883 2881
8759 2 2 23 23 2737 2884 2736
8760 2 2 23 23 2736 2884 2882
8761 2 2 23 23 2885 2737 2738
8762 2 2 23 23 2737 2885 2884
8763 2 2 7 7 2886 2885 2738
8764 2 2 7 7 2875 2886 2738
8765 2 2 7 7 2887 2739 2745
8766 2 2 7 7 2739 2888 2740
8767 2 2 7 7 2739 2887 2888
8768 2 2 7 7 2887 2745 2889
8769 2 2 7 7 2741 2890 2744
8770 2 2 7 7 2740 2888 2890
8771 2 2 7 7 2741 2740 2890
8772 2 2 7 7 2743 2891 2878
8773 2 2 7 7 2742 2891 2743
8774 2 2 7 7 2744 2891 2742
8775 2 2 7 7 2744 2890 2891
8776 2 2 7 7 2892 2890 2888
8777 2 2 7 7 2889 2745 2893
8778 2 2 7 7 2751 2893 2745
8779 2 2 7 7 2894 2893 2751
8780 2 2 7 7 2746 2747 2896
8781 2 2 7 7 2751 2746 2896
8782 2 2 7 7 2897 2896 2747
8783 2 2 7 7 2897 2747 2749
8784 2 2 7 7 2895 2898 2785
8785 2 2 7 7 2748 2785 2898
8786 2 2 7 7 2750 2748 2898
8787 2 2 7 7 2750 2898 2899
8788 2 2 7 7 2749 2750 2899
8789 2 2 7 7 2897 2749 2899
8790 2 2 7 7 2896 2900 2751
8791 2 2 7 7 2894 2751 2900
8792 2 2 7 7 2894 2900 2901
8793 2 2 23 23 2752 2881 2902
8794 2 2 23 23 2752 2902 2777
8795 2 2 2 2 2760 2903 2753
8796 2 2 2 2 2838 2753 2904
8797 2 2 2 2 2753 2903 2904
8798 2 2 2 2 2754 2755 2905
8799 2 2 2 2 2754 2905 2757
8800 2 2 23 23 2906 2905 2755
8801 2 2 23 23 2756 2906 2755
8802 2 2 23 23 2907 2906 2756
8803 2 2 23 23 2775 2907 2756
8804 2 2 2 2 2757 2905 2908
8805 2 2 2 2 2908 2909 2757
8806 2 2 2 2 2758 2757 2909
8807 2 2 2 2 2909 2759 2758
8808 2 2 2 2 2909 2910 2759
8809 2 2 2 2 2774 2759 2910
8810 2 2 2 2 2765 2911 2760
8811 2 2 2 2 2760 2911 2903
8812 2 2 2 2 2761 2767 2912
8813 2 2 2 2 2761 2912 2762
8814 2 2 2 2 2763 2762 2912
8815 2 2 2 2 2763 2912 2913
8816 2 2 2 2 2763 2913 2764
8817 2 2 2 2 2913 2914 2764
8818 2 2 2 2 2911 2765 2914
8819 2 2 2 2 2765 2764 2914
8820 2 2 2 2 2766 2915 2767
8821 2 2 2 2 2766 2772 2915
8822 2 2 2 2 2916 2767 2915
8823 2 2 2 2 2916 2912 2767
8824 2 2 2 2 2768 2917 2771
8825 2 2 2 2 2769 2917 2768
8826 2 2 2 2 2769 2918 2917
8827 2 2 2 2 2770 2773 2918
8828 2 2 2 2 2770 2918 2769
8829 2 2 2 2 2771 2919 2772
8830 2 2 2 2 2771 2917 2919
8831 2 2 2 2 2920 2915 2772
8832 2 2 2 2 2920 2772 2919
8833 2 2 2 2 2774 2910 2921
8834 2 2 2 2 2773 2921 2918
8835 2 2 2 2 2774 2921 2773
8836 2 2 23 23 2775 2922 2907
8837 2 2 23 23 2776 2922 2775
8838 2 2 23 23 2776 2777 2922
8839 2 2 23 23 2777 2902 2923
8840 2 2 23 23 2777 2923 2922
8841 2 2 7 7 2895 2785 2924
8842 2 2 7 7 2821 2925 2778
8843 2 2 7 7 2778 2925 2779
8844 2 2 7 7 2926 2781 2782
8845 2 2 7 7 2781 2926 2783
8846 2 2 7 7 2783 2926 2784
8847 2 2 7 7 2784 2926 2927
8848 2 2 7 7 2790 2784 2927
8849 2 2 7 7 2785 2928 2924
8850 2 2 7 7 2928 2785 2788
8851 2 2 7 7 2786 2790 2929
8852 2 2 7 7 2787 2786 2929
8853 2 2 7 7 2789 2787 2929
8854 2 2 7 7 2788 2930 2928
8855 2 2 7 7 2789 2930 2788
8856 2 2 7 7 2789 2929 2930
8857 2 2 7 7 2790 2927 2931
8858 2 2 7 7 2929 2790 2931
8859 2 2 6 6 2791 2792 2932
8860 2 2 6 6 2834 2791 2932
8861 2 2 6 6 2792 2793 2933
8862 2 2 6 6 2792 2933 2932
8863 2 2 6 6 2793 2794 2934
8864 2 2 6 6 2933 2793 2934
8865 2 2 2 2 2795 2935 2794
8866 2 2 6 6 2934 2794 2935
8867 2 2 2 2 2795 2936 2935
8868 2 2 2 2 2796 2936 2795
8869 2 2 2 2 2796 2937 2936
8870 2 2 2 2 2797 2937 2796
8871 2 2 2 2 2797 2938 2937
8872 2 2 2 2 2938 2797 2800
8873 2 2 2 2 2799 2809 2939
8874 2 2 2 2 2798 2939 2801
8875 2 2 2 2 2799 2939 2798
8876 2 2 2 2 2800 2940 2938
8877 2 2 2 2 2800 2804 2940
8878 2 2 2 2 2801 2939 2941
8879 2 2 2 2 2802 2801 2941
8880 2 2 2 2 2802 2941 2803
8881 2 2 2 2 2803 2941 2942
8882 2 2 2 2 2942 2807 2803
8883 2 2 2 2 2804 2943 2940
8884 2 2 2 2 2805 2943 2804
8885 2 2 2 2 2805 2806 2943
8886 2 2 2 2 2806 2944 2943
8887 2 2 2 2 2807 2944 2806
8888 2 2 2 2 2942 2944 2807
8889 2 2 2 2 2945 2939 2809
8890 2 2 2 2 2946 2808 2812
8891 2 2 2 2 2809 2808 2946
8892 2 2 2 2 2947 2809 2946
8893 2 2 2 2 2945 2809 2947
8894 2 2 2 2 2811 2813 2949
8895 2 2 2 2 2811 2949 2812
8896 2 2 2 2 2812 2949 2950
8897 2 2 2 2 2812 2950 2946
8898 2 2 2 2 2949 2813 2951
8899 2 2 2 2 2952 2949 2951
8900 2 2 4 4 2817 2815 2953
8901 2 2 4 4 2815 2816 2953
8902 2 2 7 7 2824 2955 2818
8903 2 2 7 7 2819 2818 2955
8904 2 2 7 7 2956 2955 2824
8905 2 2 7 7 2820 2957 2821
8906 2 2 7 7 2819 2955 2957
8907 2 2 7 7 2820 2819 2957
8908 2 2 7 7 2821 2957 2958
8909 2 2 7 7 2959 2925 2821
8910 2 2 7 7 2958 2959 2821
8911 2 2 6 6 2823 2960 2825
8912 2 2 6 6 2823 2822 2960
8913 2 2 6 6 2822 2836 2960
8914 2 2 6 6 2961 2825 2960
8915 2 2 7 7 2956 2824 2962
8916 2 2 6 6 2825 2962 2824
8917 2 2 6 6 2825 2961 2962
8918 2 2 6 6 2826 2828 2963
8919 2 2 6 6 2963 2832 2826
8920 2 2 6 6 2833 2964 2827
8921 2 2 6 6 2828 2827 2964
8922 2 2 6 6 2965 2963 2828
8923 2 2 6 6 2965 2828 2964
8924 2 2 6 6 2830 2966 2829
8925 2 2 6 6 2830 2831 2966
8926 2 2 6 6 2835 2829 2966
8927 2 2 6 6 2967 2831 2832
8928 2 2 6 6 2967 2966 2831
8929 2 2 6 6 2967 2832 2968
8930 2 2 6 6 2832 2963 2968
8931 2 2 6 6 2834 2932 2969
8932 2 2 6 6 2964 2833 2969
8933 2 2 6 6 2834 2969 2833
8934 2 2 6 6 2835 2970 2836
8935 2 2 6 6 2835 2966 2970
8936 2 2 6 6 2836 2971 2960
8937 2 2 6 6 2836 2970 2971
8938 2 2 2 2 2839 2972 2837
8939 2 2 2 2 2837 2972 2847
8940 2 2 2 2 2838 2904 2973
8941 2 2 2 2 2839 2973 2972
8942 2 2 2 2 2839 2838 2973
8943 2 2 2 2 2841 2974 2840
8944 2 2 2 2 2840 2974 2862
8945 2 2 2 2 2842 2975 2841
8946 2 2 2 2 2842 2845 2975
8947 2 2 2 2 2841 2975 2974
8948 2 2 2 2 2976 2843 2846
8949 2 2 2 2 2976 2977 2843
8950 2 2 2 2 2844 2843 2977
8951 2 2 2 2 2845 2844 2977
8952 2 2 2 2 2845 2977 2978
8953 2 2 2 2 2975 2845 2978
8954 2 2 2 2 2846 2847 2979
8955 2 2 2 2 2846 2979 2976
8956 2 2 2 2 2980 2847 2972
8957 2 2 2 2 2979 2847 2980
8958 2 2 2 2 2849 2861 2981
8959 2 2 2 2 2850 2982 2848
8960 2 2 2 2 2848 2982 2852
8961 2 2 2 2 2850 2849 2983
8962 2 2 2 2 2849 2981 2983
8963 2 2 2 2 2983 2982 2850
8964 2 2 2 2 2984 2983 2981
8965 2 2 2 2 2851 2985 2860
8966 2 2 2 2 2851 2853 2985
8967 2 2 2 2 2986 2852 2982
8968 2 2 2 2 2985 2853 2987
8969 2 2 2 2 2853 2852 2987
8970 2 2 2 2 2986 2987 2852
8971 2 2 2 2 2988 2863 2854
8972 2 2 2 2 2854 2855 2988
8973 2 2 2 2 2989 2988 2855
8974 2 2 2 2 2855 2857 2989
8975 2 2 2 2 2856 2990 2858
8976 2 2 2 2 2856 2859 2990
8977 2 2 2 2 2991 2989 2857
8978 2 2 2 2 2858 2991 2857
8979 2 2 2 2 2858 2990 2991
8980 2 2 2 2 2992 2860 2985
8981 2 2 2 2 2993 2990 2859
8982 2 2 2 2 2860 2993 2859
8983 2 2 2 2 2992 2993 2860
8984 2 2 2 2 2861 2994 2981
8985 2 2 2 2 2861 2862 2994
8986 2 2 2 2 2862 2974 2995
8987 2 2 2 2 2862 2995 2994
8988 2 2 2 2 2996 2863 2988
8989 2 2 2 2 2864 2863 2997
8990 2 2 2 2 2996 2997 2863
8991 2 2 2 2 2864 2998 2865
8992 2 2 2 2 2864 2997 2998
8993 2 2 2 2 2999 2866 2865
8994 2 2 2 2 2998 2999 2865
8995 2 2 2 2 2867 2866 3000
8996 2 2 2 2 2866 2999 3000
8997 2 2 2 2 2867 3001 2868
8998 2 2 2 2 2867 3000 3001
8999 2 2 2 2 2868 3002 2869
9000 2 2 2 2 2868 3001 3002
9001 2 2 2 2 2869 3003 2870
9002 2 2 2 2 2869 3002 3003
9003 2 2 7 7 2873 3007 2874
9004 2 2 7 7 2876 3007 2873
9005 2 2 7 7 3008 2886 2875
9006 2 2 7 7 2875 2874 3008
9007 2 2 7 7 3007 3008 2874
9008 2 2 7 7 3009 2876 2880
9009 2 2 7 7 3007 2876 3009
9010 2 2 7 7 3010 2877 2878
9011 2 2 7 7 2879 2877 3010
9012 2 2 7 7 2891 3010 2878
9013 2 2 7 7 3011 2879 3010
9014 2 2 7 7 2880 2879 3011
9015 2 2 7 7 3012 2880 3011
9016 2 2 7 7 3012 3009 2880
9017 2 2 23 23 2881 2883 3013
9018 2 2 23 23 2881 3013 2902
9019 2 2 23 23 2882 2884 3014
9020 2 2 23 23 2882 3014 2883
9021 2 2 23 23 2883 3014 3015
9022 2 2 23 23 2883 3015 3013
9023 2 2 23 23 2884 2885 3016
9024 2 2 23 23 2884 3016 3014
9025 2 2 7 7 3017 3016 2885
9026 2 2 7 7 2886 3017 2885
9027 2 2 7 7 3017 2886 3018
9028 2 2 7 7 3008 3018 2886
9029 2 2 7 7 2887 3019 2888
9030 2 2 7 7 2887 2889 3019
9031 2 2 7 7 2892 2888 3020
9032 2 2 7 7 3019 3020 2888
9033 2 2 7 7 2889 3021 3019
9034 2 2 7 7 2889 2893 3021
9035 2 2 7 7 2890 3022 2891
9036 2 2 7 7 2892 3022 2890
9037 2 2 7 7 2891 3022 3010
9038 2 2 7 7 2892 3023 3022
9039 2 2 7 7 2892 3020 3023
9040 2 2 7 7 2893 3024 3021
9041 2 2 7 7 2894 3024 2893
9042 2 2 7 7 2894 2901 3024
9043 2 2 7 7 2895 2924 3025
9044 2 2 7 7 2895 3025 3026
9045 2 2 7 7 2895 3026 2898
9046 2 2 7 7 2897 3027 2896
9047 2 2 7 7 2897 2899 3027
9048 2 2 7 7 2900 2896 3027
9049 2 2 7 7 3028 2898 3026
9050 2 2 7 7 2899 2898 3028
9051 2 2 7 7 2899 3028 3027
9052 2 2 7 7 2900 3027 3029
9053 2 2 7 7 2901 2900 3029
9054 2 2 7 7 2901 3029 3030
9055 2 2 7 7 2901 3030 3024
9056 2 2 23 23 2902 3013 3031
9057 2 2 23 23 2902 3031 2923
9058 2 2 2 2 2904 3032 2973
9059 2 2 2 2 2911 3033 2903
9060 2 2 2 2 3033 3034 2903
9061 2 2 2 2 2903 3034 2904
9062 2 2 2 2 3034 3032 2904
9063 2 2 23 23 3035 2907 2922
9064 2 2 23 23 3036 2908 2905
9065 2 2 23 23 2906 3036 2905
9066 2 2 23 23 3037 3036 2906
9067 2 2 23 23 2907 3037 2906
9068 2 2 23 23 3035 3037 2907
9069 2 2 23 23 2908 3036 3038
9070 2 2 2 2 2909 2908 3039
9071 2 2 2 2 3039 2910 2909
9072 2 2 23 23 3038 3039 2908
9073 2 2 2 2 2910 3039 3040
9074 2 2 2 2 2910 3040 2921
9075 2 2 2 2 2914 3041 2911
9076 2 2 2 2 3033 2911 3041
9077 2 2 2 2 2912 3042 2913
9078 2 2 2 2 2916 3042 2912
9079 2 2 2 2 2913 3042 3043
9080 2 2 2 2 2914 3043 3041
9081 2 2 2 2 2913 3043 2914
9082 2 2 2 2 2916 3044 3042
9083 2 2 2 2 2915 3044 2916
9084 2 2 2 2 2915 2920 3044
9085 2 2 2 2 2918 2921 3045
9086 2 2 2 2 2918 3045 2917
9087 2 2 2 2 2917 3045 2919
9088 2 2 2 2 2919 3045 3046
9089 2 2 2 2 2920 3046 3044
9090 2 2 2 2 2920 2919 3046
9091 2 2 2 2 2921 3040 3047
9092 2 2 2 2 3047 3045 2921
9093 2 2 23 23 3035 2922 3048
9094 2 2 23 23 3048 2922 2923
9095 2 2 23 23 3049 2923 3031
9096 2 2 23 23 2923 3049 3048
9097 2 2 7 7 3051 2924 2928
9098 2 2 7 7 3025 3052 3050
9099 2 2 7 7 2924 3052 3025
9100 2 2 7 7 2924 3051 3052
9101 2 2 7 7 3053 3052 3051
9102 2 2 7 7 3054 2926 2925
9103 2 2 7 7 2927 2926 3054
9104 2 2 7 7 2959 3054 2925
9105 2 2 7 7 2927 3054 3055
9106 2 2 7 7 3055 3056 2927
9107 2 2 7 7 2931 2927 3056
9108 2 2 7 7 2928 3057 3051
9109 2 2 7 7 2930 3057 2928
9110 2 2 7 7 2931 3056 3058
9111 2 2 7 7 2930 3058 3057
9112 2 2 7 7 2931 3058 2929
9113 2 2 7 7 2930 2929 3058
9114 2 2 6 6 2932 2933 3060
9115 2 2 6 6 2932 3060 2969
9116 2 2 6 6 2933 2934 3061
9117 2 2 6 6 2933 3061 3060
9118 2 2 6 6 2934 2935 3062
9119 2 2 6 6 3061 2934 3062
9120 2 2 2 2 2936 3063 2935
9121 2 2 6 6 3062 2935 3063
9122 2 2 2 2 2936 3064 3063
9123 2 2 2 2 2937 3064 2936
9124 2 2 2 2 2937 3065 3064
9125 2 2 2 2 2938 3065 2937
9126 2 2 2 2 2938 3066 3065
9127 2 2 2 2 2940 3066 2938
9128 2 2 2 2 2945 3067 2939
9129 2 2 2 2 2939 3067 2941
9130 2 2 2 2 2940 3068 3066
9131 2 2 2 2 2940 2943 3068
9132 2 2 2 2 2941 3067 3069
9133 2 2 2 2 2942 2941 3069
9134 2 2 2 2 2942 3069 2944
9135 2 2 2 2 3070 3068 2943
9136 2 2 2 2 2944 3070 2943
9137 2 2 2 2 2944 3069 3070
9138 2 2 2 2 2947 3071 2945
9139 2 2 2 2 2945 3071 3067
9140 2 2 2 2 2946 2950 3072
9141 2 2 2 2 2947 2946 3072
9142 2 2 2 2 2947 3072 3071
9143 2 2 2 2 3073 3072 2950
9144 2 2 2 2 2952 3075 2949
9145 2 2 2 2 2950 2949 3075
9146 2 2 2 2 3073 2950 3075
9147 2 2 2 2 3076 2951 3074
9148 2 2 2 2 2952 2951 3076
9149 2 2 2 2 2952 3076 3075
9150 2 2 7 7 2956 3079 2955
9151 2 2 7 7 3079 2957 2955
9152 2 2 7 7 2956 2962 3080
9153 2 2 7 7 2956 3080 3079
9154 2 2 7 7 3079 3081 2957
9155 2 2 7 7 2958 2957 3081
9156 2 2 7 7 2959 3082 3054
9157 2 2 7 7 2958 3082 2959
9158 2 2 7 7 2958 3081 3082
9159 2 2 6 6 2961 2960 3083
9160 2 2 6 6 3083 2960 2971
9161 2 2 6 6 2961 3084 2962
9162 2 2 6 6 3085 3084 2961
9163 2 2 6 6 3085 2961 3083
9164 2 2 6 6 3080 2962 3086
9165 2 2 6 6 3084 3086 2962
9166 2 2 6 6 2965 3087 2963
9167 2 2 6 6 3087 2968 2963
9168 2 2 6 6 2964 2969 3088
9169 2 2 6 6 2965 3088 3087
9170 2 2 6 6 2965 2964 3088
9171 2 2 6 6 2970 2966 3089
9172 2 2 6 6 2967 3089 2966
9173 2 2 6 6 2967 2968 3089
9174 2 2 6 6 2968 3087 3090
9175 2 2 6 6 3090 3089 2968
9176 2 2 6 6 3060 3091 2969
9177 2 2 6 6 3088 2969 3091
9178 2 2 6 6 2970 3092 2971
9179 2 2 6 6 2970 3089 3092
9180 2 2 6 6 2971 3093 3083
9181 2 2 6 6 3093 2971 3092
9182 2 2 2 2 2972 2973 3094
9183 2 2 2 2 2972 3094 2980
9184 2 2 2 2 3032 3095 2973
9185 2 2 2 2 3094 2973 3095
9186 2 2 2 2 2975 2978 3096
9187 2 2 2 2 2975 3096 2974
9188 2 2 2 2 2974 3096 2995
9189 2 2 2 2 3097 3096 2978
9190 2 2 2 2 2976 2979 3098
9191 2 2 2 2 2976 3098 2977
9192 2 2 2 2 2977 3098 3099
9193 2 2 2 2 2978 2977 3099
9194 2 2 2 2 3097 2978 3099
9195 2 2 2 2 2979 2980 3100
9196 2 2 2 2 2979 3100 3098
9197 2 2 2 2 2980 3094 3101
9198 2 2 2 2 2980 3101 3100
9199 2 2 2 2 2981 2994 3102
9200 2 2 2 2 2984 2981 3102
9201 2 2 2 2 2986 2982 3103
9202 2 2 2 2 2983 3103 2982
9203 2 2 2 2 2984 3103 2983
9204 2 2 2 2 2984 3102 3104
9205 2 2 2 2 2984 3104 3103
9206 2 2 2 2 2992 2985 3105
9207 2 2 2 2 2985 2987 3105
9208 2 2 2 2 2986 3103 3106
9209 2 2 2 2 2986 3106 2987
9210 2 2 2 2 3107 3105 2987
9211 2 2 2 2 3107 2987 3106
9212 2 2 2 2 3108 2996 2988
9213 2 2 2 2 2988 2989 3108
9214 2 2 2 2 3109 3108 2989
9215 2 2 2 2 2989 2991 3109
9216 2 2 2 2 2991 3110 3109
9217 2 2 2 2 2990 3110 2991
9218 2 2 2 2 2990 2993 3110
9219 2 2 2 2 2992 3111 2993
9220 2 2 2 2 2992 3105 3111
9221 2 2 2 2 3112 3110 2993
9222 2 2 2 2 3111 3112 2993
9223 2 2 2 2 2994 2995 3113
9224 2 2 2 2 2994 3113 3102
9225 2 2 2 2 2995 3096 3114
9226 2 2 2 2 2995 3114 3113
9227 2 2 2 2 3115 2996 3108
9228 2 2 2 2 2997 2996 3116
9229 2 2 2 2 3115 3116 2996
9230 2 2 2 2 3117 2998 2997
9231 2 2 2 2 3116 3117 2997
9232 2 2 2 2 3118 2999 2998
9233 2 2 2 2 2998 3117 3118
9234 2 2 2 2 3119 3000 2999
9235 2 2 2 2 2999 3118 3119
9236 2 2 2 2 3120 3001 3000
9237 2 2 2 2 3000 3119 3120
9238 2 2 2 2 3121 3002 3001
9239 2 2 2 2 3001 3120 3121
9240 2 2 2 2 3002 3122 3003
9241 2 2 2 2 3002 3121 3122
9242 2 2 7 7 3022 3127 3010
9243 2 2 7 7 3018 3008 3128
9244 2 2 7 7 3007 3128 3008
9245 2 2 7 7 3009 3128 3007
9246 2 2 7 7 3129 3009 3012
9247 2 2 7 7 3129 3128 3009
9248 2 2 7 7 3130 3011 3010
9249 2 2 7 7 3127 3130 3010
9250 2 2 7 7 3130 3131 3011
9251 2 2 7 7 3012 3011 3131
9252 2 2 7 7 3132 3012 3131
9253 2 2 7 7 3129 3012 3132
9254 2 2 23 23 3013 3015 3133
9255 2 2 23 23 3013 3133 3031
9256 2 2 23 23 3014 3016 3134
9257 2 2 23 23 3014 3134 3015
9258 2 2 23 23 3015 3134 3135
9259 2 2 23 23 3015 3135 3133
9260 2 2 7 7 3016 3136 3134
9261 2 2 7 7 3017 3136 3016
9262 2 2 7 7 3137 3136 3017
9263 2 2 7 7 3018 3137 3017
9264 2 2 7 7 3138 3137 3018
9265 2 2 7 7 3138 3018 3128
9266 2 2 7 7 3019 3139 3020
9267 2 2 7 7 3019 3021 3139
9268 2 2 7 7 3020 3140 3023
9269 2 2 7 7 3139 3140 3020
9270 2 2 7 7 3021 3141 3139
9271 2 2 7 7 3021 3024 3141
9272 2 2 7 7 3127 3022 3142
9273 2 2 7 7 3023 3142 3022
9274 2 2 7 7 3023 3143 3142
9275 2 2 7 7 3140 3143 3023
9276 2 2 7 7 3024 3144 3141
9277 2 2 7 7 3030 3144 3024
9278 2 2 7 7 3050 3145 3025
9279 2 2 7 7 3146 3025 3145
9280 2 2 7 7 3026 3025 3146
9281 2 2 7 7 3147 3026 3146
9282 2 2 7 7 3028 3026 3147
9283 2 2 7 7 3148 3028 3147
9284 2 2 7 7 3027 3028 3148
9285 2 2 7 7 3029 3027 3148
9286 2 2 7 7 3029 3148 3149
9287 2 2 7 7 3029 3149 3030
9288 2 2 7 7 3150 3030 3149
9289 2 2 7 7 3030 3150 3144
9290 2 2 7 7 3151 3146 3145
9291 2 2 23 23 3031 3133 3152
9292 2 2 23 23 3031 3152 3049
9293 2 2 2 2 3041 3153 3033
9294 2 2 2 2 3032 3154 3095
9295 2 2 2 2 3154 3032 3155
9296 2 2 2 2 3034 3155 3032
9297 2 2 2 2 3153 3156 3033
9298 2 2 2 2 3033 3156 3034
9299 2 2 2 2 3156 3155 3034
9300 2 2 23 23 3035 3157 3037
9301 2 2 23 23 3035 3048 3157
9302 2 2 23 23 3036 3158 3038
9303 2 2 23 23 3037 3158 3036
9304 2 2 23 23 3037 3157 3158
9305 2 2 23 23 3159 3038 3158
9306 2 2 23 23 3039 3160 3040
9307 2 2 23 23 3038 3160 3039
9308 2 2 23 23 3159 3160 3038
9309 2 2 23 23 3161 3047 3040
9310 2 2 23 23 3161 3040 3160
9311 2 2 2 2 3041 3043 3162
9312 2 2 2 2 3162 3153 3041
9313 2 2 2 2 3042 3163 3043
9314 2 2 2 2 3042 3044 3163
9315 2 2 23 23 3164 3162 3043
9316 2 2 23 23 3164 3043 3163
9317 2 2 2 2 3044 3165 3163
9318 2 2 2 2 3046 3165 3044
9319 2 2 2 2 3166 3045 3047
9320 2 2 2 2 3046 3166 3165
9321 2 2 2 2 3166 3046 3045
9322 2 2 23 23 3167 3166 3047
9323 2 2 23 23 3047 3161 3167
9324 2 2 23 23 3048 3049 3168
9325 2 2 23 23 3048 3168 3157
9326 2 2 23 23 3049 3152 3169
9327 2 2 23 23 3049 3169 3168
9328 2 2 7 7 3059 3170 3050
9329 2 2 7 7 3170 3145 3050
9330 2 2 7 7 3170 3059 3171
9331 2 2 7 7 3082 3172 3054
9332 2 2 7 7 3059 3050 3173
9333 2 2 7 7 3173 3050 3052
9334 2 2 7 7 3051 3057 3174
9335 2 2 7 7 3053 3051 3174
9336 2 2 7 7 3175 3173 3052
9337 2 2 7 7 3053 3174 3175
9338 2 2 7 7 3053 3175 3052
9339 2 2 7 7 3176 3054 3172
9340 2 2 7 7 3055 3054 3176
9341 2 2 7 7 3055 3176 3056
9342 2 2 7 7 3056 3176 3177
9343 2 2 7 7 3057 3177 3174
9344 2 2 7 7 3057 3058 3177
9345 2 2 7 7 3056 3177 3058
9346 2 2 7 7 3178 3171 3059
9347 2 2 7 7 3178 3059 3179
9348 2 2 7 7 3179 3059 3173
9349 2 2 6 6 3060 3061 3180
9350 2 2 6 6 3060 3180 3091
9351 2 2 6 6 3061 3062 3181
9352 2 2 6 6 3180 3061 3181
9353 2 2 6 6 3062 3063 3182
9354 2 2 6 6 3181 3062 3182
9355 2 2 2 2 3064 3183 3063
9356 2 2 6 6 3182 3063 3183
9357 2 2 2 2 3064 3184 3183
9358 2 2 2 2 3065 3184 3064
9359 2 2 2 2 3065 3185 3184
9360 2 2 2 2 3066 3185 3065
9361 2 2 2 2 3066 3186 3185
9362 2 2 2 2 3068 3186 3066
9363 2 2 2 2 3187 3069 3067
9364 2 2 2 2 3187 3067 3188
9365 2 2 2 2 3188 3067 3071
9366 2 2 2 2 3186 3068 3189
9367 2 2 2 2 3070 3189 3068
9368 2 2 2 2 3189 3070 3190
9369 2 2 2 2 3069 3190 3070
9370 2 2 2 2 3187 3190 3069
9371 2 2 2 2 3071 3072 3191
9372 2 2 2 2 3071 3191 3188
9373 2 2 2 2 3192 3073 3075
9374 2 2 2 2 3073 3193 3072
9375 2 2 2 2 3191 3072 3193
9376 2 2 2 2 3073 3192 3193
9377 2 2 2 2 3194 3074 3077
9378 2 2 2 2 3076 3074 3194
9379 2 2 2 2 3076 3194 3195
9380 2 2 2 2 3075 3076 3195
9381 2 2 2 2 3192 3075 3195
9382 2 2 2 2 3196 3194 3077
9383 2 2 2 2 3196 3077 3197
9384 2 2 7 7 3079 3080 3198
9385 2 2 7 7 3198 3081 3079
9386 2 2 6 6 3198 3080 3199
9387 2 2 6 6 3086 3199 3080
9388 2 2 7 7 3081 3198 3200
9389 2 2 7 7 3082 3200 3172
9390 2 2 7 7 3081 3200 3082
9391 2 2 6 6 3085 3083 3201
9392 2 2 6 6 3201 3083 3093
9393 2 2 6 6 3084 3202 3086
9394 2 2 6 6 3202 3084 3203
9395 2 2 6 6 3085 3203 3084
9396 2 2 6 6 3085 3201 3203
9397 2 2 6 6 3086 3204 3199
9398 2 2 6 6 3204 3086 3202
9399 2 2 6 6 3205 3204 3202
9400 2 2 6 6 3088 3091 3206
9401 2 2 6 6 3087 3088 3206
9402 2 2 6 6 3090 3087 3206
9403 2 2 6 6 3092 3089 3207
9404 2 2 6 6 3090 3207 3089
9405 2 2 6 6 3090 3206 3207
9406 2 2 6 6 3091 3180 3208
9407 2 2 6 6 3091 3208 3206
9408 2 2 6 6 3092 3209 3093
9409 2 2 6 6 3092 3207 3209
9410 2 2 6 6 3093 3210 3201
9411 2 2 6 6 3210 3093 3209
9412 2 2 2 2 3095 3154 3211
9413 2 2 2 2 3211 3212 3095
9414 2 2 2 2 3094 3095 3212
9415 2 2 2 2 3101 3094 3212
9416 2 2 2 2 3097 3213 3096
9417 2 2 2 2 3213 3114 3096
9418 2 2 2 2 3097 3099 3214
9419 2 2 2 2 3097 3214 3213
9420 2 2 2 2 3098 3100 3215
9421 2 2 2 2 3099 3098 3215
9422 2 2 2 2 3099 3215 3214
9423 2 2 2 2 3100 3101 3216
9424 2 2 2 2 3100 3216 3215
9425 2 2 2 2 3101 3212 3217
9426 2 2 2 2 3216 3101 3217
9427 2 2 2 2 3102 3113 3218
9428 2 2 2 2 3102 3218 3104
9429 2 2 2 2 3219 3104 3218
9430 2 2 2 2 3219 3220 3104
9431 2 2 2 2 3106 3103 3220
9432 2 2 2 2 3104 3220 3103
9433 2 2 2 2 3221 3111 3105
9434 2 2 2 2 3107 3221 3105
9435 2 2 2 2 3106 3220 3222
9436 2 2 2 2 3107 3222 3221
9437 2 2 2 2 3107 3106 3222
9438 2 2 2 2 3223 3115 3108
9439 2 2 2 2 3223 3108 3109
9440 2 2 2 2 3224 3223 3109
9441 2 2 2 2 3224 3109 3110
9442 2 2 2 2 3225 3224 3110
9443 2 2 2 2 3112 3225 3110
9444 2 2 2 2 3112 3226 3225
9445 2 2 2 2 3112 3111 3226
9446 2 2 2 2 3221 3226 3111
9447 2 2 2 2 3219 3227 3220
9448 2 2 2 2 3113 3114 3228
9449 2 2 2 2 3113 3228 3218
9450 2 2 2 2 3114 3213 3229
9451 2 2 2 2 3229 3228 3114
9452 2 2 2 2 3115 3223 3230
9453 2 2 2 2 3116 3115 3231
9454 2 2 2 2 3230 3231 3115
9455 2 2 2 2 3232 3117 3116
9456 2 2 2 2 3231 3232 3116
9457 2 2 2 2 3233 3118 3117
9458 2 2 2 2 3117 3232 3233
9459 2 2 2 2 3234 3119 3118
9460 2 2 2 2 3118 3233 3234
9461 2 2 2 2 3235 3120 3119
9462 2 2 2 2 3119 3234 3235
9463 2 2 2 2 3236 3121 3120
9464 2 2 2 2 3120 3235 3236
9465 2 2 2 2 3237 3122 3121
9466 2 2 2 2 3121 3236 3237
9467 2 2 2 2 3243 3211 3154
9468 2 2 7 7 3142 3244 3127
9469 2 2 7 7 3127 3244 3130
9470 2 2 7 7 3138 3128 3245
9471 2 2 7 7 3129 3245 3128
9472 2 2 7 7 3129 3132 3245
9473 2 2 7 7 3131 3130 3246
9474 2 2 7 7 3244 3246 3130
9475 2 2 7 7 3131 3246 3247
9476 2 2 7 7 3132 3131 3247
9477 2 2 7 7 3132 3247 3245
9478 2 2 23 23 3133 3135 3248
9479 2 2 23 23 3133 3248 3152
9480 2 2 7 7 3134 3249 3135
9481 2 2 7 7 3136 3249 3134
9482 2 2 7 7 3250 3248 3135
9483 2 2 7 7 3250 3135 3249
9484 2 2 7 7 3136 3251 3249
9485 2 2 7 7 3137 3251 3136
9486 2 2 7 7 3137 3252 3251
9487 2 2 7 7 3138 3252 3137
9488 2 2 7 7 3138 3245 3252
9489 2 2 7 7 3139 3253 3140
9490 2 2 7 7 3139 3141 3253
9491 2 2 7 7 3254 3143 3140
9492 2 2 7 7 3254 3140 3253
9493 2 2 7 7 3141 3255 3253
9494 2 2 7 7 3141 3144 3255
9495 2 2 7 7 3142 3256 3244
9496 2 2 7 7 3143 3256 3142
9497 2 2 7 7 3143 3257 3256
9498 2 2 7 7 3254 3257 3143
9499 2 2 7 7 3150 3258 3144
9500 2 2 7 7 3259 3255 3144
9501 2 2 7 7 3259 3144 3258
9502 2 2 7 7 3151 3145 3260
9503 2 2 7 7 3261 3145 3170
9504 2 2 7 7 3260 3145 3261
9505 2 2 7 7 3151 3262 3146
9506 2 2 7 7 3147 3146 3262
9507 2 2 7 7 3263 3147 3262
9508 2 2 7 7 3148 3147 3263
9509 2 2 7 7 3148 3263 3149
9510 2 2 7 7 3264 3149 3263
9511 2 2 7 7 3149 3264 3150
9512 2 2 7 7 3265 3150 3264
9513 2 2 7 7 3150 3265 3258
9514 2 2 7 7 3151 3266 3262
9515 2 2 7 7 3260 3266 3151
9516 2 2 23 23 3152 3248 3267
9517 2 2 23 23 3152 3267 3169
9518 2 2 2 2 3153 3162 3268
9519 2 2 2 2 3269 3153 3268
9520 2 2 2 2 3269 3156 3153
9521 2 2 2 2 3155 3270 3154
9522 2 2 2 2 3154 3270 3243
9523 2 2 2 2 3155 3271 3270
9524 2 2 2 2 3156 3271 3155
9525 2 2 2 2 3269 3271 3156
9526 2 2 23 23 3157 3168 3272
9527 2 2 23 23 3157 3272 3158
9528 2 2 23 23 3272 3273 3158
9529 2 2 23 23 3159 3158 3273
9530 2 2 23 23 3159 3274 3160
9531 2 2 23 23 3159 3273 3274
9532 2 2 23 23 3275 3161 3160
9533 2 2 23 23 3275 3160 3274
9534 2 2 23 23 3276 3167 3161
9535 2 2 23 23 3275 3276 3161
9536 2 2 23 23 3277 3268 3162
9537 2 2 23 23 3164 3277 3162
9538 2 2 23 23 3163 3165 3278
9539 2 2 23 23 3164 3163 3278
9540 2 2 23 23 3164 3278 3277
9541 2 2 23 23 3166 3279 3165
9542 2 2 23 23 3278 3165 3279
9543 2 2 23 23 3166 3167 3279
9544 2 2 23 23 3280 3279 3167
9545 2 2 23 23 3280 3167 3276
9546 2 2 23 23 3168 3169 3281
9547 2 2 23 23 3168 3281 3272
9548 2 2 23 23 3169 3267 3282
9549 2 2 23 23 3169 3282 3281
9550 2 2 24 24 3283 3267 3248
9551 2 2 7 7 3171 3284 3170
9552 2 2 7 7 3261 3170 3284
9553 2 2 7 7 3284 3171 3285
9554 2 2 7 7 3286 3171 3178
9555 2 2 7 7 3171 3286 3285
9556 2 2 6 6 3178 3287 3286
9557 2 2 7 7 3288 3172 3200
9558 2 2 7 7 3172 3288 3176
9559 2 2 7 7 3173 3289 3179
9560 2 2 7 7 3175 3289 3173
9561 2 2 7 7 3289 3175 3290
9562 2 2 7 7 3174 3177 3290
9563 2 2 7 7 3174 3290 3175
9564 2 2 7 7 3176 3288 3291
9565 2 2 7 7 3291 3290 3177
9566 2 2 7 7 3177 3176 3291
9567 2 2 6 6 3179 3292 3178
9568 2 2 6 6 3287 3178 3292
9569 2 2 6 6 3289 3293 3179
9570 2 2 6 6 3292 3179 3293
9571 2 2 6 6 3294 3287 3292
9572 2 2 6 6 3180 3181 3295
9573 2 2 6 6 3180 3295 3208
9574 2 2 6 6 3181 3182 3296
9575 2 2 6 6 3295 3181 3296
9576 2 2 6 6 3182 3183 3297
9577 2 2 6 6 3296 3182 3297
9578 2 2 2 2 3184 3298 3183
9579 2 2 6 6 3297 3183 3298
9580 2 2 2 2 3184 3299 3298
9581 2 2 2 2 3299 3184 3185
9582 2 2 2 2 3185 3300 3299
9583 2 2 2 2 3186 3300 3185
9584 2 2 2 2 3186 3301 3300
9585 2 2 2 2 3189 3301 3186
9586 2 2 2 2 3187 3302 3190
9587 2 2 2 2 3187 3188 3302
9588 2 2 2 2 3303 3188 3191
9589 2 2 2 2 3188 3303 3302
9590 2 2 2 2 3189 3304 3301
9591 2 2 2 2 3190 3304 3189
9592 2 2 2 2 3302 3304 3190
9593 2 2 2 2 3191 3193 3305
9594 2 2 2 2 3303 3191 3305
9595 2 2 2 2 3192 3195 3306
9596 2 2 2 2 3192 3306 3193
9597 2 2 2 2 3307 3193 3306
9598 2 2 2 2 3307 3305 3193
9599 2 2 2 2 3194 3196 3308
9600 2 2 2 2 3195 3194 3308
9601 2 2 2 2 3195 3308 3306
9602 2 2 2 2 3196 3197 3309
9603 2 2 2 2 3196 3309 3308
9604 2 2 6 6 3204 3310 3199
9605 2 2 6 6 3200 3198 3311
9606 2 2 6 6 3199 3311 3198
9607 2 2 6 6 3199 3310 3311
9608 2 2 6 6 3312 3288 3200
9609 2 2 6 6 3311 3312 3200
9610 2 2 6 6 3201 3313 3203
9611 2 2 6 6 3313 3201 3210
9612 2 2 6 6 3203 3314 3202
9613 2 2 6 6 3205 3202 3314
9614 2 2 6 6 3314 3203 3313
9615 2 2 6 6 3315 3205 3314
9616 2 2 6 6 3204 3316 3310
9617 2 2 6 6 3205 3316 3204
9618 2 2 6 6 3317 3316 3205
9619 2 2 6 6 3317 3205 3315
9620 2 2 6 6 3208 3318 3206
9621 2 2 6 6 3207 3206 3318
9622 2 2 6 6 3207 3318 3209
9623 2 2 6 6 3295 3319 3208
9624 2 2 6 6 3208 3319 3318
9625 2 2 6 6 3210 3209 3320
9626 2 2 6 6 3209 3318 3320
9627 2 2 6 6 3321 3313 3210
9628 2 2 6 6 3321 3210 3320
9629 2 2 2 2 3322 3324 3243
9630 2 2 2 2 3211 3243 3324
9631 2 2 2 2 3324 3325 3211
9632 2 2 2 2 3212 3211 3325
9633 2 2 2 2 3217 3212 3325
9634 2 2 2 2 3213 3214 3326
9635 2 2 2 2 3213 3326 3229
9636 2 2 2 2 3214 3215 3327
9637 2 2 2 2 3214 3327 3326
9638 2 2 2 2 3328 3215 3216
9639 2 2 2 2 3328 3327 3215
9640 2 2 2 2 3216 3217 3329
9641 2 2 2 2 3328 3216 3329
9642 2 2 2 2 3330 3217 3325
9643 2 2 2 2 3330 3329 3217
9644 2 2 2 2 3219 3331 3227
9645 2 2 2 2 3218 3228 3331
9646 2 2 2 2 3219 3218 3331
9647 2 2 2 2 3222 3220 3332
9648 2 2 2 2 3227 3332 3220
9649 2 2 2 2 3226 3221 3333
9650 2 2 2 2 3332 3333 3222
9651 2 2 2 2 3222 3333 3221
9652 2 2 2 2 3334 3230 3223
9653 2 2 2 2 3223 3224 3334
9654 2 2 2 2 3335 3334 3224
9655 2 2 2 2 3225 3335 3224
9656 2 2 2 2 3336 3335 3225
9657 2 2 2 2 3226 3336 3225
9658 2 2 2 2 3226 3333 3336
9659 2 2 2 2 3337 3332 3227
9660 2 2 2 2 3338 3227 3331
9661 2 2 2 2 3338 3337 3227
9662 2 2 2 2 3228 3229 3339
9663 2 2 2 2 3228 3339 3331
9664 2 2 2 2 3229 3326 3340
9665 2 2 2 2 3229 3340 3339
9666 2 2 2 2 3230 3334 3341
9667 2 2 2 2 3231 3230 3342
9668 2 2 2 2 3341 3342 3230
9669 2 2 2 2 3343 3232 3231
9670 2 2 2 2 3342 3343 3231
9671 2 2 2 2 3344 3233 3232
9672 2 2 2 2 3343 3344 3232
9673 2 2 2 2 3345 3234 3233
9674 2 2 2 2 3233 3344 3345
9675 2 2 2 2 3346 3235 3234
9676 2 2 2 2 3234 3345 3346
9677 2 2 2 2 3347 3236 3235
9678 2 2 2 2 3235 3346 3347
9679 2 2 2 2 3348 3237 3236
9680 2 2 2 2 3236 3347 3348
9681 2 2 2 2 3355 3243 3270
9682 2 2 2 2 3243 3355 3322
9683 2 2 2 2 3356 3322 3355
9684 2 2 2 2 3323 3322 3356
9685 2 2 2 2 3357 3323 3356
9686 2 2 7 7 3256 3358 3244
9687 2 2 7 7 3244 3358 3246
9688 2 2 7 7 3252 3245 3359
9689 2 2 7 7 3245 3247 3359
9690 2 2 7 7 3358 3360 3246
9691 2 2 7 7 3246 3360 3247
9692 2 2 7 7 3361 3359 3247
9693 2 2 7 7 3361 3247 3360
9694 2 2 7 7 3250 3362 3248
9695 2 2 24 24 3283 3248 3362
9696 2 2 7 7 3250 3363 3362
9697 2 2 7 7 3250 3249 3363
9698 2 2 7 7 3249 3251 3363
9699 2 2 7 7 3251 3364 3363
9700 2 2 7 7 3252 3364 3251
9701 2 2 7 7 3359 3364 3252
9702 2 2 7 7 3254 3365 3257
9703 2 2 7 7 3254 3253 3365
9704 2 2 7 7 3253 3255 3365
9705 2 2 7 7 3255 3366 3365
9706 2 2 7 7 3255 3259 3366
9707 2 2 7 7 3256 3367 3358
9708 2 2 7 7 3257 3367 3256
9709 2 2 7 7 3368 3257 3365
9710 2 2 7 7 3257 3368 3367
9711 2 2 7 7 3265 3369 3258
9712 2 2 7 7 3258 3369 3370
9713 2 2 7 7 3259 3370 3366
9714 2 2 7 7 3259 3258 3370
9715 2 2 7 7 3371 3366 3370
9716 2 2 7 7 3261 3284 3372
9717 2 2 7 7 3260 3261 3372
9718 2 2 7 7 3260 3372 3266
9719 2 2 7 7 3262 3266 3373
9720 2 2 7 7 3262 3373 3263
9721 2 2 7 7 3263 3373 3264
9722 2 2 7 7 3374 3264 3373
9723 2 2 7 7 3265 3264 3374
9724 2 2 7 7 3265 3374 3369
9725 2 2 7 7 3375 3369 3374
9726 2 2 7 7 3266 3372 3376
9727 2 2 7 7 3266 3376 3373
9728 2 2 24 24 3377 3282 3267
9729 2 2 24 24 3283 3377 3267
9730 2 2 23 23 3378 3268 3277
9731 2 2 2 2 3269 3268 3379
9732 2 2 2 2 3269 3379 3271
9733 2 2 23 23 3378 3379 3268
9734 2 2 2 2 3380 3270 3271
9735 2 2 2 2 3270 3380 3355
9736 2 2 24 24 3381 3380 3271
9737 2 2 24 24 3381 3271 3379
9738 2 2 23 23 3272 3281 3382
9739 2 2 23 23 3272 3382 3273
9740 2 2 23 23 3273 3382 3383
9741 2 2 23 23 3273 3383 3274
9742 2 2 23 23 3274 3383 3384
9743 2 2 23 23 3275 3274 3384
9744 2 2 23 23 3275 3384 3276
9745 2 2 23 23 3276 3384 3385
9746 2 2 23 23 3280 3276 3385
9747 2 2 23 23 3378 3277 3386
9748 2 2 23 23 3277 3278 3386
9749 2 2 23 23 3278 3279 3386
9750 2 2 23 23 3280 3385 3387
9751 2 2 23 23 3280 3387 3279
9752 2 2 23 23 3387 3386 3279
9753 2 2 23 23 3281 3282 3388
9754 2 2 23 23 3281 3388 3382
9755 2 2 24 24 3389 3388 3282
9756 2 2 24 24 3282 3377 3389
9757 2 2 24 24 3283 3362 3390
9758 2 2 24 24 3283 3390 3377
9759 2 2 7 7 3284 3285 3391
9760 2 2 7 7 3284 3391 3372
9761 2 2 7 7 3391 3285 3392
9762 2 2 7 7 3285 3286 3393
9763 2 2 7 7 3285 3393 3392
9764 2 2 6 6 3294 3394 3287
9765 2 2 6 6 3286 3395 3393
9766 2 2 6 6 3287 3395 3286
9767 2 2 6 6 3287 3394 3395
9768 2 2 6 6 3396 3291 3288
9769 2 2 6 6 3312 3396 3288
9770 2 2 6 6 3290 3397 3289
9771 2 2 6 6 3293 3289 3397
9772 2 2 6 6 3398 3290 3291
9773 2 2 6 6 3397 3290 3398
9774 2 2 6 6 3398 3291 3396
9775 2 2 6 6 3294 3292 3399
9776 2 2 6 6 3399 3292 3293
9777 2 2 6 6 3399 3293 3400
9778 2 2 6 6 3293 3397 3400
9779 2 2 6 6 3294 3399 3401
9780 2 2 6 6 3294 3401 3394
9781 2 2 6 6 3402 3394 3401
9782 2 2 6 6 3319 3295 3403
9783 2 2 6 6 3296 3403 3295
9784 2 2 6 6 3403 3296 3404
9785 2 2 6 6 3296 3297 3404
9786 2 2 6 6 3405 3404 3297
9787 2 2 6 6 3297 3298 3405
9788 2 2 6 6 3406 3405 3298
9789 2 2 2 2 3299 3406 3298
9790 2 2 2 2 3299 3407 3406
9791 2 2 2 2 3407 3299 3300
9792 2 2 2 2 3300 3408 3407
9793 2 2 2 2 3408 3300 3301
9794 2 2 2 2 3301 3409 3408
9795 2 2 2 2 3409 3301 3304
9796 2 2 2 2 3303 3305 3410
9797 2 2 2 2 3303 3410 3302
9798 2 2 2 2 3302 3410 3304
9799 2 2 2 2 3411 3304 3410
9800 2 2 2 2 3411 3409 3304
9801 2 2 2 2 3305 3412 3410
9802 2 2 2 2 3307 3412 3305
9803 2 2 2 2 3306 3308 3413
9804 2 2 2 2 3307 3306 3413
9805 2 2 2 2 3307 3413 3412
9806 2 2 2 2 3308 3309 3414
9807 2 2 2 2 3414 3413 3308
9808 2 2 6 6 3316 3415 3310
9809 2 2 6 6 3310 3415 3416
9810 2 2 6 6 3310 3416 3311
9811 2 2 6 6 3311 3416 3312
9812 2 2 6 6 3416 3417 3312
9813 2 2 6 6 3396 3312 3417
9814 2 2 6 6 3313 3321 3418
9815 2 2 6 6 3315 3314 3418
9816 2 2 6 6 3314 3313 3418
9817 2 2 6 6 3315 3418 3419
9818 2 2 6 6 3317 3315 3419
9819 2 2 6 6 3317 3419 3420
9820 2 2 6 6 3317 3420 3316
9821 2 2 6 6 3316 3420 3415
9822 2 2 6 6 3320 3318 3421
9823 2 2 6 6 3319 3421 3318
9824 2 2 6 6 3422 3421 3319
9825 2 2 6 6 3422 3319 3403
9826 2 2 6 6 3321 3320 3423
9827 2 2 6 6 3321 3423 3418
9828 2 2 6 6 3320 3421 3423
9829 2 2 2 2 3323 3425 3322
9830 2 2 2 2 3322 3425 3324
9831 2 2 2 2 3424 3426 3357
9832 2 2 2 2 3426 3323 3357
9833 2 2 2 2 3426 3427 3323
9834 2 2 2 2 3427 3425 3323
9835 2 2 2 2 3425 3428 3324
9836 2 2 2 2 3325 3324 3428
9837 2 2 2 2 3429 3325 3428
9838 2 2 2 2 3330 3325 3429
9839 2 2 2 2 3326 3327 3430
9840 2 2 2 2 3326 3430 3340
9841 2 2 2 2 3328 3329 3431
9842 2 2 2 2 3328 3431 3327
9843 2 2 2 2 3327 3431 3430
9844 2 2 2 2 3329 3330 3432
9845 2 2 2 2 3330 3429 3432
9846 2 2 2 2 3432 3431 3329
9847 2 2 2 2 3331 3339 3433
9848 2 2 2 2 3338 3331 3433
9849 2 2 2 2 3332 3434 3333
9850 2 2 2 2 3337 3434 3332
9851 2 2 2 2 3336 3333 3435
9852 2 2 2 2 3434 3435 3333
9853 2 2 2 2 3436 3341 3334
9854 2 2 2 2 3334 3335 3436
9855 2 2 2 2 3437 3436 3335
9856 2 2 2 2 3335 3336 3437
9857 2 2 2 2 3435 3437 3336
9858 2 2 2 2 3337 3438 3434
9859 2 2 2 2 3338 3433 3438
9860 2 2 2 2 3337 3338 3438
9861 2 2 2 2 3439 3438 3433
9862 2 2 2 2 3339 3340 3440
9863 2 2 2 2 3440 3433 3339
9864 2 2 2 2 3340 3430 3441
9865 2 2 2 2 3441 3440 3340
9866 2 2 2 2 3442 3341 3436
9867 2 2 2 2 3443 3342 3341
9868 2 2 2 2 3442 3443 3341
9869 2 2 2 2 3343 3342 3444
9870 2 2 2 2 3443 3444 3342
9871 2 2 2 2 3445 3344 3343
9872 2 2 2 2 3444 3445 3343
9873 2 2 2 2 3446 3345 3344
9874 2 2 2 2 3344 3445 3446
9875 2 2 2 2 3447 3346 3345
9876 2 2 2 2 3345 3446 3447
9877 2 2 2 2 3448 3347 3346
9878 2 2 2 2 3346 3447 3448
9879 2 2 2 2 3449 3348 3347
9880 2 2 2 2 3347 3448 3449
9881 2 2 2 2 3457 3355 3380
9882 2 2 2 2 3457 3356 3355
9883 2 2 2 2 3424 3357 3458
9884 2 2 2 2 3356 3457 3459
9885 2 2 2 2 3357 3459 3458
9886 2 2 2 2 3357 3356 3459
9887 2 2 7 7 3358 3460 3360
9888 2 2 7 7 3367 3460 3358
9889 2 2 7 7 3359 3461 3364
9890 2 2 7 7 3361 3461 3359
9891 2 2 7 7 3462 3360 3460
9892 2 2 7 7 3361 3462 3461
9893 2 2 7 7 3361 3360 3462
9894 2 2 7 7 3363 3463 3362
9895 2 2 24 24 3390 3362 3463
9896 2 2 7 7 3463 3363 3464
9897 2 2 7 7 3364 3464 3363
9898 2 2 7 7 3461 3464 3364
9899 2 2 7 7 3368 3365 3465
9900 2 2 7 7 3366 3465 3365
9901 2 2 7 7 3371 3465 3366
9902 2 2 7 7 3367 3466 3460
9903 2 2 7 7 3368 3465 3466
9904 2 2 7 7 3368 3466 3367
9905 2 2 7 7 3371 3467 3465
9906 2 2 7 7 3369 3468 3370
9907 2 2 7 7 3375 3468 3369
9908 2 2 7 7 3469 3370 3468
9909 2 2 7 7 3371 3469 3467
9910 2 2 7 7 3371 3370 3469
9911 2 2 7 7 3372 3391 3470
9912 2 2 7 7 3376 3372 3470
9913 2 2 7 7 3373 3376 3472
9914 2 2 7 7 3374 3373 3472
9915 2 2 7 7 3375 3374 3472
9916 2 2 7 7 3471 3468 3473
9917 2 2 7 7 3375 3472 3473
9918 2 2 7 7 3375 3473 3468
9919 2 2 7 7 3376 3470 3474
9920 2 2 7 7 3376 3474 3472
9921 2 2 24 24 3475 3389 3377
9922 2 2 24 24 3377 3390 3475
9923 2 2 23 23 3378 3476 3379
9924 2 2 23 23 3378 3386 3476
9925 2 2 24 24 3477 3379 3476
9926 2 2 24 24 3381 3379 3477
9927 2 2 24 24 3457 3380 3478
9928 2 2 24 24 3381 3478 3380
9929 2 2 24 24 3381 3477 3478
9930 2 2 23 23 3382 3388 3479
9931 2 2 23 23 3382 3479 3383
9932 2 2 23 23 3383 3479 3480
9933 2 2 23 23 3383 3480 3384
9934 2 2 23 23 3481 3384 3480
9935 2 2 23 23 3481 3385 3384
9936 2 2 23 23 3385 3481 3482
9937 2 2 23 23 3482 3387 3385
9938 2 2 23 23 3387 3482 3483
9939 2 2 23 23 3386 3483 3476
9940 2 2 23 23 3483 3386 3387
9941 2 2 24 24 3484 3479 3388
9942 2 2 24 24 3388 3389 3484
9943 2 2 24 24 3485 3484 3389
9944 2 2 24 24 3389 3475 3485
9945 2 2 24 24 3390 3463 3486
9946 2 2 24 24 3486 3475 3390
9947 2 2 7 7 3391 3392 3487
9948 2 2 7 7 3470 3391 3487
9949 2 2 7 7 3487 3392 3488
9950 2 2 6 6 3402 3489 3394
9951 2 2 7 7 3392 3393 3490
9952 2 2 7 7 3392 3490 3488
9953 2 2 6 6 3395 3491 3393
9954 2 2 6 6 3490 3393 3491
9955 2 2 6 6 3489 3492 3394
9956 2 2 6 6 3395 3394 3492
9957 2 2 6 6 3492 3491 3395
9958 2 2 6 6 3396 3417 3493
9959 2 2 6 6 3396 3493 3398
9960 2 2 6 6 3494 3398 3493
9961 2 2 6 6 3400 3397 3494
9962 2 2 6 6 3398 3494 3397
9963 2 2 6 6 3401 3399 3495
9964 2 2 6 6 3400 3495 3399
9965 2 2 6 6 3495 3400 3496
9966 2 2 6 6 3400 3494 3496
9967 2 2 6 6 3497 3401 3495
9968 2 2 6 6 3402 3401 3497
9969 2 2 6 6 3498 3402 3497
9970 2 2 6 6 3402 3498 3489
9971 2 2 6 6 3498 3499 3489
9972 2 2 6 6 3422 3403 3500
9973 2 2 6 6 3403 3404 3500
9974 2 2 6 6 3405 3406 3501
9975 2 2 6 6 3404 3502 3500
9976 2 2 6 6 3404 3405 3502
9977 2 2 6 6 3405 3501 3502
9978 2 2 2 2 3407 3408 3503
9979 2 2 6 6 3406 3504 3501
9980 2 2 2 2 3407 3504 3406
9981 2 2 2 2 3407 3503 3504
9982 2 2 2 2 3408 3505 3503
9983 2 2 2 2 3505 3408 3409
9984 2 2 2 2 3506 3505 3409
9985 2 2 2 2 3506 3409 3411
9986 2 2 2 2 3410 3412 3507
9987 2 2 2 2 3411 3410 3507
9988 2 2 2 2 3506 3411 3507
9989 2 2 2 2 3412 3413 3508
9990 2 2 2 2 3412 3508 3507
9991 2 2 2 2 3509 3413 3414
9992 2 2 2 2 3508 3413 3509
9993 2 2 6 6 3420 3510 3415
9994 2 2 6 6 3415 3510 3511
9995 2 2 6 6 3415 3511 3416
9996 2 2 6 6 3416 3511 3417
9997 2 2 6 6 3511 3512 3417
9998 2 2 6 6 3417 3512 3493
9999 2 2 6 6 3419 3418 3513
10000 2 2 6 6 3418 3423 3513
10001 2 2 6 6 3419 3514 3420
10002 2 2 6 6 3419 3513 3514
10003 2 2 6 6 3420 3514 3510
10004 2 2 6 6 3422 3515 3421
10005 2 2 6 6 3421 3515 3423
10006 2 2 6 6 3422 3500 3515
10007 2 2 6 6 3513 3423 3516
10008 2 2 6 6 3516 3423 3515
10009 2 2 2 2 3424 3458 3517
10010 2 2 2 2 3518 3426 3424
10011 2 2 2 2 3519 3424 3517
10012 2 2 2 2 3519 3518 3424
10013 2 2 2 2 3520 3518 3519
10014 2 2 2 2 3517 3521 3519
10015 2 2 2 2 3427 3522 3425
10016 2 2 2 2 3522 3428 3425
10017 2 2 2 2 3518 3523 3426
10018 2 2 2 2 3523 3427 3426
10019 2 2 2 2 3523 3524 3427
10020 2 2 2 2 3522 3427 3524
10021 2 2 2 2 3522 3525 3428
10022 2 2 2 2 3429 3428 3526
10023 2 2 2 2 3525 3526 3428
10024 2 2 2 2 3526 3527 3429
10025 2 2 2 2 3432 3429 3527
10026 2 2 2 2 3430 3431 3528
10027 2 2 2 2 3528 3441 3430
10028 2 2 2 2 3431 3432 3529
10029 2 2 2 2 3527 3529 3432
10030 2 2 2 2 3529 3528 3431
10031 2 2 2 2 3530 3433 3440
10032 2 2 2 2 3439 3433 3530
10033 2 2 2 2 3439 3530 3531
10034 2 2 2 2 3532 3434 3438
10035 2 2 2 2 3533 3435 3434
10036 2 2 2 2 3532 3533 3434
10037 2 2 2 2 3435 3534 3437
10038 2 2 2 2 3533 3534 3435
10039 2 2 2 2 3535 3442 3436
10040 2 2 2 2 3437 3535 3436
10041 2 2 2 2 3534 3535 3437
10042 2 2 2 2 3532 3438 3536
10043 2 2 2 2 3439 3536 3438
10044 2 2 2 2 3531 3536 3439
10045 2 2 2 2 3440 3441 3537
10046 2 2 2 2 3530 3440 3537
10047 2 2 2 2 3441 3528 3538
10048 2 2 2 2 3538 3537 3441
10049 2 2 2 2 3442 3535 3539
10050 2 2 2 2 3443 3442 3540
10051 2 2 2 2 3539 3540 3442
10052 2 2 2 2 3444 3443 3541
10053 2 2 2 2 3540 3541 3443
10054 2 2 2 2 3542 3445 3444
10055 2 2 2 2 3444 3541 3542
10056 2 2 2 2 3543 3446 3445
10057 2 2 2 2 3445 3542 3543
10058 2 2 2 2 3544 3447 3446
10059 2 2 2 2 3446 3543 3544
10060 2 2 2 2 3545 3448 3447
10061 2 2 2 2 3447 3544 3545
10062 2 2 2 2 3546 3449 3448
10063 2 2 2 2 3448 3545 3546
10064 2 2 7 7 3488 3490 3555
10065 2 2 24 24 3556 3517 3458
10066 2 2 24 24 3556 3557 3517
10067 2 2 24 24 3558 3459 3457
10068 2 2 24 24 3457 3478 3558
10069 2 2 24 24 3559 3458 3459
10070 2 2 24 24 3556 3458 3559
10071 2 2 24 24 3459 3558 3559
10072 2 2 7 7 3462 3460 3560
10073 2 2 7 7 3460 3466 3560
10074 2 2 7 7 3461 3561 3464
10075 2 2 7 7 3560 3561 3462
10076 2 2 7 7 3461 3462 3561
10077 2 2 7 7 3464 3562 3463
10078 2 2 7 7 3464 3561 3562
10079 2 2 24 24 3486 3463 3562
10080 2 2 7 7 3465 3563 3466
10081 2 2 7 7 3467 3563 3465
10082 2 2 7 7 3563 3564 3466
10083 2 2 7 7 3560 3466 3564
10084 2 2 7 7 3467 3565 3563
10085 2 2 7 7 3467 3469 3565
10086 2 2 7 7 3469 3566 3565
10087 2 2 7 7 3469 3468 3566
10088 2 2 7 7 3471 3566 3468
10089 2 2 7 7 3487 3568 3470
10090 2 2 7 7 3474 3470 3568
10091 2 2 7 7 3567 3566 3569
10092 2 2 7 7 3471 3569 3566
10093 2 2 7 7 3471 3473 3569
10094 2 2 7 7 3473 3570 3569
10095 2 2 7 7 3474 3570 3472
10096 2 2 7 7 3473 3472 3570
10097 2 2 7 7 3568 3571 3474
10098 2 2 7 7 3570 3474 3571
10099 2 2 24 24 3572 3485 3475
10100 2 2 24 24 3475 3486 3572
10101 2 2 24 24 3573 3476 3483
10102 2 2 24 24 3476 3573 3477
10103 2 2 24 24 3574 3477 3573
10104 2 2 24 24 3477 3574 3478
10105 2 2 24 24 3575 3558 3478
10106 2 2 24 24 3575 3478 3574
10107 2 2 24 24 3576 3480 3479
10108 2 2 24 24 3484 3576 3479
10109 2 2 24 24 3577 3481 3480
10110 2 2 24 24 3576 3577 3480
10111 2 2 24 24 3578 3482 3481
10112 2 2 24 24 3481 3577 3578
10113 2 2 24 24 3579 3483 3482
10114 2 2 24 24 3483 3579 3573
10115 2 2 24 24 3482 3578 3579
10116 2 2 24 24 3580 3485 3572
10117 2 2 24 24 3581 3576 3484
10118 2 2 24 24 3485 3581 3484
10119 2 2 24 24 3582 3581 3485
10120 2 2 24 24 3580 3582 3485
10121 2 2 24 24 3486 3562 3583
10122 2 2 24 24 3572 3486 3583
10123 2 2 7 7 3488 3584 3487
10124 2 2 7 7 3568 3487 3584
10125 2 2 7 7 3488 3555 3585
10126 2 2 7 7 3584 3488 3585
10127 2 2 6 6 3489 3499 3586
10128 2 2 6 6 3489 3586 3492
10129 2 2 6 6 3491 3587 3490
10130 2 2 6 6 3555 3490 3587
10131 2 2 6 6 3586 3588 3492
10132 2 2 6 6 3492 3588 3491
10133 2 2 6 6 3588 3587 3491
10134 2 2 6 6 3587 3589 3555
10135 2 2 6 6 3493 3512 3590
10136 2 2 6 6 3496 3494 3590
10137 2 2 6 6 3494 3493 3590
10138 2 2 6 6 3497 3495 3591
10139 2 2 6 6 3495 3496 3591
10140 2 2 6 6 3592 3591 3496
10141 2 2 6 6 3592 3496 3590
10142 2 2 6 6 3497 3591 3593
10143 2 2 6 6 3498 3497 3593
10144 2 2 6 6 3498 3593 3499
10145 2 2 6 6 3499 3594 3586
10146 2 2 6 6 3499 3593 3595
10147 2 2 6 6 3595 3594 3499
10148 2 2 6 6 3500 3596 3515
10149 2 2 6 6 3500 3502 3596
10150 2 2 6 6 3597 3501 3504
10151 2 2 6 6 3502 3598 3596
10152 2 2 6 6 3501 3598 3502
10153 2 2 6 6 3597 3598 3501
10154 2 2 2 2 3599 3503 3505
10155 2 2 6 6 3597 3504 3600
10156 2 2 2 2 3503 3600 3504
10157 2 2 2 2 3599 3600 3503
10158 2 2 2 2 3599 3505 3601
10159 2 2 2 2 3506 3507 3601
10160 2 2 2 2 3506 3601 3505
10161 2 2 2 2 3507 3508 3602
10162 2 2 2 2 3601 3507 3602
10163 2 2 2 2 3508 3509 3603
10164 2 2 2 2 3603 3602 3508
10165 2 2 6 6 3604 3510 3514
10166 2 2 6 6 3605 3590 3512
10167 2 2 6 6 3604 3606 3510
10168 2 2 6 6 3510 3606 3511
10169 2 2 6 6 3511 3606 3512
10170 2 2 6 6 3607 3512 3606
10171 2 2 6 6 3605 3512 3607
10172 2 2 6 6 3513 3608 3514
10173 2 2 6 6 3513 3516 3608
10174 2 2 6 6 3609 3514 3608
10175 2 2 6 6 3604 3514 3609
10176 2 2 6 6 3516 3515 3610
10177 2 2 6 6 3610 3515 3596
10178 2 2 6 6 3611 3608 3516
10179 2 2 6 6 3611 3516 3610
10180 2 2 24 24 3521 3517 3612
10181 2 2 24 24 3557 3612 3517
10182 2 2 24 24 3557 3613 3612
10183 2 2 2 2 3520 3614 3518
10184 2 2 2 2 3614 3523 3518
10185 2 2 2 2 3615 3519 3521
10186 2 2 2 2 3519 3615 3520
10187 2 2 2 2 3616 3614 3520
10188 2 2 2 2 3617 3520 3615
10189 2 2 2 2 3616 3520 3617
10190 2 2 2 2 3521 3618 3615
10191 2 2 24 24 3619 3618 3521
10192 2 2 24 24 3619 3521 3612
10193 2 2 24 24 3620 3618 3619
10194 2 2 2 2 3621 3522 3524
10195 2 2 2 2 3621 3525 3522
10196 2 2 2 2 3614 3622 3523
10197 2 2 2 2 3622 3524 3523
10198 2 2 2 2 3623 3524 3622
10199 2 2 2 2 3624 3621 3524
10200 2 2 2 2 3623 3624 3524
10201 2 2 2 2 3525 3621 3625
10202 2 2 2 2 3626 3526 3525
10203 2 2 2 2 3626 3525 3625
10204 2 2 2 2 3527 3526 3627
10205 2 2 2 2 3626 3627 3526
10206 2 2 2 2 3627 3628 3527
10207 2 2 2 2 3529 3527 3628
10208 2 2 2 2 3528 3529 3629
10209 2 2 2 2 3628 3629 3529
10210 2 2 2 2 3629 3538 3528
10211 2 2 2 2 3530 3537 3630
10212 2 2 2 2 3531 3530 3630
10213 2 2 2 2 3531 3631 3536
10214 2 2 2 2 3531 3630 3631
10215 2 2 2 2 3533 3532 3632
10216 2 2 2 2 3533 3632 3534
10217 2 2 2 2 3532 3536 3632
10218 2 2 2 2 3534 3632 3633
10219 2 2 2 2 3534 3633 3535
10220 2 2 2 2 3633 3539 3535
10221 2 2 2 2 3631 3634 3536
10222 2 2 2 2 3634 3632 3536
10223 2 2 2 2 3630 3537 3635
10224 2 2 2 2 3537 3538 3635
10225 2 2 2 2 3636 3635 3538
10226 2 2 2 2 3538 3629 3636
10227 2 2 2 2 3539 3633 3637
10228 2 2 2 2 3637 3638 3539
10229 2 2 2 2 3540 3539 3638
10230 2 2 2 2 3638 3639 3540
10231 2 2 2 2 3541 3540 3639
10232 2 2 2 2 3541 3639 3640
10233 2 2 2 2 3640 3542 3541
10234 2 2 2 2 3542 3640 3641
10235 2 2 2 2 3641 3543 3542
10236 2 2 2 2 3543 3641 3642
10237 2 2 2 2 3642 3544 3543
10238 2 2 2 2 3544 3642 3643
10239 2 2 2 2 3643 3545 3544
10240 2 2 2 2 3545 3643 3644
10241 2 2 2 2 3644 3546 3545
10242 2 2 7 7 3585 3555 3653
10243 2 2 6 6 3653 3555 3589
10244 2 2 24 24 3557 3556 3654
10245 2 2 24 24 3557 3654 3613
10246 2 2 24 24 3556 3559 3654
10247 2 2 24 24 3575 3655 3558
10248 2 2 24 24 3654 3559 3655
10249 2 2 24 24 3558 3655 3559
10250 2 2 24 24 3656 3613 3654
10251 2 2 7 7 3564 3657 3560
10252 2 2 7 7 3560 3657 3561
10253 2 2 24 24 3583 3562 3658
10254 2 2 7 7 3657 3658 3561
10255 2 2 7 7 3562 3561 3658
10256 2 2 7 7 3563 3565 3659
10257 2 2 7 7 3564 3563 3659
10258 2 2 7 7 3660 3657 3564
10259 2 2 7 7 3659 3660 3564
10260 2 2 7 7 3659 3565 3661
10261 2 2 7 7 3567 3662 3566
10262 2 2 7 7 3662 3565 3566
10263 2 2 7 7 3662 3661 3565
10264 2 2 7 7 3567 3569 3663
10265 2 2 7 7 3567 3663 3662
10266 2 2 7 7 3571 3568 3664
10267 2 2 7 7 3584 3664 3568
10268 2 2 7 7 3571 3665 3570
10269 2 2 7 7 3570 3665 3569
10270 2 2 7 7 3569 3665 3663
10271 2 2 7 7 3666 3665 3571
10272 2 2 7 7 3666 3571 3664
10273 2 2 24 24 3580 3572 3667
10274 2 2 24 24 3583 3667 3572
10275 2 2 24 24 3573 3668 3574
10276 2 2 24 24 3668 3573 3579
10277 2 2 24 24 3575 3669 3655
10278 2 2 24 24 3669 3574 3668
10279 2 2 24 24 3575 3574 3669
10280 2 2 24 24 3581 3670 3576
10281 2 2 24 24 3670 3577 3576
10282 2 2 24 24 3577 3670 3671
10283 2 2 24 24 3671 3578 3577
10284 2 2 24 24 3578 3671 3672
10285 2 2 24 24 3579 3672 3668
10286 2 2 24 24 3672 3579 3578
10287 2 2 24 24 3580 3673 3582
10288 2 2 24 24 3580 3667 3673
10289 2 2 24 24 3582 3673 3674
10290 2 2 24 24 3582 3674 3581
10291 2 2 24 24 3581 3674 3670
10292 2 2 24 24 3667 3583 3675
10293 2 2 24 24 3583 3658 3675
10294 2 2 24 24 3676 3655 3669
10295 2 2 7 7 3664 3584 3677
10296 2 2 7 7 3585 3677 3584
10297 2 2 7 7 3677 3585 3678
10298 2 2 7 7 3585 3653 3678
10299 2 2 6 6 3586 3594 3679
10300 2 2 6 6 3586 3679 3588
10301 2 2 6 6 3679 3680 3588
10302 2 2 6 6 3588 3680 3587
10303 2 2 6 6 3589 3587 3680
10304 2 2 6 6 3589 3681 3653
10305 2 2 6 6 3680 3682 3589
10306 2 2 6 6 3681 3589 3682
10307 2 2 6 6 3592 3590 3683
10308 2 2 6 6 3605 3683 3590
10309 2 2 6 6 3591 3684 3593
10310 2 2 6 6 3592 3684 3591
10311 2 2 6 6 3592 3683 3684
10312 2 2 6 6 3595 3593 3685
10313 2 2 6 6 3685 3593 3684
10314 2 2 6 6 3594 3686 3679
10315 2 2 6 6 3595 3685 3687
10316 2 2 6 6 3595 3687 3594
10317 2 2 6 6 3594 3687 3686
10318 2 2 6 6 3596 3688 3610
10319 2 2 6 6 3596 3598 3688
10320 2 2 6 6 3597 3689 3598
10321 2 2 6 6 3597 3600 3689
10322 2 2 6 6 3690 3688 3598
10323 2 2 6 6 3598 3689 3690
10324 2 2 2 2 3599 3601 3691
10325 2 2 2 2 3599 3691 3600
10326 2 2 2 2 3692 3600 3691
10327 2 2 2 2 3692 3689 3600
10328 2 2 2 2 3691 3601 3693
10329 2 2 2 2 3601 3602 3693
10330 2 2 2 2 3694 3693 3602
10331 2 2 2 2 3602 3603 3694
10332 2 2 6 6 3604 3695 3606
10333 2 2 6 6 3604 3609 3695
10334 2 2 6 6 3605 3696 3683
10335 2 2 6 6 3607 3696 3605
10336 2 2 6 6 3697 3606 3695
10337 2 2 6 6 3607 3606 3697
10338 2 2 6 6 3607 3697 3696
10339 2 2 6 6 3609 3608 3698
10340 2 2 6 6 3611 3698 3608
10341 2 2 6 6 3699 3695 3609
10342 2 2 6 6 3699 3609 3698
10343 2 2 6 6 3611 3700 3698
10344 2 2 6 6 3611 3610 3700
10345 2 2 6 6 3610 3688 3700
10346 2 2 24 24 3701 3619 3612
10347 2 2 24 24 3702 3701 3612
10348 2 2 24 24 3702 3612 3613
10349 2 2 24 24 3656 3703 3613
10350 2 2 24 24 3702 3613 3703
10351 2 2 2 2 3614 3704 3622
10352 2 2 2 2 3616 3704 3614
10353 2 2 2 2 3705 3617 3615
10354 2 2 2 2 3705 3615 3618
10355 2 2 2 2 3616 3706 3704
10356 2 2 2 2 3616 3617 3706
10357 2 2 2 2 3707 3706 3617
10358 2 2 2 2 3617 3705 3707
10359 2 2 2 2 3708 3704 3706
10360 2 2 24 24 3620 3709 3618
10361 2 2 2 2 3618 3709 3705
10362 2 2 24 24 3619 3701 3710
10363 2 2 24 24 3620 3619 3710
10364 2 2 24 24 3620 3710 3711
10365 2 2 24 24 3711 3709 3620
10366 2 2 2 2 3712 3625 3621
10367 2 2 2 2 3624 3712 3621
10368 2 2 2 2 3623 3622 3713
10369 2 2 2 2 3622 3704 3713
10370 2 2 2 2 3623 3714 3624
10371 2 2 2 2 3713 3714 3623
10372 2 2 2 2 3715 3624 3714
10373 2 2 2 2 3715 3712 3624
10374 2 2 2 2 3712 3716 3625
10375 2 2 2 2 3717 3625 3716
10376 2 2 2 2 3626 3625 3717
10377 2 2 2 2 3626 3717 3627
10378 2 2 2 2 3717 3718 3627
10379 2 2 2 2 3628 3627 3718
10380 2 2 2 2 3719 3636 3629
10381 2 2 2 2 3629 3628 3719
10382 2 2 2 2 3718 3719 3628
10383 2 2 2 2 3630 3635 3720
10384 2 2 2 2 3631 3630 3720
10385 2 2 2 2 3631 3720 3634
10386 2 2 2 2 3634 3720 3721
10387 2 2 2 2 3634 3721 3632
10388 2 2 2 2 3633 3632 3721
10389 2 2 2 2 3633 3721 3637
10390 2 2 2 2 3636 3719 3722
10391 2 2 2 2 3723 3720 3635
10392 2 2 2 2 3724 3723 3635
10393 2 2 2 2 3724 3636 3722
10394 2 2 2 2 3724 3635 3636
10395 2 2 2 2 3725 3637 3721
10396 2 2 2 2 3725 3726 3637
10397 2 2 2 2 3638 3637 3726
10398 2 2 2 2 3726 3727 3638
10399 2 2 2 2 3639 3638 3727
10400 2 2 2 2 3639 3727 3728
10401 2 2 2 2 3728 3640 3639
10402 2 2 2 2 3640 3728 3729
10403 2 2 2 2 3729 3641 3640
10404 2 2 2 2 3641 3729 3730
10405 2 2 2 2 3730 3642 3641
10406 2 2 2 2 3642 3730 3731
10407 2 2 2 2 3731 3643 3642
10408 2 2 2 2 3643 3731 3732
10409 2 2 2 2 3732 3644 3643
10410 2 2 7 7 3678 3653 3741
10411 2 2 6 6 3681 3741 3653
10412 2 2 24 24 3676 3742 3655
10413 2 2 24 24 3656 3654 3742
10414 2 2 24 24 3742 3654 3655
10415 2 2 24 24 3656 3742 3743
10416 2 2 24 24 3656 3743 3703
10417 2 2 24 24 3675 3658 3744
10418 2 2 7 7 3660 3744 3657
10419 2 2 7 7 3657 3744 3658
10420 2 2 7 7 3659 3661 3745
10421 2 2 7 7 3660 3659 3745
10422 2 2 7 7 3745 3744 3660
10423 2 2 7 7 3746 3745 3661
10424 2 2 7 7 3661 3662 3747
10425 2 2 7 7 3747 3746 3661
10426 2 2 7 7 3663 3748 3662
10427 2 2 7 7 3747 3662 3748
10428 2 2 7 7 3665 3749 3663
10429 2 2 7 7 3748 3663 3749
10430 2 2 7 7 3666 3664 3750
10431 2 2 7 7 3664 3677 3750
10432 2 2 7 7 3666 3751 3665
10433 2 2 7 7 3749 3665 3751
10434 2 2 7 7 3666 3750 3751
10435 2 2 24 24 3673 3667 3752
10436 2 2 24 24 3667 3675 3752
10437 2 2 24 24 3676 3669 3753
10438 2 2 24 24 3668 3753 3669
10439 2 2 24 24 3668 3672 3753
10440 2 2 24 24 3670 3674 3754
10441 2 2 24 24 3754 3671 3670
10442 2 2 24 24 3671 3754 3755
10443 2 2 24 24 3672 3755 3753
10444 2 2 24 24 3755 3672 3671
10445 2 2 24 24 3673 3756 3674
10446 2 2 24 24 3673 3752 3756
10447 2 2 24 24 3756 3757 3674
10448 2 2 24 24 3757 3754 3674
10449 2 2 24 24 3752 3675 3758
10450 2 2 24 24 3675 3744 3758
10451 2 2 24 24 3676 3753 3759
10452 2 2 24 24 3676 3759 3742
10453 2 2 7 7 3677 3760 3750
10454 2 2 7 7 3678 3760 3677
10455 2 2 7 7 3760 3678 3761
10456 2 2 7 7 3678 3741 3761
10457 2 2 7 7 3762 3750 3760
10458 2 2 6 6 3681 3763 3741
10459 2 2 6 6 3686 3764 3679
10460 2 2 6 6 3679 3764 3680
10461 2 2 6 6 3680 3764 3682
10462 2 2 6 6 3682 3765 3681
10463 2 2 6 6 3763 3681 3765
10464 2 2 6 6 3764 3766 3682
10465 2 2 6 6 3765 3682 3766
10466 2 2 6 6 3696 3767 3683
10467 2 2 6 6 3683 3767 3684
10468 2 2 6 6 3685 3684 3768
10469 2 2 6 6 3768 3684 3767
10470 2 2 6 6 3685 3769 3687
10471 2 2 6 6 3769 3685 3768
10472 2 2 6 6 3686 3770 3764
10473 2 2 6 6 3686 3687 3770
10474 2 2 6 6 3771 3770 3687
10475 2 2 6 6 3771 3687 3769
10476 2 2 6 6 3688 3772 3700
10477 2 2 6 6 3688 3690 3772
10478 2 2 2 2 3692 3773 3689
10479 2 2 2 2 3690 3689 3773
10480 2 2 2 2 3774 3690 3773
10481 2 2 2 2 3774 3772 3690
10482 2 2 2 2 3692 3691 3775
10483 2 2 2 2 3692 3775 3773
10484 2 2 2 2 3691 3693 3775
10485 2 2 2 2 3776 3773 3775
10486 2 2 2 2 3777 3775 3693
10487 2 2 2 2 3693 3694 3777
10488 2 2 6 6 3695 3778 3697
10489 2 2 6 6 3699 3778 3695
10490 2 2 6 6 3696 3779 3767
10491 2 2 6 6 3697 3779 3696
10492 2 2 6 6 3779 3697 3778
10493 2 2 6 6 3699 3780 3778
10494 2 2 6 6 3698 3780 3699
10495 2 2 6 6 3698 3700 3780
10496 2 2 6 6 3700 3781 3780
10497 2 2 6 6 3781 3700 3772
10498 2 2 6 6 3782 3767 3779
10499 2 2 24 24 3701 3783 3710
10500 2 2 24 24 3702 3703 3784
10501 2 2 24 24 3702 3784 3701
10502 2 2 24 24 3783 3701 3784
10503 2 2 24 24 3703 3743 3785
10504 2 2 24 24 3703 3785 3784
10505 2 2 2 2 3708 3786 3704
10506 2 2 2 2 3713 3704 3786
10507 2 2 2 2 3787 3707 3705
10508 2 2 2 2 3787 3705 3709
10509 2 2 2 2 3708 3706 3788
10510 2 2 2 2 3706 3707 3788
10511 2 2 2 2 3789 3788 3707
10512 2 2 2 2 3707 3787 3789
10513 2 2 2 2 3708 3790 3786
10514 2 2 2 2 3708 3788 3790
10515 2 2 2 2 3791 3709 3711
10516 2 2 2 2 3792 3787 3709
10517 2 2 2 2 3791 3792 3709
10518 2 2 24 24 3793 3710 3783
10519 2 2 24 24 3710 3793 3711
10520 2 2 2 2 3794 3791 3711
10521 2 2 2 2 3711 3793 3794
10522 2 2 2 2 3794 3795 3791
10523 2 2 2 2 3796 3716 3712
10524 2 2 2 2 3715 3796 3712
10525 2 2 2 2 3714 3713 3797
10526 2 2 2 2 3713 3786 3797
10527 2 2 2 2 3715 3714 3798
10528 2 2 2 2 3715 3798 3796
10529 2 2 2 2 3797 3798 3714
10530 2 2 2 2 3799 3797 3786
10531 2 2 2 2 3716 3796 3800
10532 2 2 2 2 3716 3801 3717
10533 2 2 2 2 3800 3801 3716
10534 2 2 2 2 3718 3717 3801
10535 2 2 2 2 3718 3801 3802
10536 2 2 2 2 3802 3722 3719
10537 2 2 2 2 3719 3718 3802
10538 2 2 2 2 3722 3802 3803
10539 2 2 2 2 3723 3804 3720
10540 2 2 2 2 3720 3804 3721
10541 2 2 2 2 3721 3804 3725
10542 2 2 2 2 3723 3724 3805
10543 2 2 2 2 3723 3805 3804
10544 2 2 2 2 3724 3722 3805
10545 2 2 2 2 3803 3805 3722
10546 2 2 2 2 3806 3726 3725
10547 2 2 2 2 3807 3725 3804
10548 2 2 2 2 3807 3806 3725
10549 2 2 2 2 3806 3808 3726
10550 2 2 2 2 3726 3808 3727
10551 2 2 2 2 3727 3808 3809
10552 2 2 2 2 3809 3728 3727
10553 2 2 2 2 3728 3809 3810
10554 2 2 2 2 3810 3729 3728
10555 2 2 2 2 3729 3810 3811
10556 2 2 2 2 3811 3730 3729
10557 2 2 2 2 3730 3811 3812
10558 2 2 2 2 3812 3731 3730
10559 2 2 2 2 3731 3812 3813
10560 2 2 2 2 3813 3732 3731
10561 2 2 7 7 3761 3741 3822
10562 2 2 6 6 3763 3822 3741
10563 2 2 24 24 3743 3742 3823
10564 2 2 24 24 3823 3742 3759
10565 2 2 24 24 3743 3823 3824
10566 2 2 24 24 3824 3785 3743
10567 2 2 24 24 3825 3758 3744
10568 2 2 7 7 3746 3825 3745
10569 2 2 7 7 3745 3825 3744
10570 2 2 7 7 3747 3748 3826
10571 2 2 7 7 3747 3826 3746
10572 2 2 7 7 3746 3826 3825
10573 2 2 7 7 3827 3748 3749
10574 2 2 7 7 3748 3827 3826
10575 2 2 7 7 3751 3828 3749
10576 2 2 7 7 3827 3749 3828
10577 2 2 7 7 3751 3750 3829
10578 2 2 7 7 3762 3829 3750
10579 2 2 7 7 3828 3751 3829
10580 2 2 24 24 3752 3830 3756
10581 2 2 24 24 3752 3758 3830
10582 2 2 24 24 3759 3753 3831
10583 2 2 24 24 3831 3753 3755
10584 2 2 24 24 3754 3757 3832
10585 2 2 24 24 3755 3832 3831
10586 2 2 24 24 3832 3755 3754
10587 2 2 24 24 3756 3833 3757
10588 2 2 24 24 3833 3756 3830
10589 2 2 24 24 3834 3832 3757
10590 2 2 24 24 3834 3757 3833
10591 2 2 24 24 3835 3830 3758
10592 2 2 24 24 3758 3825 3835
10593 2 2 24 24 3836 3759 3831
10594 2 2 24 24 3759 3836 3823
10595 2 2 7 7 3762 3760 3837
10596 2 2 7 7 3760 3761 3837
10597 2 2 7 7 3838 3837 3761
10598 2 2 7 7 3761 3822 3838
10599 2 2 7 7 3762 3839 3829
10600 2 2 7 7 3762 3837 3839
10601 2 2 6 6 3763 3840 3822
10602 2 2 6 6 3765 3841 3763
10603 2 2 6 6 3841 3840 3763
10604 2 2 6 6 3770 3842 3764
10605 2 2 6 6 3766 3764 3842
10606 2 2 6 6 3766 3843 3765
10607 2 2 6 6 3843 3841 3765
10608 2 2 6 6 3844 3843 3766
10609 2 2 6 6 3844 3766 3842
10610 2 2 6 6 3768 3767 3845
10611 2 2 6 6 3782 3845 3767
10612 2 2 6 6 3846 3768 3845
10613 2 2 6 6 3768 3846 3769
10614 2 2 6 6 3771 3769 3847
10615 2 2 6 6 3847 3769 3846
10616 2 2 6 6 3771 3848 3770
10617 2 2 6 6 3771 3847 3848
10618 2 2 6 6 3770 3848 3842
10619 2 2 2 2 3774 3849 3772
10620 2 2 2 2 3772 3849 3781
10621 2 2 2 2 3850 3781 3849
10622 2 2 2 2 3776 3851 3773
10623 2 2 2 2 3774 3773 3851
10624 2 2 2 2 3774 3851 3849
10625 2 2 2 2 3776 3852 3851
10626 2 2 2 2 3776 3775 3852
10627 2 2 2 2 3775 3777 3852
10628 2 2 2 2 3853 3849 3851
10629 2 2 6 6 3782 3779 3854
10630 2 2 6 6 3778 3854 3779
10631 2 2 6 6 3778 3780 3854
10632 2 2 2 2 3850 3855 3781
10633 2 2 6 6 3780 3855 3854
10634 2 2 6 6 3855 3780 3781
10635 2 2 6 6 3782 3856 3845
10636 2 2 6 6 3856 3782 3854
10637 2 2 24 24 3783 3857 3793
10638 2 2 24 24 3858 3784 3785
10639 2 2 24 24 3784 3858 3783
10640 2 2 24 24 3857 3783 3858
10641 2 2 24 24 3785 3824 3859
10642 2 2 24 24 3785 3859 3858
10643 2 2 2 2 3799 3786 3860
10644 2 2 2 2 3790 3860 3786
10645 2 2 2 2 3861 3789 3787
10646 2 2 2 2 3792 3861 3787
10647 2 2 2 2 3788 3862 3790
10648 2 2 2 2 3788 3789 3862
10649 2 2 2 2 3863 3862 3789
10650 2 2 2 2 3789 3861 3863
10651 2 2 2 2 3790 3864 3860
10652 2 2 2 2 3862 3864 3790
10653 2 2 2 2 3795 3865 3791
10654 2 2 2 2 3792 3865 3861
10655 2 2 2 2 3792 3791 3865
10656 2 2 6 6 3867 3857 3866
10657 2 2 6 6 3867 3793 3857
10658 2 2 2 2 3794 3868 3795
10659 2 2 2 2 3794 3793 3868
10660 2 2 6 6 3867 3868 3793
10661 2 2 2 2 3795 3869 3865
10662 2 2 2 2 3795 3868 3869
10663 2 2 2 2 3870 3800 3796
10664 2 2 2 2 3796 3798 3870
10665 2 2 2 2 3871 3798 3797
10666 2 2 2 2 3799 3871 3797
10667 2 2 2 2 3872 3870 3798
10668 2 2 2 2 3871 3872 3798
10669 2 2 2 2 3799 3873 3871
10670 2 2 2 2 3799 3860 3873
10671 2 2 2 2 3800 3870 3874
10672 2 2 2 2 3875 3801 3800
10673 2 2 2 2 3875 3800 3874
10674 2 2 2 2 3803 3802 3876
10675 2 2 2 2 3875 3876 3801
10676 2 2 2 2 3802 3801 3876
10677 2 2 2 2 3803 3877 3805
10678 2 2 2 2 3803 3876 3877
10679 2 2 2 2 3805 3878 3804
10680 2 2 2 2 3877 3878 3805
10681 2 2 2 2 3807 3804 3878
10682 2 2 2 2 3807 3878 3879
10683 2 2 2 2 3807 3879 3806
10684 2 2 2 2 3806 3879 3808
10685 2 2 2 2 3880 3808 3879
10686 2 2 2 2 3880 3881 3808
10687 2 2 2 2 3881 3809 3808
10688 2 2 2 2 3881 3882 3809
10689 2 2 2 2 3882 3810 3809
10690 2 2 2 2 3810 3882 3883
10691 2 2 2 2 3883 3811 3810
10692 2 2 2 2 3811 3883 3884
10693 2 2 2 2 3884 3812 3811
10694 2 2 2 2 3812 3884 3885
10695 2 2 2 2 3885 3813 3812
10696 2 2 7 7 3838 3822 3895
10697 2 2 6 6 3840 3894 3895
10698 2 2 6 6 3840 3895 3822
10699 2 2 24 24 3896 3823 3836
10700 2 2 24 24 3824 3823 3896
10701 2 2 24 24 3897 3824 3896
10702 2 2 24 24 3824 3897 3859
10703 2 2 24 24 3898 3835 3825
10704 2 2 7 7 3825 3826 3898
10705 2 2 7 7 3827 3828 3899
10706 2 2 7 7 3827 3899 3826
10707 2 2 7 7 3826 3899 3898
10708 2 2 7 7 3839 3900 3829
10709 2 2 7 7 3828 3829 3900
10710 2 2 7 7 3828 3900 3899
10711 2 2 24 24 3833 3830 3901
10712 2 2 24 24 3830 3835 3901
10713 2 2 24 24 3834 3902 3832
10714 2 2 24 24 3832 3902 3831
10715 2 2 24 24 3831 3902 3836
10716 2 2 24 24 3834 3903 3902
10717 2 2 24 24 3834 3833 3903
10718 2 2 24 24 3833 3901 3903
10719 2 2 24 24 3904 3901 3835
10720 2 2 24 24 3835 3898 3904
10721 2 2 24 24 3905 3836 3902
10722 2 2 24 24 3836 3905 3896
10723 2 2 7 7 3838 3895 3906
10724 2 2 7 7 3907 3839 3837
10725 2 2 7 7 3908 3907 3837
10726 2 2 7 7 3908 3837 3838
10727 2 2 7 7 3908 3838 3906
10728 2 2 7 7 3839 3909 3900
10729 2 2 7 7 3907 3909 3839
10730 2 2 6 6 3841 3910 3840
10731 2 2 6 6 3910 3894 3840
10732 2 2 6 6 3843 3911 3841
10733 2 2 6 6 3911 3910 3841
10734 2 2 6 6 3844 3842 3912
10735 2 2 6 6 3912 3842 3848
10736 2 2 6 6 3844 3913 3843
10737 2 2 6 6 3844 3912 3913
10738 2 2 6 6 3911 3843 3913
10739 2 2 6 6 3845 3914 3846
10740 2 2 6 6 3856 3914 3845
10741 2 2 6 6 3915 3847 3846
10742 2 2 6 6 3915 3846 3914
10743 2 2 6 6 3847 3916 3848
10744 2 2 6 6 3915 3916 3847
10745 2 2 6 6 3848 3917 3912
10746 2 2 6 6 3917 3848 3916
10747 2 2 2 2 3918 3855 3850
10748 2 2 2 2 3853 3919 3849
10749 2 2 2 2 3850 3849 3919
10750 2 2 2 2 3920 3850 3919
10751 2 2 2 2 3918 3850 3920
10752 2 2 2 2 3853 3921 3919
10753 2 2 2 2 3853 3851 3921
10754 2 2 2 2 3851 3852 3921
10755 2 2 2 2 3855 3918 3922
10756 2 2 6 6 3856 3922 3914
10757 2 2 6 6 3856 3854 3922
10758 2 2 6 6 3922 3854 3855
10759 2 2 24 24 3858 3859 3923
10760 2 2 24 24 3858 3923 3857
10761 2 2 6 6 3866 3857 3923
10762 2 2 24 24 3859 3897 3924
10763 2 2 24 24 3859 3924 3923
10764 2 2 2 2 3925 3873 3860
10765 2 2 2 2 3860 3864 3925
10766 2 2 2 2 3861 3926 3863
10767 2 2 2 2 3861 3865 3926
10768 2 2 2 2 3862 3927 3864
10769 2 2 2 2 3863 3927 3862
10770 2 2 2 2 3928 3927 3863
10771 2 2 2 2 3928 3863 3926
10772 2 2 2 2 3864 3929 3925
10773 2 2 2 2 3927 3929 3864
10774 2 2 6 6 3866 3923 3930
10775 2 2 2 2 3926 3865 3931
10776 2 2 2 2 3865 3869 3931
10777 2 2 6 6 3866 3930 3932
10778 2 2 6 6 3866 3932 3867
10779 2 2 6 6 3867 3932 3868
10780 2 2 2 2 3869 3868 3933
10781 2 2 2 2 3932 3933 3868
10782 2 2 2 2 3934 3931 3869
10783 2 2 2 2 3869 3933 3934
10784 2 2 2 2 3935 3874 3870
10785 2 2 2 2 3872 3935 3870
10786 2 2 2 2 3872 3936 3935
10787 2 2 2 2 3872 3871 3936
10788 2 2 2 2 3871 3873 3936
10789 2 2 2 2 3873 3937 3936
10790 2 2 2 2 3873 3925 3937
10791 2 2 2 2 3874 3935 3938
10792 2 2 2 2 3875 3874 3939
10793 2 2 2 2 3875 3939 3876
10794 2 2 2 2 3938 3939 3874
10795 2 2 2 2 3939 3940 3876
10796 2 2 2 2 3877 3876 3940
10797 2 2 2 2 3878 3877 3941
10798 2 2 2 2 3877 3940 3941
10799 2 2 2 2 3878 3941 3879
10800 2 2 2 2 3942 3879 3941
10801 2 2 2 2 3942 3943 3879
10802 2 2 2 2 3880 3879 3943
10803 2 2 2 2 3880 3943 3944
10804 2 2 2 2 3880 3944 3881
10805 2 2 2 2 3944 3945 3881
10806 2 2 2 2 3945 3882 3881
10807 2 2 2 2 3882 3945 3946
10808 2 2 2 2 3946 3883 3882
10809 2 2 2 2 3883 3946 3947
10810 2 2 2 2 3947 3884 3883
10811 2 2 2 2 3884 3947 3948
10812 2 2 2 2 3948 3885 3884
10813 2 2 6 6 3910 3957 3894
10814 2 2 6 6 3894 3957 3958
10815 2 2 7 7 3906 3895 3959
10816 2 2 6 6 3894 3958 3959
10817 2 2 6 6 3895 3894 3959
10818 2 2 7 7 3960 3906 3959
10819 2 2 24 24 3897 3961 3924
10820 2 2 24 24 3962 3896 3905
10821 2 2 24 24 3896 3962 3897
10822 2 2 24 24 3961 3897 3962
10823 2 2 24 24 3963 3904 3898
10824 2 2 7 7 3898 3899 3963
10825 2 2 7 7 3909 3964 3900
10826 2 2 7 7 3900 3964 3899
10827 2 2 7 7 3963 3899 3964
10828 2 2 24 24 3965 3903 3901
10829 2 2 24 24 3901 3904 3965
10830 2 2 24 24 3903 3966 3902
10831 2 2 24 24 3903 3965 3966
10832 2 2 24 24 3966 3905 3902
10833 2 2 24 24 3967 3965 3904
10834 2 2 24 24 3904 3963 3967
10835 2 2 24 24 3968 3905 3966
10836 2 2 24 24 3905 3968 3962
10837 2 2 7 7 3908 3969 3907
10838 2 2 7 7 3907 3969 3909
10839 2 2 7 7 3908 3906 3969
10840 2 2 7 7 3906 3960 3969
10841 2 2 7 7 3909 3970 3964
10842 2 2 7 7 3970 3909 3969
10843 2 2 6 6 3911 3971 3910
10844 2 2 6 6 3910 3971 3957
10845 2 2 6 6 3911 3913 3971
10846 2 2 6 6 3972 3957 3971
10847 2 2 6 6 3912 3973 3913
10848 2 2 6 6 3917 3973 3912
10849 2 2 6 6 3974 3971 3913
10850 2 2 6 6 3974 3913 3973
10851 2 2 6 6 3915 3975 3916
10852 2 2 6 6 3914 3975 3915
10853 2 2 6 6 3914 3922 3975
10854 2 2 6 6 3917 3976 3973
10855 2 2 6 6 3916 3976 3917
10856 2 2 6 6 3916 3975 3976
10857 2 2 2 2 3918 3920 3977
10858 2 2 2 2 3918 3977 3922
10859 2 2 2 2 3920 3978 3977
10860 2 2 2 2 3920 3919 3978
10861 2 2 2 2 3919 3921 3978
10862 2 2 2 2 3979 3922 3977
10863 2 2 2 2 3975 3922 3979
10864 2 2 6 6 3930 3923 3980
10865 2 2 6 6 3924 3980 3923
10866 2 2 6 6 3980 3924 3981
10867 2 2 6 6 3981 3924 3961
10868 2 2 2 2 3982 3937 3925
10869 2 2 2 2 3925 3929 3982
10870 2 2 2 2 3928 3926 3983
10871 2 2 2 2 3926 3931 3983
10872 2 2 2 2 3927 3984 3929
10873 2 2 2 2 3928 3984 3927
10874 2 2 2 2 3928 3983 3984
10875 2 2 2 2 3929 3985 3982
10876 2 2 2 2 3929 3984 3985
10877 2 2 6 6 3930 3980 3986
10878 2 2 6 6 3930 3986 3932
10879 2 2 2 2 3987 3983 3931
10880 2 2 2 2 3931 3934 3987
10881 2 2 2 2 3933 3932 3988
10882 2 2 2 2 3986 3988 3932
10883 2 2 2 2 3934 3933 3989
10884 2 2 2 2 3988 3989 3933
10885 2 2 2 2 3990 3987 3934
10886 2 2 2 2 3934 3989 3990
10887 2 2 2 2 3935 3991 3938
10888 2 2 2 2 3935 3936 3991
10889 2 2 2 2 3937 3982 3992
10890 2 2 2 2 3937 3992 3993
10891 2 2 2 2 3993 3991 3936
10892 2 2 2 2 3937 3993 3936
10893 2 2 2 2 3994 3938 3991
10894 2 2 2 2 3994 3995 3938
10895 2 2 2 2 3938 3995 3939
10896 2 2 2 2 3939 3995 3940
10897 2 2 2 2 3940 3995 3996
10898 2 2 2 2 3996 3941 3940
10899 2 2 2 2 3996 3997 3941
10900 2 2 2 2 3942 3941 3997
10901 2 2 2 2 3942 3997 3998
10902 2 2 2 2 3942 3998 3943
10903 2 2 2 2 3943 3998 3999
10904 2 2 2 2 3999 3944 3943
10905 2 2 2 2 3944 3999 4000
10906 2 2 2 2 4000 3945 3944
10907 2 2 2 2 3945 4000 4001
10908 2 2 2 2 4001 3946 3945
10909 2 2 2 2 3946 4001 4002
10910 2 2 2 2 4002 3947 3946
10911 2 2 2 2 3947 4002 4003
10912 2 2 2 2 4003 3948 3947
10913 2 2 6 6 3972 4013 3957
10914 2 2 6 6 3957 4013 3958
10915 2 2 6 6 4014 3958 4013
10916 2 2 7 7 3960 3959 4015
10917 2 2 6 6 4014 4015 3958
10918 2 2 6 6 3959 3958 4015
10919 2 2 7 7 3960 4016 3969
10920 2 2 7 7 3960 4015 4016
10921 2 2 6 6 4012 3981 4017
10922 2 2 6 6 3961 4017 3981
10923 2 2 24 24 4018 3962 3968
10924 2 2 24 24 3962 4018 3961
10925 2 2 6 6 4017 3961 4018
10926 2 2 24 24 3963 4019 3967
10927 2 2 7 7 3964 4019 3963
10928 2 2 7 7 3970 4020 3964
10929 2 2 7 7 4019 3964 4020
10930 2 2 24 24 3965 3967 4021
10931 2 2 24 24 3965 4021 3966
10932 2 2 24 24 3966 4021 3968
10933 2 2 24 24 4022 4021 3967
10934 2 2 24 24 4022 3967 4019
10935 2 2 24 24 4023 3968 4021
10936 2 2 24 24 3968 4023 4018
10937 2 2 7 7 3970 4024 4020
10938 2 2 7 7 3970 3969 4024
10939 2 2 7 7 4016 4024 3969
10940 2 2 6 6 3972 3971 4025
10941 2 2 6 6 3974 4025 3971
10942 2 2 6 6 3972 4026 4013
10943 2 2 6 6 4026 3972 4025
10944 2 2 6 6 4026 4027 4013
10945 2 2 6 6 3974 4028 4025
10946 2 2 6 6 3973 4028 3974
10947 2 2 6 6 3973 3976 4028
10948 2 2 2 2 3979 4029 3975
10949 2 2 2 2 3976 3975 4029
10950 2 2 2 2 4030 3976 4029
10951 2 2 2 2 4030 4028 3976
10952 2 2 2 2 3979 4031 4029
10953 2 2 2 2 3979 3977 4031
10954 2 2 2 2 3977 3978 4031
10955 2 2 6 6 3981 4032 3980
10956 2 2 6 6 3986 3980 4032
10957 2 2 6 6 4012 4032 3981
10958 2 2 2 2 3982 4033 3992
10959 2 2 2 2 3982 3985 4033
10960 2 2 2 2 3983 4034 3984
10961 2 2 2 2 3983 3987 4034
10962 2 2 2 2 4035 3985 3984
10963 2 2 2 2 4034 4035 3984
10964 2 2 2 2 4036 4033 3985
10965 2 2 2 2 4035 4036 3985
10966 2 2 2 2 3988 3986 4037
10967 2 2 2 2 4037 3986 4032
10968 2 2 2 2 4038 4034 3987
10969 2 2 2 2 3987 3990 4038
10970 2 2 2 2 4039 4038 3990
10971 2 2 2 2 3989 3988 4040
10972 2 2 2 2 4037 4040 3988
10973 2 2 2 2 4039 3990 4041
10974 2 2 2 2 3990 3989 4041
10975 2 2 2 2 4040 4041 3989
10976 2 2 2 2 4042 3992 4033
10977 2 2 2 2 3994 3991 4043
10978 2 2 2 2 3991 3993 4043
10979 2 2 2 2 3992 4042 4044
10980 2 2 2 2 4044 4043 3993
10981 2 2 2 2 3993 3992 4044
10982 2 2 2 2 3994 4043 4045
10983 2 2 2 2 3994 4045 3995
10984 2 2 2 2 4045 4046 3995
10985 2 2 2 2 4046 3996 3995
10986 2 2 2 2 4046 4047 3996
10987 2 2 2 2 3997 3996 4047
10988 2 2 2 2 3997 4047 4048
10989 2 2 2 2 4048 3998 3997
10990 2 2 2 2 3998 4048 4049
10991 2 2 2 2 4049 3999 3998
10992 2 2 2 2 3999 4049 4050
10993 2 2 2 2 4050 4000 3999
10994 2 2 2 2 4000 4050 4051
10995 2 2 2 2 4051 4001 4000
10996 2 2 2 2 4001 4051 4052
10997 2 2 2 2 4052 4002 4001
10998 2 2 2 2 4002 4052 4053
10999 2 2 2 2 4053 4003 4002
11000 2 2 6 6 4017 4062 4012
11001 2 2 6 6 4012 4062 4063
11002 2 2 6 6 4012 4063 4032
11003 2 2 6 6 4014 4013 4064
11004 2 2 6 6 4013 4027 4064
11005 2 2 6 6 4014 4064 4065
11006 2 2 6 6 4014 4065 4015
11007 2 2 6 6 4066 4015 4065
11008 2 2 6 6 4066 4016 4015
11009 2 2 6 6 4016 4066 4067
11010 2 2 6 6 4067 4024 4016
11011 2 2 6 6 4062 4017 4068
11012 2 2 6 6 4018 4068 4017
11013 2 2 6 6 4068 4018 4023
11014 2 2 24 24 4022 4019 4069
11015 2 2 7 7 4020 4069 4019
11016 2 2 7 7 4020 4024 4069
11017 2 2 24 24 4022 4070 4021
11018 2 2 24 24 4021 4070 4023
11019 2 2 24 24 4022 4069 4070
11020 2 2 6 6 4023 4071 4068
11021 2 2 6 6 4071 4023 4070
11022 2 2 6 6 4024 4067 4072
11023 2 2 6 6 4072 4069 4024
11024 2 2 6 6 4073 4062 4068
11025 2 2 6 6 4074 4064 4027
11026 2 2 6 6 4026 4075 4027
11027 2 2 6 6 4025 4075 4026
11028 2 2 6 6 4025 4028 4075
11029 2 2 6 6 4027 4076 4074
11030 2 2 6 6 4027 4075 4076
11031 2 2 2 2 4028 4030 4077
11032 2 2 2 2 4077 4075 4028
11033 2 2 2 2 4030 4029 4078
11034 2 2 2 2 4030 4078 4077
11035 2 2 2 2 4029 4031 4078
11036 2 2 2 2 4037 4032 4079
11037 2 2 2 2 4032 4063 4079
11038 2 2 2 2 4033 4080 4042
11039 2 2 2 2 4036 4080 4033
11040 2 2 2 2 4081 4035 4034
11041 2 2 2 2 4038 4081 4034
11042 2 2 2 2 4082 4036 4035
11043 2 2 2 2 4082 4035 4081
11044 2 2 2 2 4036 4083 4080
11045 2 2 2 2 4082 4083 4036
11046 2 2 2 2 4040 4037 4084
11047 2 2 2 2 4079 4084 4037
11048 2 2 2 2 4081 4038 4085
11049 2 2 2 2 4039 4085 4038
11050 2 2 2 2 4039 4086 4085
11051 2 2 2 2 4039 4041 4086
11052 2 2 2 2 4041 4087 4086
11053 2 2 2 2 4041 4040 4087
11054 2 2 2 2 4084 4087 4040
11055 2 2 2 2 4080 4088 4042
11056 2 2 2 2 4089 4044 4042
11057 2 2 2 2 4042 4088 4089
11058 2 2 2 2 4089 4090 4044
11059 2 2 2 2 4044 4090 4043
11060 2 2 2 2 4043 4090 4045
11061 2 2 2 2 4045 4090 4091
11062 2 2 2 2 4045 4091 4046
11063 2 2 2 2 4091 4092 4046
11064 2 2 2 2 4047 4046 4092
11065 2 2 2 2 4092 4093 4047
11066 2 2 2 2 4048 4047 4093
11067 2 2 2 2 4093 4094 4048
11068 2 2 2 2 4094 4049 4048
11069 2 2 2 2 4049 4094 4095
11070 2 2 2 2 4095 4050 4049
11071 2 2 2 2 4050 4095 4096
11072 2 2 2 2 4096 4051 4050
11073 2 2 2 2 4051 4096 4097
11074 2 2 2 2 4097 4052 4051
11075 2 2 2 2 4052 4097 4098
11076 2 2 2 2 4098 4053 4052
11077 2 2 6 6 4062 4073 4107
11078 2 2 6 6 4062 4107 4063
11079 2 2 2 2 4079 4063 4108
11080 2 2 2 2 4063 4107 4108
11081 2 2 6 6 4065 4064 4109
11082 2 2 6 6 4064 4074 4109
11083 2 2 6 6 4110 4066 4065
11084 2 2 6 6 4110 4065 4109
11085 2 2 6 6 4066 4110 4111
11086 2 2 6 6 4066 4111 4067
11087 2 2 6 6 4112 4072 4067
11088 2 2 6 6 4112 4067 4111
11089 2 2 6 6 4071 4113 4068
11090 2 2 6 6 4073 4068 4113
11091 2 2 6 6 4071 4114 4113
11092 2 2 6 6 4070 4114 4071
11093 2 2 6 6 4069 4072 4114
11094 2 2 6 6 4069 4114 4070
11095 2 2 6 6 4115 4072 4112
11096 2 2 6 6 4072 4115 4114
11097 2 2 6 6 4116 4073 4113
11098 2 2 6 6 4073 4116 4107
11099 2 2 6 6 4117 4109 4074
11100 2 2 6 6 4074 4118 4117
11101 2 2 6 6 4074 4076 4118
11102 2 2 2 2 4075 4077 4119
11103 2 2 2 2 4119 4076 4075
11104 2 2 2 2 4076 4119 4120
11105 2 2 2 2 4120 4118 4076
11106 2 2 2 2 4121 4119 4077
11107 2 2 2 2 4077 4078 4121
11108 2 2 2 2 4084 4079 4122
11109 2 2 2 2 4108 4122 4079
11110 2 2 2 2 4080 4123 4088
11111 2 2 2 2 4083 4123 4080
11112 2 2 2 2 4082 4124 4083
11113 2 2 2 2 4082 4081 4124
11114 2 2 2 2 4081 4085 4124
11115 2 2 2 2 4125 4123 4083
11116 2 2 2 2 4125 4083 4124
11117 2 2 2 2 4087 4084 4126
11118 2 2 2 2 4122 4126 4084
11119 2 2 2 2 4085 4127 4124
11120 2 2 2 2 4085 4086 4127
11121 2 2 2 2 4086 4128 4127
11122 2 2 2 2 4086 4087 4128
11123 2 2 2 2 4126 4128 4087
11124 2 2 2 2 4123 4129 4088
11125 2 2 2 2 4088 4129 4130
11126 2 2 2 2 4089 4130 4090
11127 2 2 2 2 4089 4088 4130
11128 2 2 2 2 4130 4131 4090
11129 2 2 2 2 4090 4131 4091
11130 2 2 2 2 4131 4132 4091
11131 2 2 2 2 4092 4091 4132
11132 2 2 2 2 4132 4133 4092
11133 2 2 2 2 4093 4092 4133
11134 2 2 2 2 4133 4134 4093
11135 2 2 2 2 4094 4093 4134
11136 2 2 2 2 4094 4134 4135
11137 2 2 2 2 4135 4095 4094
11138 2 2 2 2 4095 4135 4136
11139 2 2 2 2 4136 4096 4095
11140 2 2 2 2 4096 4136 4137
11141 2 2 2 2 4137 4097 4096
11142 2 2 2 2 4097 4137 4138
11143 2 2 2 2 4138 4098 4097
11144 2 2 2 2 4116 4147 4107
11145 2 2 2 2 4148 4107 4147
11146 2 2 2 2 4108 4107 4148
11147 2 2 2 2 4149 4148 4147
11148 2 2 2 2 4122 4108 4150
11149 2 2 2 2 4148 4150 4108
11150 2 2 6 6 4110 4151 4111
11151 2 2 6 6 4110 4109 4151
11152 2 2 6 6 4109 4117 4151
11153 2 2 6 6 4112 4152 4115
11154 2 2 6 6 4112 4111 4152
11155 2 2 6 6 4111 4151 4152
11156 2 2 6 6 4153 4113 4114
11157 2 2 6 6 4113 4153 4116
11158 2 2 6 6 4115 4154 4114
11159 2 2 6 6 4114 4154 4153
11160 2 2 6 6 4115 4152 4154
11161 2 2 2 2 4147 4116 4155
11162 2 2 2 2 4153 4155 4116
11163 2 2 2 2 4156 4151 4117
11164 2 2 2 2 4117 4157 4156
11165 2 2 2 2 4157 4117 4118
11166 2 2 2 2 4158 4157 4118
11167 2 2 2 2 4159 4118 4120
11168 2 2 2 2 4159 4158 4118
11169 2 2 2 2 4120 4119 4160
11170 2 2 2 2 4120 4160 4159
11171 2 2 2 2 4119 4121 4160
11172 2 2 2 2 4126 4122 4161
11173 2 2 2 2 4150 4161 4122
11174 2 2 2 2 4123 4162 4129
11175 2 2 2 2 4125 4162 4123
11176 2 2 2 2 4125 4163 4162
11177 2 2 2 2 4125 4124 4163
11178 2 2 2 2 4127 4163 4124
11179 2 2 2 2 4128 4126 4164
11180 2 2 2 2 4161 4164 4126
11181 2 2 2 2 4127 4165 4163
11182 2 2 2 2 4127 4128 4165
11183 2 2 2 2 4164 4165 4128
11184 2 2 2 2 4167 4129 4162
11185 2 2 2 2 4167 4162 4166
11186 2 2 2 2 4129 4168 4130
11187 2 2 2 2 4167 4168 4129
11188 2 2 2 2 4168 4169 4130
11189 2 2 2 2 4130 4169 4131
11190 2 2 2 2 4169 4170 4131
11191 2 2 2 2 4170 4132 4131
11192 2 2 2 2 4132 4170 4171
11193 2 2 2 2 4133 4132 4171
11194 2 2 2 2 4133 4171 4172
11195 2 2 2 2 4134 4133 4172
11196 2 2 2 2 4134 4172 4173
11197 2 2 2 2 4173 4135 4134
11198 2 2 2 2 4135 4173 4174
11199 2 2 2 2 4174 4136 4135
11200 2 2 2 2 4136 4174 4175
11201 2 2 2 2 4175 4137 4136
11202 2 2 2 2 4137 4175 4176
11203 2 2 2 2 4176 4138 4137
11204 2 2 2 2 4149 4147 4185
11205 2 2 2 2 4147 4155 4185
11206 2 2 2 2 4149 4186 4148
11207 2 2 2 2 4148 4186 4150
11208 2 2 2 2 4149 4185 4187
11209 2 2 2 2 4149 4187 4186
11210 2 2 2 2 4161 4150 4188
11211 2 2 2 2 4186 4188 4150
11212 2 2 2 2 4151 4156 4189
11213 2 2 2 2 4189 4152 4151
11214 2 2 2 2 4152 4189 4190
11215 2 2 2 2 4190 4154 4152
11216 2 2 2 2 4191 4154 4190
11217 2 2 2 2 4155 4153 4191
11218 2 2 2 2 4191 4153 4154
11219 2 2 2 2 4185 4155 4192
11220 2 2 2 2 4191 4192 4155
11221 2 2 2 2 4193 4189 4156
11222 2 2 2 2 4194 4193 4156
11223 2 2 2 2 4194 4156 4157
11224 2 2 2 2 4157 4195 4194
11225 2 2 2 2 4158 4195 4157
11226 2 2 2 2 4158 4159 4196
11227 2 2 2 2 4158 4196 4195
11228 2 2 2 2 4159 4160 4196
11229 2 2 2 2 4164 4161 4197
11230 2 2 2 2 4188 4197 4161
11231 2 2 2 2 4166 4162 4198
11232 2 2 2 2 4163 4198 4162
11233 2 2 2 2 4163 4165 4198
11234 2 2 2 2 4165 4199 4198
11235 2 2 2 2 4164 4199 4165
11236 2 2 2 2 4197 4199 4164
11237 2 2 2 2 4166 4198 4200
11238 2 2 2 2 4167 4201 4168
11239 2 2 2 2 4166 4200 4201
11240 2 2 2 2 4167 4166 4201
11241 2 2 2 2 4201 4202 4168
11242 2 2 2 2 4168 4202 4169
11243 2 2 2 2 4203 4169 4202
11244 2 2 2 2 4169 4203 4170
11245 2 2 2 2 4170 4203 4204
11246 2 2 2 2 4204 4171 4170
11247 2 2 2 2 4171 4204 4205
11248 2 2 2 2 4205 4172 4171
11249 2 2 2 2 4172 4205 4206
11250 2 2 2 2 4206 4173 4172
11251 2 2 2 2 4173 4206 4207
11252 2 2 2 2 4207 4174 4173
11253 2 2 2 2 4174 4207 4208
11254 2 2 2 2 4208 4175 4174
11255 2 2 2 2 4175 4208 4209
11256 2 2 2 2 4209 4176 4175
11257 2 2 2 2 4187 4185 4218
11258 2 2 2 2 4192 4218 4185
11259 2 2 2 2 4187 4219 4186
11260 2 2 2 2 4188 4186 4219
11261 2 2 2 2 4220 4187 4218
11262 2 2 2 2 4219 4187 4220
11263 2 2 2 2 4197 4188 4221
11264 2 2 2 2 4219 4221 4188
11265 2 2 2 2 4189 4193 4222
11266 2 2 2 2 4190 4189 4222
11267 2 2 2 2 4222 4223 4190
11268 2 2 2 2 4192 4191 4223
11269 2 2 2 2 4190 4223 4191
11270 2 2 2 2 4218 4192 4224
11271 2 2 2 2 4223 4224 4192
11272 2 2 2 2 4225 4222 4193
11273 2 2 2 2 4193 4226 4225
11274 2 2 2 2 4194 4226 4193
11275 2 2 2 2 4194 4195 4226
11276 2 2 2 2 4227 4226 4195
11277 2 2 2 2 4195 4228 4227
11278 2 2 2 2 4195 4196 4228
11279 2 2 2 2 4197 4229 4199
11280 2 2 2 2 4221 4229 4197
11281 2 2 2 2 4200 4198 4230
11282 2 2 2 2 4199 4230 4198
11283 2 2 2 2 4229 4230 4199
11284 2 2 2 2 4231 4200 4230
11285 2 2 2 2 4201 4200 4232
11286 2 2 2 2 4201 4232 4202
11287 2 2 2 2 4231 4232 4200
11288 2 2 2 2 4202 4232 4233
11289 2 2 2 2 4202 4233 4203
11290 2 2 2 2 4203 4233 4234
11291 2 2 2 2 4234 4204 4203
11292 2 2 2 2 4204 4234 4235
11293 2 2 2 2 4235 4205 4204
11294 2 2 2 2 4205 4235 4236
11295 2 2 2 2 4236 4206 4205
11296 2 2 2 2 4206 4236 4237
11297 2 2 2 2 4237 4207 4206
11298 2 2 2 2 4207 4237 4238
11299 2 2 2 2 4238 4208 4207
11300 2 2 2 2 4208 4238 4239
11301 2 2 2 2 4239 4209 4208
11302 2 2 2 2 4220 4218 4248
11303 2 2 2 2 4218 4224 4248
11304 2 2 2 2 4220 4248 4249
11305 2 2 2 2 4220 4249 4219
11306 2 2 2 2 4219 4249 4221
11307 2 2 2 2 4229 4221 4250
11308 2 2 2 2 4249 4250 4221
11309 2 2 2 2 4225 4251 4222
11310 2 2 2 2 4223 4251 4224
11311 2 2 2 2 4222 4251 4223
11312 2 2 2 2 4224 4252 4248
11313 2 2 2 2 4224 4251 4252
11314 2 2 2 2 4225 4253 4251
11315 2 2 2 2 4225 4226 4253
11316 2 2 2 2 4254 4253 4226
11317 2 2 2 2 4254 4226 4227
11318 2 2 2 2 4227 4255 4254
11319 2 2 2 2 4227 4228 4255
11320 2 2 2 2 4256 4255 4228
11321 2 2 2 2 4229 4257 4230
11322 2 2 2 2 4250 4257 4229
11323 2 2 2 2 4231 4230 4258
11324 2 2 2 2 4258 4230 4257
11325 2 2 2 2 4258 4259 4231
11326 2 2 2 2 4231 4259 4232
11327 2 2 2 2 4259 4260 4232
11328 2 2 2 2 4233 4232 4260
11329 2 2 2 2 4233 4260 4261
11330 2 2 2 2 4261 4234 4233
11331 2 2 2 2 4234 4261 4262
11332 2 2 2 2 4262 4235 4234
11333 2 2 2 2 4235 4262 4263
11334 2 2 2 2 4263 4236 4235
11335 2 2 2 2 4236 4263 4264
11336 2 2 2 2 4264 4237 4236
11337 2 2 2 2 4237 4264 4265
11338 2 2 2 2 4265 4238 4237
11339 2 2 2 2 4238 4265 4266
11340 2 2 2 2 4266 4239 4238
11341 2 2 2 2 4252 4275 4248
11342 2 2 2 2 4249 4248 4276
11343 2 2 2 2 4275 4276 4248
11344 2 2 2 2 4250 4249 4276
11345 2 2 2 2 4257 4250 4277
11346 2 2 2 2 4277 4250 4276
11347 2 2 2 2 4253 4278 4251
11348 2 2 2 2 4252 4251 4278
11349 2 2 2 2 4279 4275 4252
11350 2 2 2 2 4279 4252 4278
11351 2 2 2 2 4253 4280 4278
11352 2 2 2 2 4254 4280 4253
11353 2 2 2 2 4254 4255 4280
11354 2 2 2 2 4279 4281 4275
11355 2 2 2 2 4255 4282 4280
11356 2 2 2 2 4255 4256 4282
11357 2 2 2 2 4282 4256 4283
11358 2 2 2 2 4258 4284 4259
11359 2 2 2 2 4258 4257 4284
11360 2 2 2 2 4277 4284 4257
11361 2 2 2 2 4259 4284 4285
11362 2 2 2 2 4259 4285 4260
11363 2 2 2 2 4260 4285 4286
11364 2 2 2 2 4261 4260 4286
11365 2 2 2 2 4261 4286 4287
11366 2 2 2 2 4287 4262 4261
11367 2 2 2 2 4262 4287 4288
11368 2 2 2 2 4288 4263 4262
11369 2 2 2 2 4263 4288 4289
11370 2 2 2 2 4289 4264 4263
11371 2 2 2 2 4264 4289 4290
11372 2 2 2 2 4290 4265 4264
11373 2 2 2 2 4265 4290 4291
11374 2 2 2 2 4291 4266 4265
11375 2 2 2 2 4275 4300 4276
11376 2 2 2 2 4281 4300 4275
11377 2 2 2 2 4301 4276 4300
11378 2 2 2 2 4301 4277 4276
11379 2 2 2 2 4302 4284 4277
11380 2 2 2 2 4301 4302 4277
11381 2 2 2 2 4281 4279 4303
11382 2 2 2 2 4279 4278 4303
11383 2 2 2 2 4278 4280 4303
11384 2 2 2 2 4304 4303 4280
11385 2 2 2 2 4304 4280 4282
11386 2 2 2 2 4281 4305 4300
11387 2 2 2 2 4281 4303 4305
11388 2 2 2 2 4306 4304 4282
11389 2 2 2 2 4283 4306 4282
11390 2 2 2 2 4306 4283 4307
11391 2 2 2 2 4302 4308 4284
11392 2 2 2 2 4285 4284 4308
11393 2 2 2 2 4285 4308 4309
11394 2 2 2 2 4286 4285 4309
11395 2 2 2 2 4286 4309 4310
11396 2 2 2 2 4310 4287 4286
11397 2 2 2 2 4287 4310 4311
11398 2 2 2 2 4311 4288 4287
11399 2 2 2 2 4288 4311 4312
11400 2 2 2 2 4312 4289 4288
11401 2 2 2 2 4289 4312 4313
11402 2 2 2 2 4313 4290 4289
11403 2 2 2 2 4290 4313 4314
11404 2 2 2 2 4314 4291 4290
11405 2 2 2 2 4301 4323 4302
11406 2 2 2 2 4302 4323 4308
11407 2 2 2 2 4301 4300 4323
11408 2 2 2 2 4300 4305 4323
11409 2 2 2 2 4305 4303 4324
11410 2 2 2 2 4324 4303 4304
11411 2 2 2 2 4324 4304 4325
11412 2 2 2 2 4306 4325 4304
11413 2 2 2 2 4305 4326 4323
11414 2 2 2 2 4305 4324 4326
11415 2 2 2 2 4325 4306 4327
11416 2 2 2 2 4307 4327 4306
11417 2 2 2 2 4327 4307 4328
11418 2 2 2 2 4308 4323 4329
11419 2 2 2 2 4308 4329 4309
11420 2 2 2 2 4309 4329 4330
11421 2 2 2 2 4330 4310 4309
11422 2 2 2 2 4310 4330 4331
11423 2 2 2 2 4331 4311 4310
11424 2 2 2 2 4311 4331 4332
11425 2 2 2 2 4332 4312 4311
11426 2 2 2 2 4312 4332 4333
11427 2 2 2 2 4333 4313 4312
11428 2 2 2 2 4313 4333 4334
11429 2 2 2 2 4334 4314 4313
11430 2 2 2 2 4329 4323 4343
11431 2 2 2 2 4326 4343 4323
11432 2 2 2 2 4327 4344 4325
11433 2 2 2 2 4326 4324 4345
11434 2 2 2 2 4325 4345 4324
11435 2 2 2 2 4345 4325 4344
11436 2 2 2 2 4343 4326 4346
11437 2 2 2 2 4345 4346 4326
11438 2 2 2 2 4344 4327 4347
11439 2 2 2 2 4328 4347 4327
11440 2 2 2 2 4347 4328 4348
11441 2 2 2 2 4329 4343 4349
11442 2 2 2 2 4349 4330 4329
11443 2 2 2 2 4330 4349 4350
11444 2 2 2 2 4350 4331 4330
11445 2 2 2 2 4331 4350 4351
11446 2 2 2 2 4351 4332 4331
11447 2 2 2 2 4332 4351 4352
11448 2 2 2 2 4352 4333 4332
11449 2 2 2 2 4333 4352 4353
11450 2 2 2 2 4353 4334 4333
11451 2 2 2 2 4362 4344 4347
11452 2 2 2 2 4346 4363 4343
11453 2 2 2 2 4363 4349 4343
11454 2 2 2 2 4346 4345 4364
11455 2 2 2 2 4345 4344 4364
11456 2 2 2 2 4362 4364 4344
11457 2 2 2 2 4365 4363 4346
11458 2 2 2 2 4365 4346 4364
11459 2 2 2 2 4347 4366 4362
11460 2 2 2 2 4348 4366 4347
11461 2 2 2 2 4366 4348 4367
11462 2 2 2 2 4363 4369 4349
11463 2 2 2 2 4369 4350 4349
11464 2 2 2 2 4369 4370 4350
11465 2 2 2 2 4370 4351 4350
11466 2 2 2 2 4370 4371 4351
11467 2 2 2 2 4371 4352 4351
11468 2 2 2 2 4371 4372 4352
11469 2 2 2 2 4372 4353 4352
11470 2 2 2 2 4381 4362 4366
11471 2 2 2 2 4382 4364 4362
11472 2 2 2 2 4382 4362 4381
11473 2 2 2 2 4365 4383 4363
11474 2 2 2 2 4383 4369 4363
11475 2 2 2 2 4365 4364 4384
11476 2 2 2 2 4365 4384 4383
11477 2 2 2 2 4382 4384 4364
11478 2 2 2 2 4381 4366 4385
11479 2 2 2 2 4367 4385 4366
11480 2 2 2 2 4385 4367 4368
11481 2 2 2 2 4386 4385 4368
11482 2 2 2 2 4386 4368 4387
11483 2 2 2 2 4383 4388 4369
11484 2 2 2 2 4388 4370 4369
11485 2 2 2 2 4388 4389 4370
11486 2 2 2 2 4371 4370 4389
11487 2 2 2 2 4389 4390 4371
11488 2 2 2 2 4390 4372 4371
11489 2 2 2 2 4399 4381 4385
11490 2 2 2 2 4382 4381 4400
11491 2 2 2 2 4399 4400 4381
11492 2 2 2 2 4382 4400 4384
11493 2 2 2 2 4384 4401 4383
11494 2 2 2 2 4388 4383 4401
11495 2 2 2 2 4384 4400 4401
11496 2 2 2 2 4399 4385 4402
11497 2 2 2 2 4386 4402 4385
11498 2 2 2 2 4386 4403 4402
11499 2 2 2 2 4386 4387 4403
11500 2 2 2 2 4401 4405 4388
11501 2 2 2 2 4389 4388 4405
11502 2 2 2 2 4405 4406 4389
11503 2 2 2 2 4390 4389 4406
11504 2 2 2 2 4399 4415 4400
11505 2 2 2 2 4399 4402 4415
11506 2 2 2 2 4401 4400 4416
11507 2 2 2 2 4401 4416 4405
11508 2 2 2 2 4415 4416 4400
11509 2 2 2 2 4417 4415 4402
11510 2 2 2 2 4402 4403 4417
11511 2 2 2 2 4405 4416 4420
11512 2 2 2 2 4405 4420 4406
11513 2 2 2 2 4415 4429 4416
11514 2 2 2 2 4416 4429 4420
11515 2 2 2 2 4415 4417 4429
$EndElements
